Date,Evap_mm_day,Evap_m_day,Evap_volume_m3,Evap_reduced_m3,Water_saved_m3
1998-01-01,4.602586136268036,0.004602586136268036,1196672.3954296892,1196233.0576504208,439.33777926838957
1998-01-02,2.8004793633898895,0.0028004793633898896,728124.6344813713,727857.3159895556,267.3184918157058
1998-01-03,3.3005754737868984,0.003300575473786898,858149.6231845935,857834.5682446033,315.0549399901647
1998-01-04,3.397681238576945,0.0033976812385769447,883397.1220300057,883072.7979031292,324.324126876425
1998-01-05,2.773072422626946,0.0027730724226269457,720998.8298830059,720734.1275083328,264.70237467309926
1998-01-06,2.77425051498177,0.00277425051498177,721305.1338952603,721040.3190663139,264.81482894637156
1998-01-07,4.319483864453096,0.004319483864453096,1123065.8047578048,1122653.4903779302,412.31437987461686
1998-01-08,5.030042831824019,0.00503004283182402,1307811.136274245,1307330.9958093127,480.14046493242495
1998-01-09,4.636428000648139,0.004636428000648139,1205471.280168516,1205028.7120293798,442.5681391363032
1998-01-10,3.766823779691598,0.003766823779691598,979374.1827198155,979014.6222585294,359.56046128610615
1998-01-11,4.3143369507210245,0.004314336950721025,1121727.6071874665,1121315.7841039158,411.82308355066925
1998-01-12,4.51311889628432,0.00451311889628432,1173410.9130339231,1172980.1153096082,430.7977243149653
1998-01-13,3.2650377595696467,0.003265037759569647,848909.8174881082,848598.1547845656,311.6627035426209
1998-01-14,4.784718630349106,0.004784718630349106,1244026.8438907675,1243570.1207366004,456.723154167179
1998-01-15,4.844281267814613,0.004844281267814613,1259513.1296317994,1259050.7209529954,462.4086788040586
1998-01-16,5.043282170489204,0.005043282170489204,1311253.364327193,1310771.9601071726,481.4042200203985
1998-01-17,4.616398209065334,0.004616398209065334,1200263.5343569869,1199822.8781525525,440.65620443434455
1998-01-18,5.500896168645112,0.005500896168645112,1430233.003847729,1429707.9182903562,525.0855573727749
1998-01-19,5.368215515923557,0.005368215515923557,1395736.034140125,1395223.6135544858,512.4205856390763
1998-01-20,4.156231027717135,0.004156231027717136,1080620.0672064554,1080223.3360523211,396.7311541342642
1998-01-21,4.132854287383289,0.004132854287383289,1074542.1147196551,1074147.6149817032,394.49973795190454
1998-01-22,4.297280881947665,0.004297280881947665,1117293.029306393,1116882.8343021777,410.19500421523117
1998-01-23,4.821760491912625,0.004821760491912625,1253657.7278972825,1253197.4689289627,460.2589683197439
1998-01-24,4.845013731284823,0.004845013731284823,1259703.570134054,1259241.0915382805,462.4785957734566
1998-01-25,3.995998566095735,0.003995998566095735,1038959.6271848911,1038578.1909479558,381.43623693531845
1998-01-26,5.4079680141807644,0.005407968014180764,1406071.6836869987,1405555.4685446066,516.2151423920877
1998-01-27,5.40629656945153,0.00540629656945153,1405637.1080573977,1405121.0524620067,516.0555953909643
1998-01-28,4.403912103054222,0.004403912103054222,1145017.1467940977,1144596.773354869,420.37343922862783
1998-01-29,5.33393304393847,0.00533393304393847,1386822.591424002,1386313.4432562308,509.14816777128726
1998-01-30,3.61441814148251,0.00361441814148251,939748.7167854526,939403.7041354744,345.0126499781618
1998-01-31,5.630185375285226,0.005630185375285226,1463848.1975741587,1463310.7707740047,537.4268001539167
1998-02-01,4.211446081740497,0.004211446081740497,1094975.9812525292,1094573.9795703704,402.0016821587924
1998-02-02,5.4761083091524005,0.0054761083091524,1423788.160379624,1423265.440936175,522.719443449052
1998-02-03,5.240960260197518,0.005240960260197518,1362649.6676513548,1362149.3941586318,500.2734927230049
1998-02-04,5.182955890280986,0.005182955890280986,1347568.5314730562,1347073.7947612456,494.7367118105758
1998-02-05,5.378875406961442,0.005378875406961442,1398507.605809975,1397994.1676892552,513.4381207197439
1998-02-06,3.758171436677765,0.003758171436677765,977124.5735362188,976765.8389804243,358.7345557945082
1998-02-07,4.8666921950502235,0.004866692195050224,1265339.9707130583,1264875.4228093247,464.5479037335608
1998-02-08,6.0957361101382945,0.006095736110138294,1584891.3886359564,1584309.522900836,581.8657351203728
1998-02-09,6.261479972396778,0.006261479972396778,1627984.7928231624,1627387.1060825863,597.6867405760568
1998-02-10,6.169534981406366,0.006169534981406366,1604079.095165655,1603490.1849926347,588.9101730203256
1998-02-11,5.463479788419843,0.005463479788419843,1420504.744989159,1419983.2309954483,521.5139937107451
1998-02-12,5.694858176652653,0.005694858176652653,1480663.1259296897,1480119.5258165132,543.6001131765079
1998-02-13,4.9638226585489935,0.004963822658548994,1290593.8912227384,1290120.0717745146,473.8194482238032
1998-02-14,3.0440479909903773,0.0030440479909903772,791452.4776574981,791161.9094324278,290.5682250702521
1998-02-15,3.3260362519534588,0.0033260362519534586,864769.4255078993,864451.9402208375,317.48528706177603
1998-02-16,6.753978296197873,0.006753978296197873,1756034.3570114472,1755389.6590659819,644.6979454653338
1998-02-17,6.608500919036131,0.006608500919036131,1718210.238949394,1717579.42748121,630.8114681839943
1998-02-18,5.111677430028783,0.005111677430028783,1329036.1318074835,1328548.1989488783,487.9328586051706
1998-02-19,6.4458351605443225,0.006445835160544322,1675917.1417415238,1675301.8574597915,615.2842817322817
1998-02-20,6.547754096381116,0.006547754096381116,1702416.0650590903,1701791.0521514053,625.0129076850135
1998-02-21,4.064267054507049,0.004064267054507049,1056709.4341718326,1056321.4813971934,387.9527746392414
1998-02-22,7.266351211052108,0.007266351211052108,1889251.314873548,1888557.7086030878,693.6062704601791
1998-02-23,6.717100159931698,0.006717100159931698,1746446.0415822417,1745804.8638226048,641.177759636892
1998-02-24,7.578608871926521,0.007578608871926521,1970438.3067008955,1969714.8940165571,723.4126843384001
1998-02-25,6.567158750881194,0.006567158750881194,1707461.2752291104,1706834.410058901,626.8651702094357
1998-02-26,7.495258126529377,0.007495258126529377,1948767.112897638,1948051.656421027,715.4564766110852
1998-02-27,5.829334259601591,0.005829334259601591,1515626.9074964137,1515070.4710295226,556.4364668910857
1998-02-28,6.538439771302009,0.006538439771302009,1699994.3405385225,1699370.2167255278,624.1238129946869
1998-03-01,5.864632920709732,0.005864632920709732,1524804.5593845304,1524244.7534998981,559.805884632282
1998-03-02,6.084331207896717,0.006084331207896717,1581926.1140531464,1581345.3369678145,580.7770853319671
1998-03-03,5.880168294491511,0.005880168294491511,1528843.7565677927,1528282.4677610782,561.2888067145832
1998-03-04,5.804972835548154,0.0058049728355481535,1509292.9372425198,1508738.8261843503,554.1110581695102
1998-03-05,6.252472761679579,0.006252472761679579,1625642.9180366904,1625046.0910753421,596.8269613482989
1998-03-06,4.595173298365088,0.004595173298365088,1194745.057574923,1194306.4273847458,438.63019017712213
1998-03-07,7.715810701680663,0.007715810701680663,2006110.7824369725,2005374.27321399,736.5092229824513
1998-03-08,7.65706841469282,0.00765706841469282,1990837.7878201334,1990106.885815604,730.9020045294892
1998-03-09,6.102527189341792,0.006102527189341792,1586657.069228866,1586074.5552543497,582.5139745161869
1998-03-10,6.110298210728792,0.006110298210728792,1588677.5347894859,1588094.2790356355,583.2557538503315
1998-03-11,5.029657074813714,0.005029657074813714,1307710.8394515656,1307230.7358088943,480.103642671369
1998-03-12,3.5419039060272026,0.003541903906027203,920895.0155670728,920556.9247306635,338.09083640924655
1998-03-13,3.7396256035654005,0.0037396256035654007,972302.6569270042,971945.6926553267,356.96427167754155
1998-03-14,4.065024462742083,0.004065024462742083,1056906.3603129415,1056518.3352402416,388.02507269987836
1998-03-15,5.701222594120008,0.005701222594120008,1482317.874471202,1481773.666845433,544.2076257690787
1998-03-16,7.919070619554425,0.007919070619554425,2058958.3610841506,2058202.449777581,755.9113065695856
1998-03-17,6.954423754747143,0.006954423754747144,1808150.1762342574,1807486.3448581477,663.8313761097379
1998-03-18,7.2056103487316925,0.007205610348731692,1873458.69067024,1872770.8823913378,687.808278902201
1998-03-19,8.129485705168184,0.008129485705168185,2113666.283343728,2112890.286960269,775.9963834593073
1998-03-20,6.612226400794539,0.006612226400794539,1719178.86420658,1718547.6971242186,631.1670823614113
1998-03-21,6.812014683246131,0.0068120146832461315,1771123.8176439942,1770473.5798614358,650.2377825584263
1998-03-22,7.290235335051013,0.007290235335051013,1895461.1871132634,1894765.3009945427,695.8861187207513
1998-03-23,8.038578472349643,0.008038578472349643,2090030.4028109072,2089263.0839362666,767.3188746406231
1998-03-24,8.13152670710167,0.00813152670710167,2114196.9438464344,2113420.7526400583,776.1912063760683
1998-03-25,7.190011493662374,0.0071900114936623745,1869402.9883522175,1868716.6690549753,686.3192972422112
1998-03-26,7.121389644808523,0.007121389644808523,1851561.307650216,1850881.538620539,679.7690296769142
1998-03-27,8.699246360375119,0.00869924636037512,2261804.053697531,2260973.671068261,830.3826292701997
1998-03-28,8.024039888419788,0.008024039888419788,2086250.3709891448,2085484.4398884617,765.931100683054
1998-03-29,9.01350759725442,0.00901350759725442,2343511.9752861494,2342651.594992559,860.3802935904823
1998-03-30,8.419692504026283,0.008419692504026284,2189120.051046834,2188316.353104563,803.6979422708973
1998-03-31,8.715292437300423,0.008715292437300423,2265976.03369811,2265144.1193978195,831.914300290402
1998-04-01,9.20098695689303,0.00920098695689303,2392256.6087921876,2391378.3327410636,878.2760511240922
1998-04-02,8.73560410730723,0.00873560410730723,2271257.06789988,2270423.21475831,833.8531415699981
1998-04-03,8.68498299141605,0.008684982991416049,2258095.5777681726,2257266.5566423396,829.0211258330382
1998-04-04,8.751005740430962,0.008751005740430962,2275261.49251205,2274426.169214552,835.323297498282
1998-04-05,8.866188495535585,0.008866188495535585,2305209.0088392524,2304362.6908239285,846.3180153239518
1998-04-06,7.168913859733479,0.007168913859733479,1863917.6035307045,1863233.2980985728,684.3054321317468
1998-04-07,7.135484950177946,0.007135484950177946,1855226.087046266,1854544.9725555861,681.1144906799309
1998-04-08,9.613098735275967,0.009613098735275967,2499405.6711717513,2498488.057177096,917.6139946551993
1998-04-09,8.610038464126314,0.008610038464126314,2238610.000672842,2237788.1333429865,821.8673298554495
1998-04-10,9.390386401721067,0.009390386401721067,2441500.4644474774,2440604.109357956,896.3550895215012
1998-04-11,10.259296432418274,0.010259296432418274,2667417.0724287513,2666437.775924997,979.2965037543327
1998-04-12,8.960863743883811,0.008960863743883812,2329824.573409791,2328969.218211429,855.3551983619109
1998-04-13,9.196082411863458,0.009196082411863458,2390981.427084499,2390103.619194504,877.8078899951652
1998-04-14,8.741278996070713,0.008741278996070714,2272732.5389783857,2271898.144142874,834.3948355116881
1998-04-15,9.839430648710028,0.009839430648710028,2558251.9686646075,2557312.7502594576,939.2184051498771
1998-04-16,9.309856984935038,0.009309856984935038,2420562.81608311,2419674.1478926684,888.66819044156
1998-04-17,8.46266211191775,0.00846266211191775,2200292.149098615,2199484.3495118455,807.7995867696591
1998-04-18,7.624542131189866,0.007624542131189866,1982380.9541093651,1981653.1568865255,727.7972228396684
1998-04-19,8.876473628946162,0.008876473628946162,2307883.1435260023,2307035.8437479176,847.2997780847363
1998-04-20,9.502467006393829,0.009502467006393829,2470641.4216623954,2469734.367969415,907.0536929802038
1998-04-21,7.592811660356456,0.007592811660356456,1974131.0316926786,1973406.2632875901,724.7684050884563
1998-04-22,8.678631980761034,0.008678631980761034,2256444.314997869,2255615.9001048873,828.4148929817602
1998-04-23,9.590530440948928,0.009590530440948928,2493537.9146467214,2492622.4548984007,915.4597483207472
1998-04-24,10.385317445411749,0.010385317445411749,2700182.535807055,2699191.2100244667,991.3257825882174
1998-04-25,9.812925982606378,0.009812925982606378,2551360.7554776585,2550424.0670634313,936.6884142272174
1998-04-26,9.368903423638406,0.009368903423638405,2435914.8901459854,2435020.5857044263,894.3044415591285
1998-04-27,8.665675416134066,0.008665675416134066,2253075.608194857,2252248.430064895,827.1781299617141
1998-04-28,8.591479613133576,0.008591479613133576,2233784.6994147296,2232964.6036116066,820.0958031229675
1998-04-29,8.27601734311694,0.008276017343116941,2151764.509210405,2150974.5257156775,789.9834947274067
1998-04-30,8.84226143818856,0.00884226143818856,2298987.9739290257,2298143.9398601456,844.034068880137
1998-05-01,9.332207088817613,0.009332207088817613,2426373.8430925794,2425483.041483074,890.8016095054336
1998-05-02,9.249903522729428,0.009249903522729428,2404974.915909651,2404091.9705498456,882.9453598055989
1998-05-03,9.42345935976765,0.00942345935976765,2450099.433539589,2449199.921485806,899.5120537830517
1998-05-04,8.923159240265884,0.008923159240265884,2320021.40246913,2319169.6463371185,851.7561320113018
1998-05-05,9.784269068002157,0.009784269068002158,2543909.957680561,2542976.0046991645,933.9529813965783
1998-05-06,10.118771744334577,0.010118771744334577,2630880.65352699,2629914.77074382,965.8827831703238
1998-05-07,10.341481650586543,0.010341481650586543,2688785.229152501,2687798.0876958943,987.1414566067979
1998-05-08,9.727731577175852,0.009727731577175852,2529210.2100657215,2528281.6538449572,928.5562207642943
1998-05-09,10.841130659995905,0.010841130659995904,2818693.9715989353,2817659.1363719767,1034.8352269586176
1998-05-10,10.335189082635132,0.010335189082635133,2687149.1614851346,2686162.6206827573,986.5408023772761
1998-05-11,8.52470721034852,0.008524707210348521,2216423.8746906156,2215610.1526170196,813.7220735959709
1998-05-12,9.103974834549865,0.009103974834549864,2367033.4569829646,2366164.4411801295,869.0158028351143
1998-05-13,8.907879824569578,0.008907879824569578,2316048.75438809,2315198.456745798,850.2976422924548
1998-05-14,7.117143867511483,0.007117143867511483,1850457.4055529856,1849778.0418020615,679.3637509241235
1998-05-15,9.582526023126375,0.009582526023126375,2491456.7660128577,2490542.070322622,914.6956902355887
1998-05-16,8.310008614383857,0.008310008614383857,2160602.2397398027,2159809.0116236405,793.2281161621213
1998-05-17,8.516882074249532,0.008516882074249532,2214389.3393048784,2213576.3641761118,812.975128766615
1998-05-18,9.229859543292052,0.009229859543292052,2399763.4812559336,2398882.4491851255,881.0320708081126
1998-05-19,9.944021422881425,0.009944021422881425,2585445.5699491706,2584496.3678789474,949.2020702231675
1998-05-20,9.379746867508349,0.00937974686750835,2438734.185552171,2437838.8460545787,895.3394975923002
1998-05-21,9.348840872492493,0.009348840872492494,2430698.6268480485,2429806.237468241,892.3893798077479
1998-05-22,9.598489424524038,0.009598489424524037,2495607.2503762497,2494691.030906749,916.2194695007056
1998-05-23,8.056499779026883,0.008056499779026883,2094689.9425469895,2093920.9130021206,769.0295448689722
1998-05-24,8.021634635469189,0.008021634635469189,2085625.0052219892,2084859.3037136395,765.701508349739
1998-05-25,6.774434415493993,0.0067744344154939936,1761352.9480284383,1760706.2974533518,646.6505750864744
1998-05-26,9.021401789236204,0.009021401789236204,2345564.4652014133,2344703.3313712953,861.133830117993
1998-05-27,9.259323351477144,0.009259323351477144,2407424.0713840574,2406540.2268587565,883.8445253008977
1998-05-28,10.096017681721452,0.010096017681721452,2624964.5972475777,2624000.8864431693,963.7108044084162
1998-05-29,10.962021289660886,0.010962021289660886,2850125.53531183,2849079.1605244596,1046.3747873706743
1998-05-30,11.207829085483075,0.011207829085483074,2914035.5622255993,2912965.7239661836,1069.838259415701
1998-05-31,10.830193592051963,0.010830193592051963,2815850.3339335104,2814816.5426994287,1033.791234081611
1998-06-01,11.317312069390976,0.011317312069390975,2942501.1380416537,2941420.8491334952,1080.288908158429
1998-06-02,11.146329668025892,0.011146329668025892,2898045.7136867316,2896981.7458264115,1063.9678603201173
1998-06-03,10.51081910610625,0.01051081910610625,2732812.967587625,2731809.662100742,1003.3054868830368
1998-06-04,8.013384527118706,0.008013384527118706,2083479.9770508637,2082715.0630528776,764.9139979861211
1998-06-05,10.261724935880475,0.010261724935880474,2668048.483328923,2667068.9550134684,979.5283154547215
1998-06-06,9.813364138983749,0.00981336413898375,2551474.6761357747,2550537.945897529,936.7302382458001
1998-06-07,6.952903254560083,0.006952903254560083,1807754.8461856216,1807091.15994817,663.6862374516204
1998-06-08,10.648007735063292,0.010648007735063292,2768482.0111164562,2767465.6103510056,1016.4007654506713
1998-06-09,7.815066692820249,0.00781506669282025,2031917.340133265,2031171.356474512,745.9836587528698
1998-06-10,6.227879360228933,0.006227879360228933,1619248.6336595225,1618654.1542501934,594.4794093291275
1998-06-11,9.291651354280013,0.009291651354280013,2415829.3521128036,2414942.4217326073,886.9303801963106
1998-06-12,9.098345640696715,0.009098345640696715,2365569.866581146,2364701.388110466,868.4784706803039
1998-06-13,7.524485627994233,0.007524485627994233,1956366.2632785006,1955648.016903948,718.2463745526038
1998-06-14,10.858531159394778,0.010858531159394778,2823218.1014426425,2822181.605258879,1036.4961837637238
1998-06-15,10.667790814538682,0.010667790814538681,2773625.611780057,2772607.322629697,1018.2891503600404
1998-06-16,10.457010817904777,0.010457010817904778,2718822.812655242,2717824.643414188,998.1692410539836
1998-06-17,10.385435699906175,0.010385435699906175,2700213.2819756055,2699221.9449050883,991.337070517242
1998-06-18,9.8017921889528,0.009801792188952801,2548465.9691277286,2547530.343484742,935.6256429865025
1998-06-19,10.38522884007408,0.01038522884007408,2700159.4984192606,2699168.181094455,991.3173248055391
1998-06-20,11.259350961527362,0.011259350961527363,2927431.2499971143,2926356.4937403086,1074.7562568057328
1998-06-21,11.4297206970695,0.0114297206970695,2971727.38123807,2970636.362415165,1091.0188229046762
1998-06-22,10.644941183000322,0.010644941183000321,2767684.7075800835,2766668.599530974,1016.1080491095781
1998-06-23,11.547412586860284,0.011547412586860284,3002327.2725836737,3001225.0195346256,1102.2530490481295
1998-06-24,11.4051552565263,0.011405155256526299,2965340.366696838,2964251.6927569564,1088.6739398813806
1998-06-25,11.460577066268531,0.01146057706626853,2979750.037229818,2978656.0730261384,1093.9642036794685
1998-06-26,10.856614527930159,0.010856614527930158,2822719.777261841,2821683.4640292674,1036.3132325736806
1998-06-27,10.831296763895834,0.010831296763895834,2816137.158612917,2815103.262076066,1033.8965368513018
1998-06-28,10.713283202325531,0.010713283202325532,2785453.632604638,2784431.000998964,1022.631605674047
1998-06-29,10.075682205814887,0.010075682205814887,2619677.3735118704,2618715.603821123,961.7696907473728
1998-06-30,8.417319737002211,0.00841731973700221,2188503.1316205747,2187699.6601697076,803.4714508671314
1998-07-01,8.920259800221677,0.008920259800221677,2319267.548057636,2318416.0686903633,851.4793672724627
1998-07-02,9.969061037528233,0.009969061037528234,2591955.8697573408,2591004.2775420193,951.5922153214924
1998-07-03,9.653312749787766,0.009653312749787766,2509861.314944819,2508939.8623395856,921.4526052335277
1998-07-04,8.997231502948994,0.008997231502948995,2339280.1907667387,2338421.3641003734,858.8266663653776
1998-07-05,9.650270046660314,0.009650270046660313,2509070.2121316814,2508149.0499662994,921.1621653819457
1998-07-06,9.663951839819171,0.009663951839819171,2512627.4783529844,2511705.0101982206,922.4681547638029
1998-07-07,10.79441605810231,0.01079441605810231,2806548.175106601,2805517.799000851,1030.3761057499796
1998-07-08,11.144119487807025,0.011144119487807025,2897471.0668298267,2896407.30994126,1063.7568885665387
1998-07-09,11.005462640477875,0.011005462640477874,2861420.2865242474,2860369.76506237,1050.5214618775062
1998-07-10,11.367469758768866,0.011367469758768867,2955542.1372799054,2954457.0605921787,1085.0766877266578
1998-07-11,11.174050649376833,0.011174050649376833,2905253.1688379766,2904186.5548839113,1066.6139540653676
1998-07-12,10.880749804267746,0.010880749804267745,2828994.9491096134,2827956.332055146,1038.6170544675551
1998-07-13,8.864475843284346,0.008864475843284345,2304763.71925393,2303917.5647190525,846.1545348772779
1998-07-14,9.00636562379434,0.00900636562379434,2341655.0621865285,2340795.3636267865,859.6985597419553
1998-07-15,9.518917904041684,0.009518917904041684,2474918.655050838,2474010.0310448585,908.6240059793927
1998-07-16,9.868524182365315,0.009868524182365314,2565816.2874149815,2564874.2918997267,941.9955152547918
1998-07-17,9.691601711772648,0.009691601711772649,2519816.445060889,2518891.3376000957,925.1074607931077
1998-07-18,9.823237621259935,0.009823237621259934,2554041.781527583,2553104.108820549,937.6727070338093
1998-07-19,10.351777311802502,0.010351777311802502,2691462.1010686504,2690473.976844356,988.1242242944427
1998-07-20,10.685890053729445,0.010685890053729444,2778331.4139696555,2777311.397164599,1020.0168050564826
1998-07-21,10.311380526667284,0.010311380526667285,2680958.936933494,2679974.6687660655,984.2681674286723
1998-07-22,10.74580632696952,0.01074580632696952,2793909.645012075,2792883.908926239,1025.73608583631
1998-07-23,10.776519381151983,0.010776519381151983,2801895.039099516,2800866.371312975,1028.6677865409292
1998-07-24,10.691141480659427,0.010691141480659427,2779696.784971451,2778676.2668938106,1020.5180776403286
1998-07-25,10.329298450687206,0.010329298450687207,2685617.597178674,2684631.6186639066,985.9785147672519
1998-07-26,10.921559373627202,0.010921559373627203,2839605.437143073,2838562.924629608,1042.5125134647824
1998-07-27,10.42586823473038,0.01042586823473038,2710725.741029899,2709730.5444900454,995.1965398536995
1998-07-28,10.623068299784151,0.010623068299784152,2761997.7579438793,2760983.7377609503,1014.0201829290017
1998-07-29,10.614119035603993,0.010614119035603994,2759670.9492570385,2758657.783322077,1013.1659349617548
1998-07-30,8.556070364358524,0.008556070364358523,2224578.294733216,2223761.5789039303,816.715829285793
1998-07-31,9.507243172661902,0.0095072431726619,2471883.2248920943,2470975.715292322,907.509599772282
1998-08-01,10.567762725311468,0.010567762725311469,2747618.308580982,2746609.5675666663,1008.7410143157467
1998-08-02,10.220716657039008,0.010220716657039008,2657386.330830142,2656410.7169414083,975.6138887335546
1998-08-03,10.55210853544112,0.01055210853544112,2743548.219214691,2742540.9724639934,1007.2467506974936
1998-08-04,9.278046635674926,0.009278046635674926,2412292.1252754806,2411406.4935275493,885.631747931242
1998-08-05,7.1352921219792815,0.007135292121979281,1855175.9517146132,1854494.8556302618,681.0960843514185
1998-08-06,5.554950290792643,0.005554950290792643,1444287.0756060872,1443756.8303369172,530.245269170031
1998-08-07,9.11542045836764,0.00911542045836764,2370009.3191755866,2369139.2108359034,870.1083396831527
1998-08-08,9.498606857643665,0.009498606857643666,2469637.782987353,2468731.097763127,906.6852242257446
1998-08-09,10.242156232262957,0.010242156232262958,2662960.620388369,2661982.9599946733,977.6603936958127
1998-08-10,10.215020220419996,0.010215020220419996,2655905.2573091993,2654930.1871712483,975.0701379510574
1998-08-11,10.239676634685955,0.010239676634685954,2662315.9250183483,2661338.5013135183,977.4237048299983
1998-08-12,9.971059389153803,0.009971059389153802,2592475.4411799884,2591523.6582129155,951.7829670729116
1998-08-13,8.975096651833665,0.008975096651833665,2333525.129476753,2332668.415682596,856.713794156909
1998-08-14,5.755402463804947,0.0057554024638049464,1496404.640589286,1495855.2612485455,549.3793407406192
1998-08-15,8.258355654177695,0.008258355654177695,2147172.4700862006,2146384.172480008,788.2976061925292
1998-08-16,5.835823682930762,0.005835823682930762,1517314.157561998,1516757.1016501363,557.0559118618257
1998-08-17,6.845593168644526,0.006845593168644526,1779854.2238475766,1779200.780845872,653.4430017047562
1998-08-18,6.350595542914204,0.006350595542914204,1651154.841157693,1650548.6479306133,606.193227079697
1998-08-19,6.640559015964708,0.006640559015964709,1726545.3441508242,1725911.4725914882,633.871559336083
1998-08-20,7.127351709877846,0.007127351709877846,1853111.44456824,1852431.1064323368,680.3381359032355
1998-08-21,5.823963863186628,0.005823963863186628,1514230.6044285232,1513674.6805903944,555.9238381288014
1998-08-22,6.639872845525815,0.006639872845525815,1726366.9398367119,1725733.1337754647,633.8060612471309
1998-08-23,5.021322383092107,0.005021322383092107,1305543.8196039477,1305064.5115455075,479.3080584402196
1998-08-24,5.78489993953733,0.00578489993953733,1504073.984279706,1503521.789270752,552.1950089538004
1998-08-25,6.219733073430477,0.006219733073430478,1617130.5990919243,1616536.8972827194,593.701809204882
1998-08-26,7.388848989228191,0.0073888489892281915,1921100.7371993298,1920395.4379588228,705.2992405069526
1998-08-27,7.746824274307455,0.0077468242743074555,2014174.3113199384,2013434.8417103991,739.4696095392574
1998-08-28,8.230881042830843,0.008230881042830844,2140029.071136019,2139243.396106434,785.675029585138
1998-08-29,7.86056753088959,0.00786056753088959,2043747.5580312933,2042997.231110609,750.326920684427
1998-08-30,6.921416947743979,0.006921416947743979,1799568.4064134345,1798907.725687168,660.6807262664661
1998-08-31,7.274981152322452,0.007274981152322452,1891495.0996038376,1890800.6695662343,694.4300376032479
1998-09-01,7.345643254965223,0.007345643254965223,1909867.246290958,1909166.071234286,701.1750566719566
1998-09-02,6.6190417297831425,0.006619041729783143,1720950.8497436172,1720319.0321071078,631.8176365094259
1998-09-03,5.728130700443952,0.005728130700443952,1489313.9821154275,1488767.2059885317,546.7761268957984
1998-09-04,7.8011001063003835,0.0078011001063003835,2028286.0276380996,2027541.37715355,744.6504845495801
1998-09-05,8.319489799413022,0.008319489799413021,2163067.3478473853,2162273.214708992,794.1331383935176
1998-09-06,7.6950308801606,0.0076950308801606,2000708.028841756,1999973.5031472445,734.525694511598
1998-09-07,7.91248335888234,0.00791248335888234,2057245.6733094084,2056490.390786829,755.2825225794222
1998-09-08,7.582246523254714,0.007582246523254714,1971384.0960462256,1970660.3361315238,723.7599147018045
1998-09-09,7.516612692123095,0.007516612692123095,1954319.2999520046,1953601.805084987,717.4948670174927
1998-09-10,8.202403737694484,0.008202403737694484,2132624.9718005657,2131842.015059271,782.9567412948236
1998-09-11,4.998244818769556,0.004998244818769556,1299543.6528800847,1299066.5476801158,477.105199968908
1998-09-12,5.807455224032024,0.005807455224032024,1509938.3582483262,1509384.010234886,554.348013440147
1998-09-13,8.201511302588367,0.008201511302588367,2132392.9386729756,2131610.0671186703,782.8715543053113
1998-09-14,8.136251656953462,0.008136251656953463,2115425.4308079,2114648.7885835716,776.6422243285924
1998-09-15,8.499858314675688,0.008499858314675687,2209963.1618156787,2209151.8116821875,811.3501334912144
1998-09-16,6.212010052712776,0.0062120100527127756,1615122.6137053217,1614529.6490935686,592.9646117531229
1998-09-17,4.086159516108904,0.0040861595161089045,1062401.4741883152,1062011.4316786493,390.04250966594554
1998-09-18,5.385743831529703,0.005385743831529703,1400293.3961977228,1399779.3024546404,514.0937430823687
1998-09-19,7.307587680084557,0.007307587680084557,1899972.796821985,1899275.254343012,697.5424789728131
1998-09-20,8.257447061515677,0.008257447061515677,2146936.235994076,2146148.025117185,788.2108768909238
1998-09-21,8.172457718256547,0.008172457718256547,2124839.0067467024,2124058.908489157,780.0982575453818
1998-09-22,7.068047162254998,0.007068047162254998,1837692.2621862993,1837017.5849391837,674.6772471156437
1998-09-23,7.044292896061073,0.007044292896061073,1831516.152975879,1830843.743181506,672.4097943729721
1998-09-24,7.507620579288232,0.0075076205792882315,1951981.3506149403,1951264.714085989,716.6365289513487
1998-09-25,8.10351332181321,0.00810351332181321,2106913.4636714347,2106139.9464700893,773.5172013454139
1998-09-26,7.5843361608517155,0.007584336160851715,1971927.401821446,1971203.442441332,723.9593801139854
1998-09-27,7.853957506482873,0.007853957506482873,2042028.951685547,2041279.2557217544,749.6959637925029
1998-09-28,7.689759754567088,0.0076897597545670885,1999337.536187443,1998603.5136458422,734.0225416007452
1998-09-29,7.983175193776057,0.007983175193776056,2075625.5503817745,2074863.520002048,762.0303797265515
1998-09-30,8.173508330745053,0.008173508330745052,2125112.165993714,2124331.9674504283,780.1985432854854
1998-10-01,6.780559784373187,0.006780559784373187,1762945.5439370286,1762298.3086676244,647.2352694042493
1998-10-02,6.6223246850899695,0.00662232468508997,1721804.4181233922,1721172.2871138677,632.1310095244553
1998-10-03,7.185652657010629,0.007185652657010629,1868269.6908227636,1867583.7875963037,685.9032264598645
1998-10-04,6.859766015040281,0.00685976601504028,1783539.163910473,1782884.3680461217,654.7958643513266
1998-10-05,6.270737102984436,0.006270737102984435,1630391.6467759532,1629793.076400161,598.5703757922165
1998-10-06,6.947549169158824,0.006947549169158824,1806362.7839812941,1805699.6088156444,663.1751656497363
1998-10-07,6.57122246478464,0.006571222464784639,1708517.8408440063,1707890.587773823,627.2530701833311
1998-10-08,6.998778045655812,0.006998778045655812,1819682.2918705111,1819014.2266756108,668.0651949003804
1998-10-09,7.427613267389054,0.007427613267389054,1931179.4495211542,1930470.4500539969,708.9994671572931
1998-10-10,7.477143068124778,0.007477143068124778,1944057.1977124421,1943343.470400543,713.727311899187
1998-10-11,5.811676740510507,0.005811676740510507,1511035.952532732,1510481.2015563445,554.7509763874114
1998-10-12,4.84402424705291,0.00484402424705291,1259446.3042337566,1258983.920088753,462.38414500351064
1998-10-13,6.355878268049819,0.006355878268049819,1652528.349692953,1651921.6522057333,606.6974872197025
1998-10-14,7.343006597599373,0.007343006597599373,1909181.715375837,1908480.792000102,700.9233757348265
1998-10-15,6.936289276499056,0.006936289276499056,1803435.2118897547,1802773.1115320693,662.100357685471
1998-10-16,4.257720429564383,0.004257720429564383,1107007.3116867396,1106600.892907625,406.4187791144941
1998-10-17,4.586837587385446,0.004586837587385446,1192577.7727202158,1192139.9382115626,437.8345086532645
1998-10-18,3.736696787340619,0.003736696787340619,971541.164708561,971184.4800057125,356.68470284854993
1998-10-19,2.9821838855056204,0.0029821838855056204,775367.8102314613,775083.1472166175,284.6630148438271
1998-10-20,3.151530552758675,0.003151530552758675,819397.9437172555,819097.1157928337,300.8279244217556
1998-10-21,3.23653068736927,0.00323653068736927,841497.9787160102,841189.0371421593,308.94157385092694
1998-10-22,5.014805024233265,0.005014805024233265,1303849.306300649,1303370.6203537527,478.6859468962066
1998-10-23,5.641331694684697,0.005641331694684697,1466746.2406180212,1466207.749850987,538.4907670342363
1998-10-24,6.153270893038801,0.0061532708930388015,1599850.4321900883,1599263.0744982718,587.35769181652
1998-10-25,6.168842406892472,0.006168842406892473,1603899.025792043,1603310.1817284098,588.8440636331216
1998-10-26,5.377794394364936,0.005377794394364936,1398226.5425348834,1397713.2076017323,513.3349331510253
1998-10-27,5.45442226577722,0.00545442226577722,1418149.7891020773,1417629.1396900965,520.6494119807612
1998-10-28,6.122896680754054,0.006122896680754054,1591953.136996054,1591368.678660942,584.4583351120818
1998-10-29,4.029881870163733,0.004029881870163733,1047769.2862425705,1047384.6156901607,384.6705524098361
1998-10-30,5.0298868499222555,0.005029886849922256,1307770.5809797866,1307290.4554040362,480.1255757503677
1998-10-31,5.778537038933857,0.005778537038933857,1502419.630122803,1501868.0424816504,551.5876411525533
1998-11-01,6.192500176379502,0.006192500176379502,1610050.0458586705,1609458.9435533443,591.1023053261451
1998-11-02,5.500347028877927,0.005500347028877927,1430090.227508261,1429565.1943687764,525.0331394847017
1998-11-03,5.877601876414384,0.005877601876414384,1528176.48786774,1527615.4440373029,561.04383043712
1998-11-04,3.3521484427722545,0.0033521484427722547,871558.5951207862,871238.6173063526,319.97781443363056
1998-11-05,2.946800072789675,0.0029468000727896747,766168.0189253155,765886.733456321,281.2854689945234
1998-11-06,3.1078263538882926,0.0031078263538882925,808034.852010956,807738.1958510831,296.65615987288766
1998-11-07,4.122490062903791,0.004122490062903791,1071847.4163549857,1071453.9059293969,393.51042558881454
1998-11-08,3.67969253344,0.00367969253344,956720.0586944,956368.8153068415,351.2433875584975
1998-11-09,5.188086561583386,0.005188086561583386,1348902.5060116805,1348407.2795539596,495.22645772085525
1998-11-10,5.683238547918679,0.0056832385479186785,1477642.0224588565,1477099.5314920887,542.4909667677712
1998-11-11,5.568862370684389,0.005568862370684389,1447904.2163779412,1447372.6431374734,531.5732404678129
1998-11-12,3.264683267417884,0.0032646832674178843,848817.6495286499,848506.0206629954,311.6288656544639
1998-11-13,2.3634670659979524,0.0023634670659979525,614501.4371594676,614275.8334789699,225.60368049773388
1998-11-14,4.87601061378197,0.00487601061378197,1267762.759583312,1267297.3221941304,465.437389181694
1998-11-15,5.089804086563749,0.005089804086563749,1323349.0625065747,1322863.2175580834,485.8449484913144
1998-11-16,4.87609944693287,0.00487609944693287,1267785.8562025463,1267320.4103338362,465.44586871005595
1998-11-17,4.970685061304816,0.004970685061304816,1292378.115939252,1291903.641443475,474.4744957771618
1998-11-18,3.535303306515949,0.003535303306515949,919178.8596941468,918841.3989149805,337.46077916631475
1998-11-19,2.874624598793958,0.0028746245987939577,747402.395686429,747127.9996946815,274.3959917475004
1998-11-20,2.81084934543842,0.00281084934543842,730820.8298139891,730552.5214602242,268.3083537649363
1998-11-21,4.01791504999937,0.0040179150499993705,1044657.9129998364,1044274.3847348363,383.52826500008814
1998-11-22,5.071682353805224,0.005071682353805224,1318637.4119893583,1318153.2968426764,484.1151466818992
1998-11-23,2.480971927938409,0.002480971927938409,645052.7012639864,644815.8812100044,236.82005398196634
1998-11-24,3.605904723271202,0.0036059047232712017,937535.2280505124,937191.0280450215,344.2000054909149
1998-11-25,4.869633112212897,0.004869633112212897,1266104.6091753533,1265639.7805477013,464.828627652023
1998-11-26,4.7526026602136175,0.004752602660213617,1235676.6916555404,1235223.0341167862,453.65753875416704
1998-11-27,3.850168329791872,0.003850168329791872,1001043.7657458867,1000676.2496682425,367.5160776441917
1998-11-28,4.037039318696588,0.004037039318696588,1049630.222861113,1049244.8690976887,385.35376342432573
1998-11-29,3.1778348443732907,0.0031778348443732905,826237.0595370556,825933.7207483673,303.33878868829925
1998-11-30,5.028410343726616,0.005028410343726616,1307386.6893689202,1306906.7047324013,479.9846365188714
1998-12-01,4.590593459147612,0.004590593459147612,1193554.299378379,1193116.1063546843,438.19302369467914
1998-12-02,4.858143617086296,0.004858143617086296,1263117.340442437,1262653.608539349,463.73190308804624
1998-12-03,3.227067081816748,0.003227067081816748,839037.4412723545,838729.403042694,308.0382296604803
1998-12-04,4.586864190638209,0.004586864190638209,1192584.6895659342,1192146.8525178796,437.8370480546728
1998-12-05,3.14138985634459,0.00314138985634459,816761.3626495934,816461.5027007642,299.85994882916566
1998-12-06,4.892661293700931,0.00489266129370093,1272091.9363622419,1271624.9095899346,467.026772307232
1998-12-07,5.202370497390889,0.0052023704973908885,1352616.329321631,1352119.739397274,496.58992435690016
1998-12-08,4.227588261580826,0.0042275882615808264,1099172.9480110148,1098769.4054843755,403.54252663929947
1998-12-09,4.204534326513251,0.004204534326513251,1093178.924893445,1092777.5829697573,401.3419236878399
1998-12-10,2.668563122836808,0.002668563122836808,693826.4119375701,693571.6854508703,254.72648669977207
1998-12-11,2.9352108306199938,0.002935210830619994,763154.8159611984,762874.6367380769,280.1792231214931
1998-12-12,4.53225532215757,0.00453225532215757,1178386.3837609682,1177953.759377771,432.624383197166
1998-12-13,4.567121674591615,0.004567121674591615,1187451.6353938198,1187015.6828587106,435.9525351091288
1998-12-14,4.165853299686472,0.004165853299686472,1083121.8579184827,1082724.208274727,397.64964375575073
1998-12-15,4.312644656583199,0.004312644656583199,1121287.6107116318,1120875.9491652532,411.6615463786293
1998-12-16,4.040584486158008,0.004040584486158008,1050551.966401082,1050166.2742353,385.69216578197666
1998-12-17,3.758496514250092,0.003758496514250092,977209.0937050239,976850.3281190966,358.7655859272927
1998-12-18,4.742018096358887,0.004742018096358887,1232924.7050533106,1232472.0578593148,452.64719399577007
1998-12-19,4.574554076665033,0.0045745540766650335,1189384.0599329087,1188947.3979412192,436.661991689587
1998-12-20,2.71462312383689,0.00271462312383689,705802.0121975915,705542.8890743153,259.1231232761638
1998-12-21,2.9479177671529655,0.0029479177671529657,766458.6194597711,766177.2273017664,281.3921580046881
1998-12-22,2.192624006585715,0.002192624006585715,570082.2417122859,569872.9457788033,209.2959334825864
1998-12-23,2.3573704003023077,0.002357370400302308,612916.3040786,612691.2823525706,225.0217260294594
1998-12-24,3.2269162748948284,0.0032269162748948285,838998.2314726554,838690.2076382015,308.0238344538957
1998-12-25,3.488704715297767,0.0034887047152977672,907063.2259774195,906730.2132457154,333.01273170416243
1998-12-26,4.1287447608434995,0.0041287447608434995,1073473.63781931,1073079.5303543564,394.1074649535585
1998-12-27,4.007348291150895,0.004007348291150895,1041910.5556992327,1041528.0360794225,382.5196198102785
1998-12-28,4.2324070606066,0.0042324070606066,1100425.835757716,1100021.833254794,404.00250292220153
1998-12-29,4.820414763829134,0.004820414763829134,1253307.8385955747,1252847.7080831209,460.1305124538485
1998-12-30,4.343564224145751,0.004343564224145751,1129326.698277895,1128912.0853181703,414.61295972485095
1998-12-31,2.7114238570422122,0.002711423857042212,704970.2028309752,704711.3850922649,258.81773871032055
1999-01-01,4.8308339089450465,0.0048308339089450465,1256016.816325712,1255555.6912584708,461.12506724125706
1999-01-02,4.715634048139729,0.004715634048139729,1226064.8525163296,1225614.7237997311,450.1287165984977
1999-01-03,2.760122291042973,0.002760122291042973,717631.795671173,717368.3294454569,263.466225716169
1999-01-04,3.894593139399831,0.003894593139399831,1012594.2162439561,1012222.4596161909,371.7566277652513
1999-01-05,4.26272034663,0.00426272034663,1108307.2901238,1107900.3940798622,406.89604393788613
1999-01-06,4.582209408279182,0.004582209408279182,1191374.4461525872,1190937.0534246785,437.39272790867835
1999-01-07,4.2180754259825815,0.004218075425982582,1096699.6107554713,1096296.9762722543,402.6344832170289
1999-01-08,3.4424496152293464,0.0034424496152293464,895036.8999596301,894708.3024875957,328.59747203439474
1999-01-09,4.338647528358108,0.004338647528358108,1128048.3573731082,1127634.2137343574,414.14363875077106
1999-01-10,4.268878890729637,0.004268878890729637,1109908.5115897057,1109501.0276847244,407.4839049812872
1999-01-11,3.6020147103747684,0.0036020147103747683,936523.8246974398,936179.9960113716,343.82868606818374
1999-01-12,4.0523951221370815,0.004052395122137081,1053622.731755641,1053235.9122109402,386.8195447009057
1999-01-13,4.934601196152846,0.004934601196152846,1282996.31099974,1282525.2808730009,471.0301267390605
1999-01-14,4.518488237907195,0.004518488237907195,1174806.9418558707,1174375.631603478,431.31025239266455
1999-01-15,4.608126754992278,0.004608126754992278,1198112.9562979923,1197673.089641468,439.86665652436204
1999-01-16,5.050802517732827,0.005050802517732827,1313208.6546105351,1312726.5325391677,482.12207136745565
1999-01-17,5.294610600645657,0.005294610600645657,1376598.756167871,1376093.3615061503,505.3946617206093
1999-01-18,4.684425753871542,0.004684425753871542,1217950.696006601,1217503.5462636256,447.14974297536537
1999-01-19,4.676294757792426,0.004676294757792425,1215836.6370260306,1215390.2634236107,446.3736024198588
1999-01-20,4.295180139027908,0.004295180139027907,1116746.836147256,1116336.8416685066,409.9944787493441
1999-01-21,6.4178778638863685,0.0064178778638863685,1668648.2446104558,1668035.6289798394,612.6156306164339
1999-01-22,5.717752005589163,0.005717752005589163,1486615.5214531824,1486069.7360199129,545.7854332695715
1999-01-23,5.249897368984303,0.005249897368984303,1364973.3159359188,1364472.189355516,501.1265804027207
1999-01-24,5.334240126363256,0.005334240126363256,1386902.4328544466,1386393.2553742612,509.1774801854044
1999-01-25,6.137510759621381,0.006137510759621381,1595752.7975015591,1595166.9441861545,585.8533154046163
1999-01-26,5.456476169048866,0.005456476169048866,1418683.803952705,1418162.9584863158,520.8454663893208
1999-01-27,4.897029334952287,0.004897029334952287,1273227.6270875947,1272760.1833658842,467.44372171047144
1999-01-28,4.030541703304936,0.004030541703304936,1047940.8428592834,1047556.1093227994,384.7335364840692
1999-01-29,5.169263220007324,0.005169263220007324,1344008.4372019044,1343515.0075177457,493.42968415864743
1999-01-30,6.011120797530306,0.006011120797530306,1562891.4073578794,1562317.6185391778,573.788818701636
1999-01-31,4.181607939241864,0.004181607939241864,1087218.0642028847,1086818.9107071313,399.1534957534168
1999-02-01,4.752377360287859,0.004752377360287859,1235618.1136748432,1235164.4776419916,453.6360328516457
1999-02-02,4.620555853060315,0.004620555853060315,1201344.521795682,1200903.4687252194,441.05307046254165
1999-02-03,5.757858479481846,0.005757858479481846,1497043.20466528,1496493.5908866732,549.6137786067557
1999-02-04,5.690716382106419,0.005690716382106419,1479586.2593476688,1479043.0545876187,543.2047600501683
1999-02-05,4.9777414183824655,0.004977741418382466,1294212.768779441,1293737.6207222885,475.14805715251714
1999-02-06,4.859996505962014,0.004859996505962015,1263599.0915501239,1263135.1827803657,463.9087697581854
1999-02-07,6.175078720499937,0.006175078720499937,1605520.4673299836,1604931.027981854,589.4393481295556
1999-02-08,4.66182430782847,0.0046618243078284695,1212074.320035402,1211629.327703243,444.9923321590759
1999-02-09,6.383867955193836,0.006383867955193836,1659805.6683503974,1659196.2991202427,609.3692301546689
1999-02-10,5.11619941506325,0.00511619941506325,1330211.847916445,1329723.4834138022,488.36450264276937
1999-02-11,6.776245520723286,0.006776245520723286,1761823.8353880544,1761177.0119347367,646.8234533176292
1999-02-12,5.1617333421533775,0.005161733342153378,1342050.6689598782,1341557.9580368064,492.71092307171784
1999-02-13,5.870159382570432,0.005870159382570433,1526241.4394683125,1525681.1060577615,560.333410551073
1999-02-14,6.606844614068485,0.006606844614068485,1717779.599657806,1717148.9462914641,630.6533663419541
1999-02-15,6.385848890525854,0.006385848890525854,1660320.711536722,1659711.1532172807,609.5583194412757
1999-02-16,5.119988434571894,0.005119988434571894,1331196.9929886924,1330708.2668069052,488.72618178720586
1999-02-17,5.729048138194351,0.0057290481381943505,1489552.515930531,1489005.6522300295,546.8637005016208
1999-02-18,6.6157344694523825,0.006615734469452382,1720090.9620576194,1719459.4601141498,631.5019434695132
1999-02-19,6.562628897362473,0.006562628897362473,1706283.5133142432,1705657.080539154,626.4327750892844
1999-02-20,6.850450775359326,0.0068504507753593255,1781117.2015934247,1780463.2949110665,653.9066823581234
1999-02-21,6.121926737779302,0.006121926737779302,1591700.9518226185,1591116.5860729748,584.3657496436499
1999-02-22,6.481521281685342,0.006481521281685341,1685195.5332381888,1684576.8425538933,618.6906842954922
1999-02-23,5.755195451458809,0.005755195451458809,1496350.8173792902,1495801.4577988198,549.3595804704819
1999-02-24,5.104627006324614,0.005104627006324614,1327203.0216443997,1326715.7617808024,487.2598635973409
1999-02-25,5.276616750453628,0.005276616750453628,1371920.3551179431,1371416.6780510594,503.67706688377075
1999-02-26,5.4275159462867935,0.005427515946286794,1411154.1460345665,1410636.064953151,518.0810814155266
1999-02-27,7.6703936531752985,0.007670393653175299,1994302.3498255776,1993570.1758664318,732.1739591457881
1999-02-28,7.452556005965515,0.0074525560059655145,1937664.5615510338,1936953.1811860397,711.3803649940528
1999-03-01,7.737556874299253,0.007737556874299253,2011764.787317806,2011026.2023237455,738.584994060453
1999-03-02,8.105476591430703,0.008105476591430703,2107423.913771983,2106650.2091676234,773.7046043593436
1999-03-03,7.1531515639547365,0.007153151563954736,1859819.4066282315,1859136.6057789188,682.8008493126836
1999-03-04,6.986703452174029,0.0069867034521740295,1816542.8975652477,1815875.9849452104,666.9126200373285
1999-03-05,5.782236737475834,0.005782236737475834,1503381.551743717,1502829.6109495123,551.9407942045946
1999-03-06,6.507464921776809,0.0065074649217768095,1691940.8796619705,1691319.7125392365,621.1671227340121
1999-03-07,4.204945525210541,0.004204945525210542,1093285.8365547408,1092884.4553802672,401.3811744735576
1999-03-08,7.8897969141692315,0.007889796914169231,2051347.197684,2050594.0806857464,753.116998253623
1999-03-09,7.549092640233802,0.007549092640233802,1962764.0864607885,1962043.491235005,720.5952257835306
1999-03-10,5.158191991844186,0.005158191991844186,1341129.9178794883,1340637.5449944097,492.3728850786574
1999-03-11,4.6125646757673575,0.004612564675767357,1199266.8156995128,1198826.5254232667,440.29027624614537
1999-03-12,7.043188441465849,0.00704318844146585,1831228.994781121,1830556.690411962,672.30436915881
1999-03-13,7.878231895953963,0.007878231895953963,2048340.2929480304,2047588.279883363,752.0130646673497
1999-03-14,7.308283026467939,0.0073082830264679394,1900153.5868816643,1899455.978028717,697.6088529473636
1999-03-15,7.968147339796561,0.00796814733979656,2071718.3083471057,2070957.712444388,760.5959027176723
1999-03-16,7.074915738645436,0.007074915738645436,1839478.0920478133,1838802.759163843,675.3328839703463
1999-03-17,5.803575782128202,0.005803575782128202,1508929.7033533324,1508375.7256502656,553.9777030667756
1999-03-18,7.637825058688196,0.007637825058688196,1985834.5152589309,1985105.4501202507,729.0651386801619
1999-03-19,6.989550110631653,0.006989550110631653,1817283.0287642297,1816615.8444176961,667.1843465336133
1999-03-20,6.923412272355409,0.006923412272355409,1800087.1908124064,1799426.319623331,660.8711890752893
1999-03-21,7.917655699967823,0.007917655699967822,2058590.4819916338,2057834.7057455739,755.7762460599188
1999-03-22,8.264432445176288,0.008264432445176289,2148752.435745835,2147963.558082304,788.877663530875
1999-03-23,6.0745266208498085,0.006074526620849808,1579376.9214209502,1578797.080228043,579.8411929071881
1999-03-24,6.71933884526073,0.00671933884526073,1747028.09976779,1746386.7083154568,641.3914523331914
1999-03-25,3.8884935083174015,0.0038884935083174014,1011008.3121625243,1010637.137772287,371.17439023731276
1999-03-26,4.25287853579778,0.00425287853579778,1105748.4193074228,1105342.4627090895,405.9565983333159
1999-03-27,4.232728461288722,0.0042327284612887215,1100509.3999350676,1100105.3667529887,404.03318207897246
1999-03-28,5.164521025965465,0.005164521025965465,1342775.4667510209,1342282.4897308508,492.97702017007396
1999-03-29,3.768748273279339,0.003768748273279339,979874.5510526281,979514.8068896765,359.7441629515961
1999-03-30,5.371601210507393,0.005371601210507393,1396616.3147319222,1396103.570966337,512.7437655851245
1999-03-31,6.6541846012664125,0.006654184601266412,1730087.996329267,1729452.8241458447,635.1721834223717
1999-04-01,5.833270540643363,0.005833270540643362,1516650.3405672743,1516093.5283644556,556.8122028186917
1999-04-02,6.749550123992559,0.006749550123992558,1754883.0322380653,1754238.7569817763,644.2752562889364
1999-04-03,8.720330931685853,0.008720330931685852,2267286.0422383216,2266453.6469908273,832.3952474943362
1999-04-04,7.757452738460393,0.007757452738460393,2016937.7119997023,2016197.2278549212,740.4841447810177
1999-04-05,9.197515353333364,0.009197515353333364,2391353.9918666747,2390476.0471958993,877.9446707754396
1999-04-06,8.002160908489723,0.008002160908489722,2080561.8362073277,2079797.9935547847,763.8426525429823
1999-04-07,5.915558984110729,0.005915558984110729,1538045.3358687896,1537480.668859794,564.6670089955442
1999-04-08,7.397404968382382,0.007397404968382382,1923325.2917794192,1922619.1758317894,706.1159476297908
1999-04-09,7.309529101625329,0.007309529101625329,1900477.5664225856,1899779.8386260972,697.7277964884415
1999-04-10,7.826188420045684,0.007826188420045684,2034808.9892118778,2034061.9439336797,747.0452781980857
1999-04-11,8.237844699518467,0.008237844699518467,2141839.6218748013,2141053.2821325148,786.3397422865964
1999-04-12,5.420432144553367,0.005420432144553368,1409312.3575838755,1408794.9526835526,517.4049003229011
1999-04-13,7.41824762115501,0.0074182476211550104,1928744.3815003028,1928036.2760266734,708.1054736294318
1999-04-14,10.470403806702661,0.010470403806702661,2722304.9897426916,2721305.5420799456,999.4476627460681
1999-04-15,8.835265824406875,0.008835265824406874,2297169.1143457876,2296325.748040059,843.366305728443
1999-04-16,6.637748913076962,0.006637748913076962,1725814.71740001,1725181.1140777748,633.6033222351689
1999-04-17,8.56224193846957,0.008562241938469571,2226182.9040020886,2225365.5990679855,817.3049341030419
1999-04-18,8.685243248933151,0.00868524324893315,2258163.244722619,2257334.1987540224,829.0459685968235
1999-04-19,9.408549741637115,0.009408549741637115,2446222.93282565,2445324.8439627266,898.0888629234396
1999-04-20,9.929676427226221,0.009929676427226222,2581715.8710788176,2580768.0383036705,947.8327751471661
1999-04-21,9.04554409706204,0.00904554409706204,2351841.46523613,2350978.0269129314,863.4383231988177
1999-04-22,9.947064923697232,0.009947064923697232,2586236.8801612803,2585287.3875750625,949.4925862178206
1999-04-23,7.908453695695974,0.007908453695695974,2056197.9608809534,2055443.0630080518,754.8978729015216
1999-04-24,3.441285392232333,0.003441285392232333,894734.2019804067,894405.7156387522,328.48634165443946
1999-04-25,5.106377447024144,0.005106377447024144,1327658.1362262773,1327170.7092751544,487.42695112293586
1999-04-26,9.689176147183087,0.009689176147183088,2519185.798267603,2518260.9223379814,924.8759296215139
1999-04-27,9.345387183148327,0.009345387183148327,2429800.667618565,2428908.6079091127,892.0597094520926
1999-04-28,9.313109199511313,0.009313109199511314,2421408.3918729415,2420519.413243828,888.9786291136406
1999-04-29,5.370480677303092,0.0053704806773030925,1396324.976098804,1395812.3392932094,512.6368055946659
1999-04-30,7.237081648583146,0.007237081648583146,1881641.228631618,1880950.4162740135,690.8123576045036
1999-05-01,5.157376592793968,0.0051573765927939675,1340917.9141264316,1340425.6190749006,492.29505153093487
1999-05-02,7.783410258570745,0.007783410258570745,2023686.6672283937,2022943.7053202633,742.9619081304409
1999-05-03,7.633083427554613,0.007633083427554613,1984601.6911641993,1983873.078635776,728.612528423313
1999-05-04,10.107325284955454,0.010107325284955454,2627904.574088418,2626939.7839218536,964.7901665642858
1999-05-05,10.514751748152472,0.010514751748152472,2733835.4545196425,2732831.7736441907,1003.6808754517697
1999-05-06,9.256701911405683,0.009256701911405683,2406742.4969654777,2405858.902668554,883.5942969238386
1999-05-07,9.881774733612648,0.009881774733612647,2569261.430739288,2568318.1703986535,943.2603406347334
1999-05-08,9.166268835365683,0.009166268835365683,2383229.8971950775,2382354.935146551,874.9620485263877
1999-05-09,7.646938286191695,0.007646938286191695,1988203.9544098407,1987474.0193721484,729.9350376923103
1999-05-10,8.60504906015009,0.00860504906015009,2237312.755639023,2236491.3645704687,821.3910685544834
1999-05-11,8.768058238017339,0.008768058238017339,2279695.141884508,2278858.1908485605,836.9510359475389
1999-05-12,9.130276059308734,0.009130276059308735,2373871.775420271,2373000.2490459145,871.5263743563555
1999-05-13,8.143390287413862,0.008143390287413862,2117281.474727604,2116504.1510885316,777.3236390724778
1999-05-14,6.8833798812850135,0.006883379881285014,1789678.7691341036,1789021.7192188234,657.0499152801931
1999-05-15,7.976737337354779,0.007976737337354779,2073951.7077122426,2073190.2918551909,761.415857051732
1999-05-16,5.782948380047816,0.005782948380047816,1503566.578812432,1503014.5700887074,552.0087237246335
1999-05-17,8.304664026187778,0.008304664026187777,2159212.646808822,2158419.9288579104,792.7179509117268
1999-05-18,8.259109615124139,0.008259109615124138,2147368.499932276,2146580.130357082,788.3695751940832
1999-05-19,9.235388662214481,0.009235388662214482,2401201.0521757654,2400319.4923254093,881.5598503560759
1999-05-20,9.748059213465998,0.009748059213465998,2534495.3955011596,2533564.8989150613,930.4965860983357
1999-05-21,8.862644806513279,0.00886264480651328,2304287.6496934528,2303441.6699393624,845.9797540903091
1999-05-22,9.840603362628688,0.009840603362628687,2558556.8742834586,2557617.5439374316,939.3303460269235
1999-05-23,7.302876396698072,0.007302876396698072,1898747.8631414988,1898050.7703759521,697.0927655466367
1999-05-24,9.720214258668284,0.009720214258668284,2527255.707253754,2526327.86859523,927.8386585242115
1999-05-25,9.263653438957416,0.009263653438957416,2408549.894128928,2407665.636277084,884.2578518441878
1999-05-26,6.842333672360426,0.006842333672360426,1779006.7548137107,1778353.6229457504,653.1318679603282
1999-05-27,9.140364460922783,0.009140364460922782,2376494.7598399236,2375622.270481751,872.489358172752
1999-05-28,9.321590230557,0.009321590230557,2423613.45994482,2422723.671762721,889.7881820988841
1999-05-29,9.37592317792179,0.00937592317792179,2437740.0262596654,2436845.0517506343,894.9745090310462
1999-05-30,10.320432972978717,0.010320432972978716,2683312.5729744663,2682327.4407098666,985.1322645996697
1999-05-31,10.955560753919375,0.010955560753919374,2848445.7960190373,2847400.0379191856,1045.7580998516642
1999-06-01,10.189335097683028,0.010189335097683027,2649227.125397587,2648254.5070214174,972.6183761698194
1999-06-02,7.987334202237585,0.007987334202237585,2076706.892581772,2075944.4652057725,762.4273759995122
1999-06-03,10.348722305005086,0.010348722305005087,2690667.7993013225,2689679.9666913208,987.8326100017875
1999-06-04,10.514905974756566,0.010514905974756565,2733875.553436707,2732871.857839624,1003.6955970828421
1999-06-05,8.693935318043147,0.008693935318043147,2260423.1826912183,2259593.3070250936,829.8756661247462
1999-06-06,9.399699572141769,0.009399699572141769,2443921.88875686,2443024.6446828656,897.2440739944577
1999-06-07,8.906011647147432,0.008906011647147431,2315563.028258332,2314712.908942071,850.1193162612617
1999-06-08,10.620534596792133,0.010620534596792134,2761338.995165955,2760325.2168365,1013.778329454828
1999-06-09,9.64188252231026,0.00964188252231026,2506889.455800668,2505969.0942626316,920.3615380362608
1999-06-10,10.686750649113213,0.010686750649113213,2778555.1687694355,2777535.069816636,1020.0989527995698
1999-06-11,8.94024659051833,0.00894024659051833,2324464.113534766,2323610.7263374594,853.3871973063797
1999-06-12,8.460782387862057,0.008460782387862057,2199803.420844135,2198995.800685575,807.6201585596427
1999-06-13,8.046141430804257,0.008046141430804257,2091996.7720091068,2091228.7312156854,768.0407934214454
1999-06-14,5.803290766429637,0.005803290766429637,1508855.5992717056,1508301.6487746835,553.9504970221315
1999-06-15,5.791632440951998,0.0057916324409519986,1505824.4346475196,1505271.5969906864,552.8376568332314
1999-06-16,8.990683215229346,0.008990683215229346,2337577.63595963,2336719.434357109,858.2016025208868
1999-06-17,7.2040665205699765,0.007204066520569976,1873057.2953481937,1872369.634434711,687.660913482774
1999-06-18,8.968345752842346,0.008968345752842347,2331769.89573901,2330913.826348865,856.0693901451305
1999-06-19,8.183056258113714,0.008183056258113714,2127594.627109566,2126813.517173189,781.1099363765679
1999-06-20,7.592923498621899,0.0075929234986218995,1974160.1096416938,1973435.3305611343,724.7790805594996
1999-06-21,6.201490119837018,0.006201490119837018,1612387.4311576248,1611795.4707213093,591.9604363155086
1999-06-22,6.951194321451868,0.006951194321451868,1807310.5235774857,1806647.0004654715,663.5231120141689
1999-06-23,6.729714758919443,0.006729714758919443,1749725.8373190553,1749083.4554385738,642.3818804814946
1999-06-24,6.762936526354971,0.006762936526354971,1758363.4968522924,1757717.9438030166,645.5530492758844
1999-06-25,9.100574620158111,0.00910057462015811,2366149.401241109,2365280.7100042016,868.6912369071506
1999-06-26,10.159101100278642,0.010159101100278642,2641366.286072447,2640396.553668834,969.7324036131613
1999-06-27,8.798287602767108,0.008798287602767107,2287554.7767194477,2286714.9401531518,839.8365662959404
1999-06-28,9.450950915659055,0.009450950915659055,2457247.2380713546,2456345.10182353,902.1362478244118
1999-06-29,9.12462337233797,0.00912462337233797,2372402.076807872,2371531.0900081955,870.9867996764369
1999-06-30,10.435374925308968,0.010435374925308969,2713197.4805803318,2712201.376583626,996.1039967057295
1999-07-01,10.85193142457216,0.010851931424572159,2821502.1703887614,2820466.304179702,1035.866209059488
1999-07-02,9.39844199744127,0.009398441997441269,2443594.91933473,2442697.7953019603,897.1240327698179
1999-07-03,9.657599910923919,0.009657599910923919,2510975.976840219,2510054.115005957,921.8618342620321
1999-07-04,7.123286393672693,0.007123286393672693,1852054.4623549,1851374.5122719177,679.9500829824246
1999-07-05,6.516162663563975,0.006516162663563975,1694202.2925266335,1693580.2951648885,621.9973617449868
1999-07-06,9.182667872579422,0.009182667872579422,2387493.64687065,2386617.1194594386,876.527411211282
1999-07-07,8.96180443749246,0.008961804437492461,2330069.1537480396,2329213.7087561944,855.4449918451719
1999-07-08,9.051751769819997,0.009051751769819998,2353455.4601531993,2352591.429279403,864.0308737964369
1999-07-09,9.522050876714596,0.009522050876714596,2475733.227945795,2474824.304883325,908.9230624698102
1999-07-10,7.246338542440513,0.007246338542440512,1884048.0210345332,1883356.3250643096,691.6959702235181
1999-07-11,6.301923859640734,0.006301923859640734,1638500.2035065908,1637898.6562130384,601.5472935524303
1999-07-12,9.472081677920405,0.009472081677920406,2462741.2362593054,2461837.0829841206,904.153275184799
1999-07-13,9.809060109263404,0.009809060109263404,2550355.628408485,2549419.3090094505,936.3193990346044
1999-07-14,9.154096104818699,0.0091540961048187,2380064.9872528617,2379191.187146828,873.8001060336828
1999-07-15,9.963251919205787,0.009963251919205787,2590445.498993505,2589494.461284947,951.0377085576765
1999-07-16,10.52682071081404,0.010526820710814039,2736973.38481165,2735968.551898822,1004.8329128278419
1999-07-17,8.634057412347534,0.008634057412347533,2244854.927210359,2244030.7671626573,824.16004770156
1999-07-18,8.678740626293889,0.008678740626293889,2256472.562836411,2255644.137572719,828.4252636921592
1999-07-19,9.487647609670931,0.009487647609670932,2466788.378514442,2465882.739400278,905.6391141642816
1999-07-20,9.537646234748868,0.009537646234748868,2479788.021034706,2478877.609324384,910.4117103219032
1999-07-21,9.242293991346726,0.009242293991346726,2402996.4377501486,2402114.218754722,882.2189954267815
1999-07-22,9.083997278265514,0.009083997278265515,2361839.292349034,2360972.183494804,867.1088542300276
1999-07-23,10.459539662499393,0.010459539662499394,2719480.3122498426,2718481.9016190707,998.4106307718903
1999-07-24,9.969041951138193,0.009969041951138192,2591950.9072959297,2590999.316902491,951.5903934389353
1999-07-25,9.932674564261374,0.009932674564261374,2582495.3867079574,2581547.2677469947,948.1189609626308
1999-07-26,9.874201073008106,0.009874201073008106,2567292.2789821075,2566349.7415818227,942.537400284782
1999-07-27,8.678995360638403,0.008678995360638403,2256538.793765985,2255710.3441867414,828.4495792435482
1999-07-28,10.327140802635435,0.010327140802635436,2685056.608685213,2684070.8361277655,985.7725574476644
1999-07-29,10.004548463912785,0.010004548463912785,2601182.600617324,2600227.6209657574,954.9796515665948
1999-07-30,9.977277312879368,0.009977277312879368,2594092.1013486357,2593139.724852464,952.3764961715788
1999-07-31,8.6621668116335,0.0086621668116335,2252163.37102471,2251336.527807005,826.8432177049108
1999-08-01,9.051514793802461,0.009051514793802461,2353393.84638864,2352529.838135282,864.0082533578388
1999-08-02,9.91521530694344,0.00991521530694344,2577955.9798052944,2577009.5274098474,946.4523954470642
1999-08-03,8.321791839920003,0.008321791839920004,2163665.878379201,2162871.5255005714,794.3528786296956
1999-08-04,9.413092083892247,0.009413092083892247,2447403.9418119844,2446505.4193618344,898.5224501499906
1999-08-05,10.193247388984151,0.010193247388984151,2650244.3211358795,2649271.329313712,972.9918221672997
1999-08-06,10.402656759185136,0.010402656759185136,2704690.7573881354,2703697.7764891884,992.9808989469893
1999-08-07,10.1295084116905,0.0101295084116905,2633672.18703953,2632705.27939263,966.9076469000429
1999-08-08,9.950417460373767,0.009950417460373768,2587108.5396971796,2586158.727096088,949.8126010913402
1999-08-09,10.196413561000936,0.010196413561000936,2651067.5258602435,2650094.231812557,973.2940476862714
1999-08-10,10.292318884370193,0.010292318884370193,2676002.90993625,2675020.461289271,982.4486469794065
1999-08-11,10.474573962413787,0.010474573962413787,2723389.2302275845,2722389.3845045096,999.8457230748609
1999-08-12,10.414868488118469,0.010414868488118468,2707865.8069108017,2706871.660346789,994.146564012859
1999-08-13,10.118005970839944,0.010118005970839944,2630681.5524183856,2629715.742731778,965.8096866076812
1999-08-14,10.128549598892084,0.010128549598892084,2633422.8957119416,2632456.079588084,966.8161238576286
1999-08-15,10.098574751804346,0.010098574751804345,2625629.4354691296,2624665.4805807522,963.9548883773386
1999-08-16,9.643391766188337,0.009643391766188338,2507281.859208968,2506361.3536067395,920.5056022284552
1999-08-17,9.864620568532375,0.009864620568532375,2564801.3478184175,2563859.7249208568,941.6228975607082
1999-08-18,9.218615896476217,0.009218615896476217,2396840.1330838166,2395960.174270233,879.9588135834783
1999-08-19,9.29707946982902,0.009297079469829021,2417240.6621555453,2416353.213637033,887.4485185123049
1999-08-20,9.44870830304729,0.00944870830304729,2456664.1587922955,2455762.2366120443,901.9221802512184
1999-08-21,7.727076381937143,0.007727076381937143,2009039.8593036572,2008302.274720258,737.5845833991189
1999-08-22,7.833972366919135,0.007833972366919136,2036832.8153989753,2036085.0271076467,747.7882913285866
1999-08-23,5.409838210852519,0.005409838210852519,1406557.9348216548,1406041.5411604848,516.3936611700337
1999-08-24,5.186650021579041,0.005186650021579041,1348529.0056105505,1348033.9162771066,495.08933344390243
1999-08-25,7.562699645576053,0.0075626996455760535,1966301.907849774,1965580.013773446,721.8940763280261
1999-08-26,8.318185896475345,0.008318185896475346,2162728.33308359,2161934.324408662,794.0086749279872
1999-08-27,9.129049378253475,0.009129049378253476,2373552.8383459034,2372681.429063833,871.4092820705846
1999-08-28,8.488085919427496,0.008488085919427495,2206902.339051149,2206092.112646325,810.2264048238285
1999-08-29,8.445844087310714,0.008445844087310715,2195919.462700786,2195113.2684709537,806.1942298323847
1999-08-30,8.098280209057764,0.008098280209057764,2105552.8543550186,2104779.836678086,773.0176769327372
1999-08-31,8.489645219094394,0.008489645219094394,2207307.7569645424,2206497.3817174737,810.3752470687032
1999-09-01,8.731215831225752,0.008731215831225752,2270116.1161186956,2269282.6818580357,833.4342606598511
1999-09-02,9.09851270758648,0.00909851270758648,2365613.303972485,2364744.8095545103,868.4944179747254
1999-09-03,9.060353236096946,0.009060353236096946,2355691.8413852057,2354826.9894623337,864.8519228720106
1999-09-04,7.789532285394777,0.0077895322853947764,2025278.394202642,2024534.8479192082,743.5462834336795
1999-09-05,9.076373248128714,0.009076373248128714,2359857.044513466,2358990.6634075865,866.3811058793217
1999-09-06,8.201489080068002,0.008201489080068002,2132387.1608176804,2131604.2913846155,782.869433064945
1999-09-07,9.002564732249171,0.00900256473224917,2340666.8303847844,2339807.494637427,859.3357473574579
1999-09-08,8.82701354656595,0.00882701354656595,2295023.522107147,2294180.94351887,842.5785882771015
1999-09-09,7.209221585388805,0.007209221585388805,1874397.6122010893,1873709.4592132242,688.1529878650326
1999-09-10,9.14115076163034,0.009141150761630341,2376699.1980238887,2375826.6336097377,872.5644141510129
1999-09-11,8.681801536913952,0.008681801536913952,2257268.3995976276,2256439.6821560957,828.7174415318295
1999-09-12,8.179462578177269,0.008179462578177268,2126660.2703260896,2125879.503422807,780.7669032826088
1999-09-13,5.888810913083603,0.005888810913083603,1531090.8374017368,1530528.723617771,562.1137839658186
1999-09-14,7.528904313795643,0.007528904313795643,1957515.1215868671,1956796.4534286587,718.6681582084857
1999-09-15,8.253830174619429,0.008253830174619428,2145995.8454010515,2145207.9797724644,787.865628587082
1999-09-16,8.20274312040798,0.00820274312040798,2132713.211306075,2131930.2221691567,782.9891369184479
1999-09-17,8.39757195886301,0.00839757195886301,2183368.7093043826,2182567.122868752,801.5864356304519
1999-09-18,8.35237543782409,0.00835237543782409,2171617.6138342633,2170820.3416121197,797.2722221435979
1999-09-19,8.279885809176696,0.008279885809176695,2152770.3103859406,2151979.957628534,790.352757406421
1999-09-20,8.146365175192086,0.008146365175192086,2118054.945549942,2117277.3379443013,777.6076056407765
1999-09-21,6.679478224275665,0.006679478224275665,1736664.338311673,1736026.751736899,637.5865747740027
1999-09-22,6.331777696004727,0.006331777696004727,1646262.2009612292,1645657.8039832206,604.3969780085608
1999-09-23,8.201454188135289,0.008201454188135289,2132378.0889151753,2131595.2228127043,782.8661024710163
1999-09-24,8.134643336948928,0.008134643336948928,2115007.2676067213,2114230.7789038518,776.4887028695084
1999-09-25,8.048955352515513,0.008048955352515513,2092728.3916540334,2091960.082258987,768.309395046439
1999-09-26,7.074145903544278,0.007074145903544278,1839277.9349215124,1838602.6755218036,675.2593997088261
1999-09-27,7.468190592921501,0.007468190592921501,1941729.5541595903,1941016.6814021652,712.8727574250661
1999-09-28,8.283800068309253,0.008283800068309253,2153788.017760406,2152997.291369163,790.726391242817
1999-09-29,6.241121138808623,0.006241121138808623,1622691.496090242,1622095.7526929239,595.7433973180596
1999-09-30,7.8264222180242955,0.007826422218024296,2034869.776686317,2034122.7090910384,747.0675952786114
1999-10-01,8.298344759121692,0.008298344759121692,2157569.6373716397,2156777.5226235096,792.1147481300868
1999-10-02,8.218971159299183,0.008218971159299183,2136932.5014177877,2136147.963240752,784.538177035749
1999-10-03,7.1154006747776055,0.007115400674777605,1850004.1754421773,1849324.9780869277,679.1973552496638
1999-10-04,6.523329132035197,0.0065233291320351975,1696065.5743291513,1695442.8928953977,622.6814337535761
1999-10-05,7.320912047209458,0.007320912047209458,1903437.132274459,1902738.317924045,698.8143504140899
1999-10-06,7.959347329138378,0.007959347329138378,2069430.3055759782,2068670.5496743005,759.7559016777668
1999-10-07,7.49944981804351,0.00749944981804351,1949856.9526913124,1949141.0960986824,715.8565926300362
1999-10-08,7.040408261921613,0.007040408261921613,1830506.1480996192,1829834.109111242,672.0389883772004
1999-10-09,7.412793616240232,0.007412793616240232,1927326.3402224602,1926618.7553584047,707.584864055505
1999-10-10,6.897610695841881,0.006897610695841881,1793378.780918889,1792720.3726076374,658.4083112515509
1999-10-11,5.729190355147508,0.005729190355147508,1489589.4923383521,1489042.6150625956,546.8772757565603
1999-10-12,6.713312972822013,0.006713312972822013,1745461.3729337233,1744820.55667832,640.8162554032169
1999-10-13,6.884622764524407,0.006884622764524406,1790001.9187763457,1789344.7502222075,657.1685541381594
1999-10-14,6.686433899330389,0.006686433899330389,1738472.8138259011,1737834.5633003088,638.2505255923606
1999-10-15,7.174336348455179,0.007174336348455179,1865327.4505983465,1864642.6275650049,684.8230333416723
1999-10-16,6.060656704571271,0.006060656704571271,1575770.7431885304,1575192.2259422124,578.5172463180497
1999-10-17,3.7317511286493956,0.0037317511286493956,970255.2934488428,969899.0808316092,356.2126172336284
1999-10-18,4.0948346386173,0.0040948346386173,1064657.006040498,1064266.135450934,390.8705895638559
1999-10-19,5.933853930504669,0.005933853930504669,1542802.021931214,1542235.6085863798,566.4133448342327
1999-10-20,5.960166977428749,0.005960166977428748,1549643.4141314747,1549074.4890866398,568.9250448348466
1999-10-21,6.129220627987584,0.006129220627987584,1593597.363276772,1593012.3012921351,585.0619846368209
1999-10-22,6.418839574519358,0.006418839574519357,1668898.289375033,1668285.5819447627,612.7074302702677
1999-10-23,6.390564347716483,0.006390564347716483,1661546.7304062855,1660936.7219750094,610.0084312760737
1999-10-24,6.691627055744138,0.006691627055744138,1739823.034493476,1739184.2882574855,638.7462359904312
1999-10-25,6.206013298527321,0.006206013298527321,1613563.4576171034,1612971.0654228106,592.3921942927409
1999-10-26,6.725094616734122,0.006725094616734122,1748524.6003508717,1747882.659483974,641.9408668975811
1999-10-27,6.770592614870441,0.006770592614870442,1760354.0798663148,1759707.7960085704,646.28385774442
1999-10-28,6.00431814405966,0.00600431814405966,1561122.7174555114,1560549.5779810222,573.1394744892605
1999-10-29,6.591463975712611,0.006591463975712611,1713780.633685279,1713151.448470819,629.1852144598961
1999-10-30,6.819466202510457,0.006819466202510457,1773061.2126527189,1772410.263588757,650.9490639618598
1999-10-31,6.741393774239878,0.006741393774239878,1752762.3813023684,1752118.8846067584,643.4966956099961
1999-11-01,6.3948497450974795,0.00639484974509748,1662660.9337253447,1662050.5162333986,610.4174919461366
1999-11-02,5.677840854371394,0.005677840854371394,1476238.6221365624,1475696.6464041926,541.9757323698141
1999-11-03,6.0479963726853505,0.00604799637268535,1572479.056898191,1571901.7481381309,577.3087600602303
1999-11-04,5.711131270464047,0.0057111312704640465,1484894.1303206522,1484348.9768666613,545.1534539908171
1999-11-05,6.075609208239419,0.006075609208239419,1579658.394142249,1579078.449611452,579.9445307969581
1999-11-06,5.641299406288145,0.005641299406288145,1466737.8456349177,1466199.357949958,538.4876849597786
1999-11-07,4.092510522597221,0.004092510522597221,1064052.7358752775,1063662.0871331578,390.6487421197817
1999-11-08,5.974995042517804,0.005974995042517804,1553498.711054629,1552928.3706035432,570.3404510857072
1999-11-09,5.596079176370481,0.005596079176370481,1454980.585856325,1454446.4146479724,534.171208352549
1999-11-10,4.376186519921161,0.004376186519921161,1137808.4951795018,1137390.768273279,417.72690622275695
1999-11-11,4.0001892811169215,0.004000189281116922,1040049.2130903996,1039667.3768306562,381.8362597434316
1999-11-12,4.625379181270592,0.004625379181270592,1202598.587130354,1202157.0736512772,441.51347907679155
1999-11-13,5.521827546811395,0.005521827546811396,1435675.162170963,1435148.078618348,527.0835526147857
1999-11-14,4.726281078782629,0.004726281078782629,1228833.0804834834,1228381.9354593873,451.1450240961276
1999-11-15,5.081552370161228,0.0050815523701612285,1321203.6162419193,1320718.5589572873,485.0572846319992
1999-11-16,5.3382561380958276,0.005338256138095828,1387946.5959049151,1387437.035078145,509.56082677002996
1999-11-17,5.762940637852608,0.005762940637852608,1498364.565841678,1497814.466947941,550.0988937369548
1999-11-18,5.235887094265812,0.005235887094265812,1361330.644509111,1360830.855273149,499.78923596208915
1999-11-19,5.106950500185382,0.0051069505001853826,1327807.1300481996,1327319.648396546,487.48165165353566
1999-11-20,5.129253300171791,0.0051292533001717905,1333605.8580446655,1333116.24748932,489.6105553454254
1999-11-21,4.246336593403625,0.004246336593403626,1104047.5142849428,1103642.1821447636,405.33214017911814
1999-11-22,4.366536614919008,0.004366536614919008,1135299.519878942,1134882.7141000396,416.8057789024897
1999-11-23,5.436593503410615,0.005436593503410614,1413514.3108867598,1412995.363311232,518.947575527709
1999-11-24,2.819777669454986,0.0028197776694549857,733142.1940582963,732873.0334553979,269.16060289833695
1999-11-25,4.45144649740972,0.004451446497409721,1157376.0893265274,1156951.1785131712,424.91081335628405
1999-11-26,4.6524455289024615,0.004652445528902462,1209635.83751464,1209191.7404295842,444.09708505589515
1999-11-27,4.737489839336538,0.004737489839336538,1231747.3582274998,1231295.1432762314,452.2149512683973
1999-11-28,4.761138554449063,0.004761138554449064,1237896.0241567565,1237441.5518280761,454.4723286803346
1999-11-29,4.644903188465565,0.004644903188465565,1207674.829001047,1207231.4518666882,443.3771343587432
1999-11-30,4.507575479034869,0.004507575479034869,1171969.624549066,1171539.355969139,430.26857992704026
1999-12-01,4.77965684099491,0.00477965684099491,1242710.7786586767,1242254.5386753245,456.239983352134
1999-12-02,4.4016153924842145,0.004401615392484215,1144420.002045896,1143999.8478381366,420.154207759304
1999-12-03,5.237464894725157,0.0052374648947251575,1361740.872628541,1361240.9327843492,499.93984419177286
1999-12-04,5.829248355821228,0.005829248355821228,1515604.5725135193,1515048.1442465347,556.4282669846434
1999-12-05,4.814059325031385,0.004814059325031385,1251655.4245081602,1251195.9006512442,459.5238569159992
1999-12-06,4.792019846488678,0.004792019846488678,1245925.1600870565,1245467.739998603,457.42008845345117
1999-12-07,3.8682132445577717,0.0038682132445577717,1005735.4435850206,1005366.2050381937,369.2385468268767
1999-12-08,4.973624030240392,0.004973624030240391,1293142.2478625018,1292667.4928287733,474.7550337284338
1999-12-09,5.394892992956911,0.005394892992956911,1402672.178168797,1402157.211096646,514.9670721509028
1999-12-10,4.790962102398392,0.004790962102398392,1245650.1466235819,1245192.8275016125,457.3191219693981
1999-12-11,3.3569758564100174,0.0033569758564100174,872813.7226666046,872493.2840535841,320.4386130204657
1999-12-12,5.023188198986956,0.005023188198986956,1306028.9317366085,1305549.4455775553,479.48615905316547
1999-12-13,4.644984686138759,0.004644984686138759,1207696.0183960774,1207252.6334823952,443.38491368223913
1999-12-14,5.279048035980483,0.005279048035980483,1372552.4893549257,1372048.580210781,503.9091441447381
1999-12-15,3.40777892775827,0.00340777892775827,886022.5212171503,885697.2332199172,325.2879972330993
1999-12-16,4.235443855370271,0.0042354438553702705,1101215.4023962703,1100811.1100174766,404.2923787937034
1999-12-17,4.420847706879159,0.004420847706879159,1149420.4037885813,1148998.4137689443,421.9900196369272
1999-12-18,4.691521813895014,0.0046915218138950145,1219795.6716127037,1219347.8445185262,447.82709417748265
1999-12-19,4.3973995997726645,0.0043973995997726644,1143323.8959408929,1142904.1441497211,419.75179117172956
1999-12-20,4.395655132476477,0.004395655132476478,1142870.3344438842,1142450.7491700498,419.58527383441105
1999-12-21,2.4002016739601633,0.002400201673960163,624052.4352296424,623823.3250637457,229.11016589670908
1999-12-22,1.9865785160745784,0.001986578516074578,516510.4141793903,516320.78622507193,189.62795431836275
1999-12-23,1.7232738621686903,0.0017232738621686902,448051.2041638594,447886.70983626595,164.49432759347837
1999-12-24,2.364185989176401,0.0023641859891764014,614688.3571858644,614462.6848808796,225.6723049847642
1999-12-25,2.2164740312899927,0.0022164740312899927,576283.2481353981,576071.6756085877,211.57252681045793
1999-12-26,1.9355373222097951,0.001935537322209795,503239.70377454674,503054.9479343181,184.75584022863768
1999-12-27,4.429668118027906,0.004429668118027906,1151713.7106872557,1151290.8787192595,422.83196799620055
1999-12-28,4.7263990064472,0.0047263990064472,1228863.741676272,1228412.585395444,451.1562808279414
1999-12-29,4.679612801715371,0.004679612801715371,1216699.3284459964,1216252.6381211937,446.69032480265014
1999-12-30,4.1079242017516195,0.0041079242017516195,1068060.292455421,1067668.1724075247,392.12004789640196
1999-12-31,4.432251395363849,0.004432251395363849,1152385.362794601,1151962.2842410342,423.07855356670916
2000-01-01,4.3292338538449595,0.004329233853844959,1125600.8019996893,1125187.5569389842,413.24506070511416
2000-01-02,3.3803121369133895,0.0033803121369133894,878881.1555974813,878558.4894303534,322.6661671278998
2000-01-03,5.969739483113667,0.005969739483113667,1552132.2656095535,1551562.4268255152,569.838784038322
2000-01-04,4.491363797599021,0.0044913637975990215,1167754.5873757456,1167325.8662745424,428.72110120323487
2000-01-05,4.951816800728117,0.004951816800728117,1287472.3681893104,1286999.6947548182,472.6734344922006
2000-01-06,4.161872316651575,0.004161872316651575,1082086.8023294096,1081689.53268859,397.26964081963524
2000-01-07,2.4645207374847136,0.0024645207374847135,640775.3917460255,640540.1420329923,235.2497130332049
2000-01-08,4.655501750411291,0.0046555017504112915,1210430.4551069357,1209986.066291637,444.3888152986765
2000-01-09,5.472511352093818,0.005472511352093818,1422852.9515443926,1422330.5754468536,522.3760975389741
2000-01-10,5.217554307913337,0.005217554307913337,1356564.1200574676,1356066.0807693403,498.0392881273292
2000-01-11,4.925827933687955,0.004925827933687956,1280715.2627588685,1280245.0700799327,470.1926789358258
2000-01-12,4.102063336790754,0.004102063336790754,1066536.4675655959,1066144.906963915,391.5606016807724
2000-01-13,5.115186660398015,0.005115186660398015,1329948.5317034838,1329460.26387288,488.267830603756
2000-01-14,4.797846677283323,0.004797846677283323,1247440.136093664,1246982.1598077107,457.9762859533075
2000-01-15,4.56364277046192,0.00456364277046192,1186547.1203200992,1186111.4998622113,435.62045788788237
2000-01-16,3.2064374571907153,0.0032064374571907153,833673.738869586,833367.6698314197,306.0690381663153
2000-01-17,4.0510559950361715,0.004051055995036171,1053274.5587094044,1052887.8669904757,386.69171892874874
2000-01-18,5.05391539469964,0.00505391539469964,1314018.0026219063,1313535.5834122752,482.4192096311599
2000-01-19,5.2725546463769275,0.005272554646376927,1370864.208058001,1370360.918737426,503.28932057507336
2000-01-20,5.1927036962952045,0.0051927036962952046,1350102.9610367531,1349607.2938525255,495.66718422761187
2000-01-21,4.684065497155381,0.004684065497155381,1217857.029260399,1217409.9139055659,447.1153548331931
2000-01-22,4.479691975491655,0.004479691975491655,1164719.9136278303,1164292.3066551306,427.6069726997521
2000-01-23,5.93470419360835,0.00593470419360835,1543023.090338171,1542456.5958318566,566.4945063143969
2000-01-24,5.219011219217595,0.005219011219217595,1356942.9169965747,1356444.7386396374,498.1783569373656
2000-01-25,4.820049080781176,0.004820049080781177,1253212.761003106,1252752.665396762,460.0956063438207
2000-01-26,4.769732141764196,0.004769732141764196,1240130.356858691,1239675.0642330179,455.29262567311525
2000-01-27,5.396022197190975,0.005396022197190975,1402965.7712696535,1402450.6964098227,515.0748598307837
2000-01-28,2.3837108051302267,0.0023837108051302266,619764.8093338589,619537.2732963925,227.53603746637236
2000-01-29,4.014542005378014,0.004014542005378014,1043780.9213982837,1043397.7151057334,383.20629255031236
2000-01-30,3.761607835744881,0.003761607835744881,978018.0372936691,977658.9747179549,359.062575714197
2000-01-31,4.871566932054042,0.0048715669320540415,1266607.4023340507,1266142.3891144998,465.01321955095045
2000-02-01,3.449950775105578,0.0034499507751055776,896987.2015274502,896657.8880355903,329.31349185993895
2000-02-02,2.2929581229628715,0.0022929581229628715,596169.1119703467,595950.2386891363,218.8732812103117
2000-02-03,5.267390937547825,0.005267390937547825,1369521.6437624346,1369018.8473413517,502.7964210829232
2000-02-04,5.284564051239821,0.005284564051239821,1373986.6533223535,1373482.2176494654,504.4356728880666
2000-02-05,5.29580642216324,0.00529580642216324,1376909.6697624424,1376404.1609541194,505.50880832294933
2000-02-06,4.74586291218448,0.00474586291218448,1233924.3571679648,1233471.3429688124,453.014199152356
2000-02-07,3.7712245899049788,0.0037712245899049787,980518.3933752945,980158.4128366587,359.9805386358639
2000-02-08,5.558879187866336,0.005558879187866336,1445308.5888452474,1444777.968544983,530.6203002643306
2000-02-09,5.13706518589201,0.00513706518589201,1335636.9483319225,1335146.5920965567,490.356235365849
2000-02-10,5.777747555998951,0.005777747555998951,1502214.3645597273,1501662.8522783113,551.512281415984
2000-02-11,5.318449212315456,0.005318449212315456,1382796.7952020187,1382289.1250363963,507.67016562237404
2000-02-12,4.235640200711492,0.004235640200711492,1101266.452184988,1100862.1410641384,404.3111208495684
2000-02-13,6.744579759594977,0.006744579759594977,1753590.737494694,1752946.936682292,643.8008124020416
2000-02-14,6.321894912951246,0.006321894912951246,1643692.6773673238,1643089.2237459046,603.4536214191467
2000-02-15,5.288774993693787,0.0052887749936937865,1375081.4983603845,1374576.660733888,504.83762649656273
2000-02-16,3.8787768120323545,0.0038787768120323546,1008481.9711284122,1008111.7242410268,370.2468873853795
2000-02-17,5.3234072055097394,0.005323407205509739,1384085.8734325322,1383577.7300039104,508.14342862181365
2000-02-18,7.1250065950251,0.0071250065950251,1852501.714706526,1851821.6004225009,680.1142840250395
2000-02-19,3.9836609165024295,0.0039836609165024295,1035751.8382906317,1035371.5797384616,380.25855217000935
2000-02-20,5.60282664555883,0.0056028266455588295,1456734.9278452958,1456200.1125603216,534.8152849741746
2000-02-21,5.4394124955313705,0.0054394124955313705,1414247.2488381562,1413728.0321770099,519.2166611463763
2000-02-22,6.194644292563741,0.006194644292563741,1610607.5160665726,1610016.2090956052,591.3069709674455
2000-02-23,6.989985288597666,0.0069899852885976655,1817396.175035393,1816728.9491491434,667.2258862496819
2000-02-24,5.51634040392295,0.0055163404039229496,1434248.505019967,1433721.9452400964,526.5597798705567
2000-02-25,6.1099372948227035,0.006109937294822704,1588583.696653903,1588000.4753511173,583.2213027856778
2000-02-26,7.390618568545814,0.007390618568545814,1921560.8278219115,1920855.3596670106,705.4681549009401
2000-02-27,7.256826313634722,0.007256826313634722,1886774.8415450277,1886082.1444693452,692.6970756824594
2000-02-28,7.251125117041177,0.007251125117041177,1885292.530430706,1884600.3775601676,692.1528705384117
2000-03-01,4.121106788565736,0.004121106788565736,1071487.7650270914,1071094.3866413292,393.3783857622184
2000-03-02,7.067943577117728,0.007067943577117729,1837665.3300506095,1836990.6626911664,674.6673594431486
2000-03-03,6.553714217823518,0.0065537142178235175,1703965.6966341145,1703340.114805731,625.581828383496
2000-03-04,6.70115162083723,0.0067011516208372295,1742299.4214176796,1741659.7660186333,639.6553990463726
2000-03-05,7.632679362130114,0.007632679362130114,1984496.6341538297,1983768.0601952886,728.5739585410338
2000-03-06,6.797331951675442,0.006797331951675443,1767306.307435615,1766657.471186562,648.8362490530126
2000-03-07,7.232336172335776,0.007232336172335776,1880407.4048073017,1879717.0454269873,690.3593803143594
2000-03-08,7.429259301451802,0.0074292593014518024,1931607.4183774686,1930898.2617888737,709.1565885948949
2000-03-09,7.157018816333371,0.007157018816333371,1860824.8922466764,1860141.7222505359,683.1699961405247
2000-03-10,7.453222025413156,0.007453222025413157,1937837.7266074207,1937126.2826678413,711.4439395794179
2000-03-11,7.16259137834077,0.0071625913783407704,1862273.7583686004,1861590.0564460722,683.7019225282129
2000-03-12,7.620928747420902,0.007620928747420902,1981441.4743294346,1980714.0220205095,727.4523089251015
2000-03-13,6.980762247603993,0.006980762247603993,1814998.1843770382,1814331.8388719978,666.3455050403718
2000-03-14,4.850884546264615,0.004850884546264615,1261229.9820287998,1260766.943037036,463.03899176372215
2000-03-15,6.99043326322814,0.00699043326322814,1817512.6484393163,1816845.3797918507,667.268647465622
2000-03-16,8.3129802784326,0.0083129802784326,2161374.8723924756,2160581.360617465,793.5117750107311
2000-03-17,6.995598759214654,0.006995598759214654,1818855.6773958101,1818187.9156782601,667.7617175499909
2000-03-18,7.61910382652191,0.00761910382652191,1980966.9948956966,1980239.716783771,727.2781119255815
2000-03-19,7.663859847116594,0.007663859847116594,1992603.5602503144,1991872.0099726727,731.5502776417416
2000-03-20,8.408778421811126,0.008408778421811126,2186282.389670893,2185479.733527407,802.6561434860341
2000-03-21,8.60054974010914,0.00860054974010914,2236142.9324283763,2235321.970840383,820.9615879934281
2000-03-22,7.961820439677334,0.007961820439677334,2070073.314316107,2069313.3223447804,759.9919713265263
2000-03-23,8.101109755468878,0.008101109755468877,2106288.536421908,2105515.2486519017,773.28777000634
2000-03-24,5.756804220171655,0.005756804220171655,1496769.0972446303,1496219.5840998695,549.5131447608583
2000-03-25,6.341573972220657,0.006341573972220657,1648809.2327773708,1648203.9007002441,605.3320771267172
2000-03-26,7.455847949403425,0.007455847949403425,1938520.4668448905,1937808.7722489235,711.6945959669538
2000-03-27,7.608464393379519,0.007608464393379519,1978200.7422786749,1977474.479749031,726.262529643951
2000-03-28,7.818397792546767,0.007818397792546767,2032783.4260621595,2032037.1244347878,746.301627371693
2000-03-29,9.323239829758835,0.009323239829758835,2424042.3557372973,2423152.4100934523,889.9456438450143
2000-03-30,7.645128819683719,0.007645128819683719,1987733.493117767,1987003.7308018822,729.7623158846982
2000-03-31,6.361036791271171,0.006361036791271171,1653869.5657305045,1653262.3758387824,607.1898917220533
2000-04-01,3.989795252390308,0.003989795252390308,1037346.7656214802,1036965.9215190507,380.84410242945887
2000-04-02,4.681212312689496,0.004681212312689496,1217115.201299269,1216668.3582938693,446.84300539968535
2000-04-03,8.601459652748359,0.00860145965274836,2236379.5097145736,2235558.4612712804,821.0484432931989
2000-04-04,8.251056682748176,0.008251056682748177,2145274.737514526,2144487.136628352,787.600886174012
2000-04-05,9.277324458379493,0.009277324458379492,2412104.359178668,2411218.796365844,885.5628128238022
2000-04-06,8.586541288975463,0.008586541288975463,2232500.7351336204,2231681.110715998,819.6244176225737
2000-04-07,9.729828800807827,0.009729828800807827,2529755.488210035,2528826.7317997366,928.7564102984034
2000-04-08,8.16936774528966,0.00816936774528966,2124035.6137753115,2123255.810469739,779.8033055723645
2000-04-09,9.229966296164388,0.009229966296164389,2399791.237002741,2398910.1947418856,881.0422608554363
2000-04-10,6.480519176690237,0.006480519176690237,1684934.9859394615,1684316.3909106452,618.5950288162567
2000-04-11,7.182342125169794,0.007182342125169794,1867408.9525441465,1866723.365323007,685.5872211393435
2000-04-12,4.302863270782248,0.004302863270782248,1118744.4504033844,1118333.7225347662,410.7278686182108
2000-04-13,8.319433712297357,0.008319433712297358,2163052.765197313,2162258.6374126896,794.1277846232988
2000-04-14,9.527198702954777,0.009527198702954777,2477071.662768242,2476162.2483223453,909.414445896633
2000-04-15,8.02828646007536,0.00802828646007536,2087354.4796195938,2086588.143164333,766.3364552608691
2000-04-16,5.912853064020537,0.005912853064020536,1537341.7966453393,1536777.387928723,564.4087166164536
2000-04-17,7.8064954045094,0.0078064954045094,2029688.805172444,2028943.6396821428,745.1654903013259
2000-04-18,8.673148386037761,0.008673148386037761,2255018.580369818,2254190.688910892,827.8914589262567
2000-04-19,8.584491212788858,0.008584491212788859,2231967.715325103,2231148.2865965767,819.4287285264581
2000-04-20,9.325350750844228,0.009325350750844228,2424591.1952194995,2423701.048078636,890.1471408633515
2000-04-21,8.93387250526888,0.00893387250526888,2322806.8513699085,2321954.0726080285,852.7787618800066
2000-04-22,8.963419335384666,0.008963419335384666,2330489.0272000134,2329633.42805882,855.5991411935538
2000-04-23,10.321985079255821,0.010321985079255821,2683716.1206065137,2682730.840186311,985.2804202027619
2000-04-24,9.034128429909439,0.009034128429909439,2348873.391776454,2348011.043130603,862.348645851016
2000-04-25,9.661047410497169,0.009661047410497168,2511872.3267292636,2510950.135815488,922.1909137754701
2000-04-26,9.805118242712377,0.009805118242712376,2549330.743105218,2548394.799975273,935.9431299446151
2000-04-27,9.656829077221987,0.009656829077221988,2510775.560077717,2509853.771823038,921.7882546791807
2000-04-28,7.8419142432125,0.0078419142432125,2038897.7032352502,2038149.1568557096,748.5463795405813
2000-04-29,9.286746401367406,0.009286746401367407,2414554.0643555257,2413667.6021753927,886.4621801329777
2000-04-30,8.873252661413064,0.008873252661413063,2307045.6919673965,2306198.6996453116,846.9923220849596
2000-05-01,4.814326980087928,0.004814326980087927,1251725.0148228612,1251265.4654170529,459.5494058083277
2000-05-02,8.965938664781824,0.008965938664781823,2331144.052843274,2330288.2132206317,855.8396226423793
2000-05-03,9.34925900479978,0.00934925900479978,2430807.3412479428,2429914.9119555047,892.4292924380861
2000-05-04,8.042185393573812,0.008042185393573811,2090968.202329191,2090200.5391575152,767.6631716757547
2000-05-05,9.079703961124421,0.009079703961124421,2360723.0298923496,2359856.330854767,866.6990375826135
2000-05-06,9.806222778307957,0.009806222778307956,2549617.9223600687,2548681.8737971783,936.0485628903843
2000-05-07,10.661524384856085,0.010661524384856085,2771996.340062582,2770978.6490714345,1017.6909911474213
2000-05-08,9.827775826563341,0.00982777582656334,2555221.7149064685,2554283.6090070987,938.1058993698098
2000-05-09,9.867393128569722,0.009867393128569721,2565522.2134281276,2564580.3258771016,941.8875510259531
2000-05-10,9.973632173101203,0.009973632173101203,2593144.3650063127,2592192.336455311,952.0285510015674
2000-05-11,8.06615951416324,0.008066159514163241,2097201.4736824427,2096431.5220719224,769.9516105202492
2000-05-12,9.773798580157289,0.009773798580157289,2541187.630840895,2540254.6773151834,932.9535257117823
2000-05-13,7.4904592838408055,0.0074904592838408056,1947519.4137986095,1946804.415393358,714.9984052514192
2000-05-14,7.743975984577724,0.007743975984577724,2013433.7559902084,2012694.5582628776,739.1977273307275
2000-05-15,10.430604759067888,0.010430604759067888,2711957.237357651,2710961.5886950074,995.6486626435071
2000-05-16,11.296182384394841,0.01129618238439484,2937007.4199426584,2935929.1479590307,1078.2719836276956
2000-05-17,9.186639148783573,0.009186639148783574,2388526.1786837294,2387649.2721961434,876.9064875859767
2000-05-18,8.149604562445125,0.008149604562445125,2118897.1862357324,2118119.2694158456,777.9168198867701
2000-05-19,4.928016608561749,0.004928016608561749,1281284.3182260548,1280813.9166281482,470.40159790660255
2000-05-20,7.4494721624134925,0.007449472162413493,1936862.762227508,1936151.6762294064,711.0859981016256
2000-05-21,9.10575538742452,0.00910575538742452,2367496.400730375,2366627.2149656704,869.185764704831
2000-05-22,10.471253552485328,0.010471253552485328,2722525.923646185,2721526.394871339,999.5287748458795
2000-05-23,10.604767017690259,0.010604767017690258,2757239.4245994673,2756227.1513571483,1012.2732423190027
2000-05-24,11.167006072986078,0.01116700607298608,2903421.5789763806,2902355.6374591705,1065.9415172100998
2000-05-25,9.502054593662386,0.009502054593662386,2470534.1943522203,2469627.180025911,907.0143263093196
2000-05-26,8.493961063020052,0.008493961063020052,2208429.876385214,2207619.0891712136,810.7872140002437
2000-05-27,7.7238952939993935,0.007723895293999393,2008212.7764398423,2007475.4955057544,737.2809340879321
2000-05-28,9.138346183649922,0.009138346183649922,2375970.0077489796,2375097.711044552,872.2967044278048
2000-05-29,9.658867754253293,0.009658867754253293,2511305.6161058564,2510383.6332501825,921.9828556738794
2000-05-30,10.685580404347661,0.010685580404347661,2778250.905130392,2777230.9178827773,1019.9872476146556
2000-05-31,9.089043058158918,0.009089043058158918,2363151.1951213186,2362283.6046244497,867.5904968688264
2000-06-01,7.408475294910372,0.007408475294910372,1926203.5766766965,1925496.404016052,707.1726606446318
2000-06-02,5.5416313894224,0.0055416313894224,1440824.1612498239,1440295.187330364,528.9739194598515
2000-06-03,7.452189051865371,0.007452189051865371,1937569.1534849964,1936857.8081474402,711.3453375562094
2000-06-04,9.300068622004398,0.009300068622004398,2418017.8417211436,2417130.1078744614,887.7338466821238
2000-06-05,7.131767225305411,0.00713176722530541,1854259.4785794066,1853578.718962474,680.7596169325989
2000-06-06,9.632404963052872,0.009632404963052872,2504425.290393747,2503505.833531846,919.456861901097
2000-06-07,9.751412223366511,0.009751412223366512,2535367.178075293,2534436.36142915,930.8166461428627
2000-06-08,7.808898236799552,0.007808898236799552,2030313.5415678835,2029568.1467163118,745.3948515716475
2000-06-09,7.952233536773533,0.007952233536773533,2067580.7195611186,2066821.6427032757,759.0768578429706
2000-06-10,8.255142021272123,0.008255142021272123,2146336.925530752,2145548.934680436,787.9908503163606
2000-06-11,8.996595123933185,0.008996595123933184,2339114.732222628,2338255.966301534,858.7659210939892
2000-06-12,7.937105794130047,0.007937105794130046,2063647.506473812,2062889.8736278054,757.6328460066579
2000-06-13,6.7487442497175865,0.006748744249717586,1754673.5049265723,1754029.306594648,644.1983319243882
2000-06-14,9.437674326828168,0.009437674326828167,2453795.3249753234,2452894.456038285,900.8689370383509
2000-06-15,8.312803402076137,0.008312803402076137,2161328.8845397956,2160535.3896484375,793.4948913580738
2000-06-16,9.723004251650524,0.009723004251650524,2527981.105429136,2527053.000453093,928.1049760431051
2000-06-17,6.697307609317626,0.006697307609317626,1741299.9784225828,1740660.6899519186,639.2884706642944
2000-06-18,5.6052105115544615,0.005605210511554461,1457354.73300416,1456819.6901683349,535.0428358251229
2000-06-19,9.26262480381134,0.00926262480381134,2408282.448990948,2407398.289327007,884.1596639412455
2000-06-20,9.425019064075684,0.009425019064075684,2450504.956659678,2449605.2957250252,899.6609346526675
2000-06-21,10.218213088772544,0.010218213088772543,2656735.403080861,2655760.028169105,975.3749117562547
2000-06-22,8.569031906931286,0.008569031906931287,2227948.2958021346,2227130.342734661,817.9530674736015
2000-06-23,8.058700872408338,0.008058700872408337,2095262.2268261677,2094492.987176925,769.2396492427215
2000-06-24,9.080101787568855,0.009080101787568856,2360826.4647679026,2359959.7277559764,866.7370119262487
2000-06-25,10.438186548031966,0.010438186548031966,2713928.502488311,2712932.130109429,996.3723788820207
2000-06-26,8.1707014784024,0.0081707014784024,2124382.384384624,2123602.4537681607,779.9306164635345
2000-06-27,8.714438659366188,0.008714438659366188,2265754.051435209,2264922.2186319055,831.8328033033758
2000-06-28,9.974289886189643,0.009974289886189643,2593315.370409307,2592363.2790766,952.0913327070884
2000-06-29,9.605843890273293,0.009605843890273294,2497519.4114710563,2496602.4899843517,916.9214867046103
2000-06-30,10.372543654370023,0.010372543654370023,2696861.350136206,2695871.243670068,990.1064661378041
2000-07-01,10.25893663804312,0.010258936638043122,2667323.525891212,2666344.263731467,979.2621597447433
2000-07-02,9.662595592890549,0.009662595592890549,2512274.8541515428,2511352.5154567165,922.3386948262341
2000-07-03,9.166422126106735,0.009166422126106735,2383269.752787751,2382394.7761069266,874.9766808245331
2000-07-04,9.570554517759685,0.009570554517759686,2488344.174617518,2487430.6216619164,913.55295560183
2000-07-05,10.764521397686355,0.010764521397686355,2798775.5633984525,2797748.040874,1027.5225244523026
2000-07-06,10.185618600258419,0.010185618600258418,2648260.8360671885,2647288.572447601,972.2636195877567
2000-07-07,10.011861076450073,0.010011861076450072,2603083.8798770187,2602128.2022033273,955.677673691418
2000-07-08,10.896344754194576,0.010896344754194575,2833049.6360905897,2832009.530427226,1040.1056633638218
2000-07-09,10.707629806037957,0.010707629806037957,2783983.7495698687,2782961.657606582,1022.0919632865116
2000-07-10,10.885293346943751,0.01088529334694375,2830176.2702053753,2829137.2194490954,1039.0507562798448
2000-07-11,10.700582502280872,0.010700582502280872,2782151.450593027,2781130.031326935,1021.4192660916597
2000-07-12,10.403496306869954,0.010403496306869955,2704909.0397861884,2703915.9787485967,993.0610375916585
2000-07-13,10.087636184204898,0.010087636184204898,2622785.4078932735,2621822.497140922,962.9107523513958
2000-07-14,9.83253527482267,0.00983253527482267,2556459.171453894,2555520.611243542,938.5602103522979
2000-07-15,10.475363629792765,0.010475363629792765,2723594.543746119,2722594.6226457017,999.921100417152
2000-07-16,10.753915245173552,0.010753915245173553,2796017.9637451237,2794991.4536261656,1026.5101189580746
2000-07-17,10.646785376490097,0.010646785376490097,2768164.1978874253,2767147.9138016594,1016.2840857659467
2000-07-18,10.576869617017355,0.010576869617017355,2749986.1004245123,2748976.4901159653,1009.6103085470386
2000-07-19,10.739685951436872,0.010739685951436873,2792318.347373587,2791293.195505431,1025.1518681561574
2000-07-20,10.473635440393306,0.010473635440393305,2723145.2145022596,2722145.4583653803,999.7561368793249
2000-07-21,10.667531521767854,0.010667531521767854,2773558.195659642,2772539.931259956,1018.2643996858969
2000-07-22,10.47070681464472,0.01047070681464472,2722383.7718076273,2721384.295221395,999.4765862324275
2000-07-23,9.721670249449515,0.009721670249449515,2527634.264856874,2526706.287217408,927.9776394660585
2000-07-24,10.006003711973888,0.010006003711973887,2601560.9651132105,2600605.846551598,955.1185616124421
2000-07-25,10.696917112458642,0.010696917112458642,2781198.449239247,2780177.379851284,1021.0693879630417
2000-07-26,10.630276644487331,0.01063027664448733,2763871.927566706,2762857.219314492,1014.708252214361
2000-07-27,10.147434467487603,0.010147434467487603,2638332.961546777,2637364.342776323,968.6187704536133
2000-07-28,9.89748796132178,0.009897487961321779,2573346.8699436625,2572402.1097039795,944.7602396830916
2000-07-29,9.892137882655836,0.009892137882655836,2571955.8494905173,2571011.5999401747,944.2495503425598
2000-07-30,7.495210461770465,0.007495210461770464,1948754.7200603208,1948039.2681335278,715.4519267929718
2000-07-31,8.060202653042927,0.008060202653042926,2095652.6897911609,2094883.3067901263,769.3830010346137
2000-08-01,8.50856844095348,0.00850856844095348,2212227.7946479046,2211415.6130932462,812.1815546583384
2000-08-02,9.629709744820037,0.009629709744820037,2503724.53365321,2502805.334062147,919.199591062963
2000-08-03,10.190404271028719,0.010190404271028719,2649505.110467467,2648532.390033839,972.7204336281866
2000-08-04,9.452151578182017,0.009452151578182017,2457559.410327324,2456657.1594708012,902.2508565229364
2000-08-05,8.440845482903454,0.008440845482903454,2194619.825554898,2193814.10846459,805.7170903082006
2000-08-06,9.242538850551881,0.00924253885055188,2403060.101143489,2402177.8587751375,882.2423683516681
2000-08-07,9.503008870173838,0.009503008870173838,2470782.306245198,2469875.200828856,907.1054163421504
2000-08-08,10.442470812735081,0.010442470812735081,2715042.411311121,2714045.6299796887,996.7813314325176
2000-08-09,8.116962019021488,0.008116962019021488,2110410.124945587,2109635.324004928,774.8009406588972
2000-08-10,10.258938026063387,0.010258938026063386,2667323.8867764804,2666344.6244842424,979.2622922379524
2000-08-11,9.937326200387025,0.009937326200387024,2583704.8121006265,2582756.24911984,948.5629807864316
2000-08-12,9.512526531641326,0.009512526531641325,2473256.8982267445,2472348.884306329,908.0139204156585
2000-08-13,9.504565262353248,0.009504565262353248,2471186.9682118446,2470279.7142307903,907.2539810542949
2000-08-14,9.897421414792337,0.009897421414792338,2573329.5678460076,2572384.813958493,944.7538875145838
2000-08-15,8.520888449954201,0.008520888449954201,2215430.9969880925,2214617.639432544,813.3575555486605
2000-08-16,8.310663930519985,0.008310663930519985,2160772.621935196,2159979.3312661285,793.2906690677628
2000-08-17,10.15204575813903,0.01015204575813903,2639531.8971161474,2638562.838177029,969.0589391184039
2000-08-18,9.816959706209422,0.009816959706209423,2552409.52361445,2551472.4501629598,937.0734514901415
2000-08-19,9.790140116493111,0.009790140116493111,2545436.430288209,2544501.9168885327,934.5133996764198
2000-08-20,9.91743417893614,0.009917434178936141,2578532.8865233967,2577586.222326527,946.6641968698241
2000-08-21,10.399992074233586,0.010399992074233585,2703997.939300732,2703005.212758083,992.726542649325
2000-08-22,9.776344744802891,0.00977634474480289,2541849.633648752,2540916.4370800448,933.1965687070042
2000-08-23,9.073748431208907,0.009073748431208907,2359174.592114316,2358308.461559149,866.1305551668629
2000-08-24,9.147329138554948,0.009147329138554948,2378305.5760242864,2377432.4218559586,873.1541683278047
2000-08-25,8.215615656885957,0.008215615656885956,2136060.0707903486,2135275.852911279,784.2178790695034
2000-08-26,9.235288770718341,0.009235288770718341,2401175.0803867686,2400293.5300715105,881.5503152580932
2000-08-27,9.95018204296922,0.009950182042969219,2587047.331171997,2586097.5410425677,949.7901294291951
2000-08-28,9.93972782668549,0.00993972782668549,2584329.2349382276,2583380.4427112886,948.7922269389965
2000-08-29,9.52836574332186,0.00952836574332186,2477375.0932636834,2476465.567418476,909.525845207274
2000-08-30,10.143046548389432,0.010143046548389432,2637192.1025812523,2636223.902657633,968.1999236191623
2000-08-31,9.279022572316778,0.009279022572316779,2412545.8688023626,2411660.1438968405,885.7249055220746
2000-09-01,9.899607108362677,0.009899607108362676,2573897.848174296,2572952.88565239,944.9625219060108
2000-09-02,9.423176245761615,0.009423176245761616,2450025.82389802,2449126.338868757,899.4850292634219
2000-09-03,9.346103033443915,0.009346103033443916,2429986.7886954183,2429094.6606547995,892.1280406187288
2000-09-04,9.325155943378416,0.009325155943378415,2424540.545278388,2423650.4167327834,890.1285456046462
2000-09-05,8.564002079470843,0.008564002079470842,2226640.540662419,2225823.0677148523,817.47294756677
2000-09-06,8.681068788686938,0.008681068788686937,2257077.8850586037,2256249.2375612226,828.6474973810837
2000-09-07,8.731994977223767,0.008731994977223767,2270318.6940781795,2269485.1854444905,833.5086336890236
2000-09-08,8.481202992802222,0.008481202992802223,2205112.778128578,2204303.208730404,809.5693981740624
2000-09-09,8.628037512334117,0.008628037512334118,2243289.7532068705,2242466.1677860036,823.5854208669625
2000-09-10,8.92113449938399,0.00892113449938399,2319494.9698398374,2318643.4069785518,851.5628612856381
2000-09-11,8.75057394636706,0.00875057394636706,2275149.226055436,2274313.943974645,835.2820807909593
2000-09-12,9.253012386030436,0.009253012386030436,2405783.2203679136,2404899.978252967,883.2421149467118
2000-09-13,7.533144028937692,0.007533144028937692,1958617.4475238,1957898.374665499,719.0728583009914
2000-09-14,6.181342324421685,0.006181342324421685,1607149.004349638,1606558.967112027,590.0372376109008
2000-09-15,5.868312213315415,0.0058683122133154145,1525761.1754620078,1525201.018372163,560.1570898448117
2000-09-16,8.06847369920727,0.008068473699207272,2097803.1617938904,2097032.9892838828,770.1725100076292
2000-09-17,8.295727140367106,0.008295727140367106,2156889.0564954476,2156097.191610933,791.8648845148273
2000-09-18,8.453392271512632,0.008453392271512632,2197881.9905932844,2197075.0758549403,806.9147383440286
2000-09-19,8.627062665150254,0.008627062665150254,2243036.292939066,2242212.8005717965,823.4923672694713
2000-09-20,8.341573949395128,0.008341573949395128,2168809.226842733,2168012.985671785,796.2411709479056
2000-09-21,6.9538932168464855,0.006953893216846485,1808012.2363800863,1807348.455646232,663.7807338542771
2000-09-22,8.306093031403629,0.008306093031403628,2159584.1881649434,2158791.333808985,792.8543559582904
2000-09-23,7.570069704147848,0.007570069704147848,1968218.1230784405,1967495.5254965026,722.5975819379091
2000-09-24,5.304805859650449,0.005304805859650449,1379249.5235091168,1378743.1556635562,506.36784556065686
2000-09-25,7.553777007191221,0.007553777007191221,1963982.0218697174,1963260.9794998032,721.0423699142411
2000-09-26,6.899459746521547,0.006899459746521547,1793859.534095602,1793200.9492840539,658.5848115482368
2000-09-27,7.338496553054228,0.007338496553054228,1908009.1037940993,1907308.610922628,700.492871471215
2000-09-28,7.095713981750722,0.007095713981750722,1844885.6352551877,1844208.3170843225,677.3181708652992
2000-09-29,7.383272512066899,0.007383272512066899,1919650.8531373937,1918946.0861969937,704.7669404000044
2000-09-30,7.7395904589955205,0.007739590458995521,2012293.5193388353,2011554.740229867,738.7791089683305
2000-10-01,7.89090105102455,0.00789090105102455,2051634.273266383,2050881.0508732449,753.2223931381013
2000-10-02,8.052961359642635,0.008052961359642636,2093769.9535070853,2093001.2617204392,768.6917866461445
2000-10-03,8.306976403624942,0.008306976403624941,2159813.8649424845,2159020.92626463,792.9386778543703
2000-10-04,8.319973738397344,0.008319973738397345,2163193.1719833096,2162398.992650739,794.1793325706385
2000-10-05,7.989415125876325,0.007989415125876325,2077247.9327278445,2076485.3067182198,762.6260096246842
2000-10-06,4.446726009938637,0.004446726009938637,1156148.7625840458,1155724.3023626872,424.4602213585749
2000-10-07,3.691386624501386,0.0036913866245013864,959760.5223703604,959408.1627286255,352.3596417349763
2000-10-08,2.5912789035855543,0.0025912789035855543,673732.5149322441,673485.1655757604,247.3493564836681
2000-10-09,2.7937351117024725,0.0027937351117024727,726371.1290426429,726104.4543203237,266.674722319236
2000-10-10,3.060053539260047,0.0030600535392600473,795613.9202076123,795321.8241801665,292.096027445863
2000-10-11,4.276569146092059,0.004276569146092059,1111907.9779839353,1111499.7600091044,408.2179748308845
2000-10-12,4.471909034839385,0.0044719090348393845,1162696.34905824,1162269.4850026222,426.86405561771244
2000-10-13,6.299988249536609,0.006299988249536609,1637996.9448795184,1637395.5823487537,601.362530764658
2000-10-14,5.236072500336631,0.005236072500336631,1361378.8500875242,1360879.0431537093,499.80693381489255
2000-10-15,4.706621131500839,0.004706621131500839,1223721.4941902182,1223272.2257975035,449.2683927146718
2000-10-16,4.3800989713146565,0.004380098971314656,1138825.7325418105,1138407.6321743084,418.10036750207655
2000-10-17,4.526373467833169,0.004526373467833169,1176857.101636624,1176425.0387031727,432.06293345126323
2000-10-18,4.566140541882268,0.004566140541882268,1187196.5408893896,1186760.6820078597,435.8588815298863
2000-10-19,4.365652907072749,0.00436565290707275,1135069.755838915,1134653.0344139456,416.72142496937886
2000-10-20,4.384792049170694,0.004384792049170695,1140045.9327843806,1139627.384441253,418.5483431275934
2000-10-21,4.000266206927028,0.004000266206927028,1040069.2138010273,1039687.3701983654,381.8436026618583
2000-10-22,5.523200511028922,0.005523200511028922,1436032.1328675197,1435504.9182592263,527.2146082934923
2000-10-23,5.334474399668947,0.005334474399668947,1386963.3439139263,1386454.1440712884,509.19984263787046
2000-10-24,6.0023634209773284,0.006002363420977329,1560614.4894541055,1560041.5365668244,572.952887281077
2000-10-25,5.1933231372041755,0.005193323137204176,1350264.0156730856,1349768.2893604059,495.7263126797043
2000-10-26,5.2498893866881495,0.005249889386688149,1364971.2405389189,1364470.1147204626,501.1258184562903
2000-10-27,4.792891278506553,0.0047928912785065525,1246151.7324117036,1245694.2291411005,457.5032706030179
2000-10-28,5.041486874510072,0.005041486874510072,1310786.5873726187,1310305.3545217644,481.23285085428506
2000-10-29,4.848608329750183,0.004848608329750183,1260638.1657350475,1260175.3440185022,462.8217165453825
2000-10-30,4.623558905263414,0.0046235589052634135,1202125.3153684875,1201683.9756430343,441.33972545317374
2000-10-31,5.299193251863265,0.005299193251863265,1377790.245484449,1377284.4133878278,505.8320966211613
2000-11-01,5.692055511564384,0.005692055511564383,1479934.4330067397,1479391.1004206925,543.3325860472396
2000-11-02,2.8737132223261446,0.0028737132223261444,747165.4378047975,746891.1288080788,274.3089967187261
2000-11-03,2.762124358864899,0.002762124358864899,718152.3333048738,717888.6759726786,263.6573321952019
2000-11-04,3.3831877371128067,0.0033831877371128067,879628.8116493297,879305.8709930845,322.94065624522045
2000-11-05,3.4751948167761326,0.0034751948167761324,903550.6523617944,903218.9292113471,331.7231504472438
2000-11-06,5.746273919280449,0.005746273919280448,1494031.2190129166,1493482.7110332674,548.5079796491191
2000-11-07,3.0868251444274013,0.003086825144427401,802574.5375511242,802279.8860522079,294.6514989163261
2000-11-08,3.392318112526152,0.003392318112526152,882002.7092567995,881678.8970646962,323.81219210335985
2000-11-09,4.865616875430439,0.00486561687543044,1265060.3876119142,1264595.942352329,464.4452595852781
2000-11-10,5.330305109171946,0.005330305109171946,1385879.328384706,1385370.526519808,508.8018648980651
2000-11-11,4.7291674404303725,0.004729167440430372,1229583.5345118968,1229132.1139714543,451.4205404424574
2000-11-12,4.363215819923634,0.004363215819923634,1134436.113180145,1134019.6243862277,416.4887939172331
2000-11-13,3.6264281391603,0.0036264281391602997,942871.316181678,942525.1571228,346.15905887796544
2000-11-14,4.598180905066574,0.004598180905066574,1195527.0353173092,1195088.118037394,438.91727991518565
2000-11-15,3.1500073114483507,0.003150007311448351,819001.9009765713,818701.2184524602,300.6825241110055
2000-11-16,3.16569280026526,0.0031656928002652598,823080.1280689675,822777.9482936114,302.17977535608225
2000-11-17,2.53774824679416,0.00253774824679416,659814.5441664816,659572.3045546461,242.2396118354518
2000-11-18,2.3431743989255054,0.0023431743989255054,609225.3437206314,609001.6770674968,223.66665313462727
2000-11-19,4.350450392661613,0.004350450392661613,1131117.1020920193,1130701.8318161913,415.2702758279629
2000-11-20,4.331673115283208,0.004331673115283209,1126235.0099736343,1125821.5320743313,413.4778993029613
2000-11-21,4.603534909487228,0.004603534909487229,1196919.0764666796,1196479.6481226922,439.4283439873252
2000-11-22,3.286065722309241,0.003286065722309241,854377.0878004027,854063.4178821814,313.6699182213051
2000-11-23,3.2565526344720848,0.003256552634472085,846703.684962742,846392.8322029803,310.8527597617358
2000-11-24,5.395223763362864,0.0053952237633628644,1402758.1784743448,1402243.1798286543,514.9986456905026
2000-11-25,4.0806650743465065,0.004080665074346506,1060972.9193300917,1060583.4012898805,389.5180402111728
2000-11-26,4.3355180915391545,0.004335518091539155,1127234.7038001802,1126820.8588804065,413.84491977375
2000-11-27,4.200729656289458,0.004200729656289458,1092189.710635259,1091788.7318846479,400.97875061118975
2000-11-28,4.165001988583462,0.004165001988583462,1082900.5170317001,1082502.948649461,397.56838223920204
2000-11-29,4.041184255020283,0.004041184255020282,1050707.9063052735,1050322.1568888258,385.74941644771025
2000-11-30,4.325308275067328,0.004325308275067327,1124580.151517505,1124167.281171148,412.8703463571146
2000-12-01,2.608257965601807,0.002608257965601807,678147.0710564698,677898.100971296,248.9700851738453
2000-12-02,2.9038671397715308,0.002903867139771531,755005.4563405981,754728.2690153192,277.18732527887914
2000-12-03,2.1140968149395767,0.0021140968149395765,549665.17188429,549463.3717283916,201.80015589832328
2000-12-04,2.071926065205238,0.002071926065205238,538700.7769533618,538503.0021873183,197.77476604352705
2000-12-05,2.3608084098926923,0.002360808409892692,613810.1865720999,613584.8366724191,225.34989968081936
2000-12-06,4.114883132240906,0.004114883132240906,1069869.6143826356,1069476.8300731748,392.7843094607815
2000-12-07,4.203055370031112,0.004203055370031112,1092794.3962080893,1092393.1954575242,401.20075056515634
2000-12-08,4.432689001311115,0.0044326890013111145,1152499.1403408898,1152076.020015845,423.1203250447288
2000-12-09,3.9248606161701614,0.003924860616170161,1020463.760204242,1020089.1144081625,374.6457960794214
2000-12-10,2.9725191254251824,0.0029725191254251822,772854.9726105474,772571.2321410087,283.7404695387231
2000-12-11,3.8813536003382128,0.003881353600338213,1009151.9360879353,1008781.443234387,370.49285354837775
2000-12-12,2.239783449464832,0.002239783449464832,582343.6968608564,582129.8993440699,213.79751678649336
2000-12-13,3.6701453648465816,0.0036701453648465814,954237.7948601112,953887.4627932155,350.33206689567305
2000-12-14,2.920641520293214,0.002920641520293214,759366.7952762357,759088.0067600461,278.7885161895538
2000-12-15,3.4831885652155052,0.0034831885652155054,905629.0269560314,905296.5407659401,332.4861900913529
2000-12-16,5.1882061148391605,0.005188206114839161,1348933.5898581818,1348438.3519885591,495.2378696226515
2000-12-17,4.7171414453537945,0.004717141445353795,1226456.7757919866,1226006.5031874683,450.2726045183372
2000-12-18,4.865340106458249,0.0048653401064582495,1264988.4276791448,1264524.0088384165,464.4188407282345
2000-12-19,4.116119569106152,0.004116119569106152,1070191.0879675995,1069798.1856346165,392.9023329829797
2000-12-20,4.039444308651872,0.004039444308651872,1050255.5202494867,1049869.9369188333,385.583330653375
2000-12-21,3.6781166999272186,0.0036781166999272186,956310.3419810769,955959.2490139941,351.0929670827463
2000-12-22,4.289386497254808,0.004289386497254809,1115240.4892862502,1114831.0478369575,409.4414492927026
2000-12-23,2.401049800392869,0.002401049800392869,624272.9481021459,624043.7569787239,229.19112342200242
2000-12-24,2.578500981595865,0.002578500981595865,670410.2552149249,670164.1255692092,246.12964571570046
2000-12-25,2.6542009583611756,0.002654200958361176,690092.2491739057,689838.8936211242,253.35555278148968
2000-12-26,3.4275231608780277,0.0034275231608780275,891156.0218282872,890828.8491542061,327.17267408105545
2000-12-27,4.200601905234056,0.004200601905234056,1092156.4953608545,1091755.5288046626,400.96655619191006
2000-12-28,4.5228978466113,0.0045228978466113,1175953.440118938,1175521.7089493396,431.7311695984099
2000-12-29,3.9354410776955997,0.0039354410776955995,1023214.6802008558,1022839.0244516038,375.655749252066
2000-12-30,4.169921585109617,0.004169921585109617,1084179.6121285004,1083781.5741483984,398.0379801020026
2000-12-31,3.8050389713913377,0.0038050389713913378,989310.1325617478,988946.9242866113,363.20827513653785
2001-01-01,2.3559357968587746,0.0023559357968587747,612543.3071832814,612318.4223966752,224.8847866061842
2001-01-02,2.2160569466882656,0.0022160569466882656,576174.8061389491,575963.2734247608,211.53271418833174
2001-01-03,3.576530230336317,0.003576530230336317,929897.8598874424,929556.4638108974,341.39607654500287
2001-01-04,4.4000258335253815,0.004400025833525382,1144006.7167165992,1143586.7142394718,420.0024771273602
2001-01-05,4.734020982128156,0.004734020982128156,1230845.4553533206,1230393.5715202491,451.88383307144977
2001-01-06,3.687924376663209,0.003687924376663209,958860.3379324343,958508.3087780018,352.02915443247184
2001-01-07,4.475876376050608,0.004475876376050608,1163727.8577731582,1163300.6150167785,427.24275637976825
2001-01-08,3.747773931638725,0.0037477739316387247,974421.2222260684,974063.4801594177,357.7420666506514
2001-01-09,3.7369596506623655,0.0037369596506623653,971609.509172215,971252.7993778668,356.7097943482222
2001-01-10,3.247413549257928,0.003247413549257928,844327.5228070613,844017.5424145479,309.98039251344744
2001-01-11,4.411232667264955,0.004411232667264955,1146920.4934888883,1146499.4212685118,421.0722203764599
2001-01-12,3.0074373757273465,0.0030074373757273463,781933.7176891101,781646.6441137717,287.07357533834875
2001-01-13,4.720922161500966,0.004720922161500966,1227439.7619902513,1226989.128499182,450.6334910693113
2001-01-14,4.070332372638451,0.004070332372638452,1058286.4168859974,1057897.8851491574,388.5317368400283
2001-01-15,3.8889541894811894,0.0038889541894811894,1011128.0892651093,1010756.8709007597,371.2183643495664
2001-01-16,2.8337000201833087,0.0028337000201833088,736762.0052476603,736491.5156930662,270.48955459415447
2001-01-17,3.002463236519034,0.003002463236519034,780640.4414949488,780353.8427238204,286.59877112845425
2001-01-18,2.657397512745958,0.0026573975127459582,690923.3533139492,690669.6926355137,253.66067843546625
2001-01-19,4.553180244451357,0.004553180244451357,1183826.863557353,1183392.2417951564,434.6217621965334
2001-01-20,4.581595536545238,0.004581595536545238,1191214.8395017618,1190777.5053707021,437.3341310597025
2001-01-21,4.740265365114923,0.004740265365114923,1232468.99492988,1232016.5150420528,452.4798878270667
2001-01-22,4.551485996746638,0.0045514859967466376,1183386.3591541257,1182951.899115578,434.46003854763694
2001-01-23,4.739242474279991,0.004739242474279991,1232203.0433127978,1231750.661064553,452.382248244714
2001-01-24,3.6534419558276117,0.003653441955827612,949894.9085151791,949546.1708646413,348.73765053774696
2001-01-25,3.391097413877008,0.0033910974138770082,881685.3276080221,881361.6319371565,323.69567086559255
2001-01-26,4.431562821442826,0.004431562821442826,1152206.3335751349,1151783.3207490805,423.012826054357
2001-01-27,4.226073519993358,0.004226073519993358,1098779.115198273,1098375.7172606073,403.39793766569346
2001-01-28,3.1153663425626035,0.0031153663425626033,809995.2490662768,809697.8731801931,297.37588608369697
2001-01-29,5.996169202134962,0.005996169202134962,1559003.9925550902,1558431.630934169,572.3616209211759
2001-01-30,4.688448933367811,0.0046884489333678106,1218996.7226756308,1218549.1889018752,447.5337737556547
2001-01-31,4.57231253387672,0.00457231253387672,1188801.2588079472,1188364.8107817112,436.44802623591386
2001-02-01,4.338357256837655,0.0043383572568376555,1127972.8867777905,1127558.7708467767,414.11593101383187
2001-02-02,3.8964774949206227,0.0038964774949206225,1013084.1486793618,1012712.212181292,371.93649806978647
2001-02-03,4.9837056225327,0.0049837056225327,1295763.461858502,1295287.744490938,475.71736756386235
2001-02-04,5.426393393373825,0.005426393393373825,1410862.2822771943,1410344.3083485598,517.973928634543
2001-02-05,5.621760786534041,0.005621760786534041,1461657.8044988506,1461121.1818640078,536.622634842759
2001-02-06,4.427433254154663,0.004427433254154663,1151132.6460802124,1150710.027440137,422.6186400754377
2001-02-07,4.227992066015381,0.004227992066015381,1099277.937163999,1098874.3560923901,403.5810716089327
2001-02-08,4.644984997839086,0.004644984997839086,1207696.0994381623,1207252.7144947269,443.38494343543425
2001-02-09,6.313418274494471,0.006313418274494471,1641488.7513685625,1640886.1068808357,602.644487726735
2001-02-10,4.197694063180646,0.004197694063180646,1091400.4564269679,1090999.7674375246,400.6889894432388
2001-02-11,5.33197984751898,0.00533197984751898,1386314.7603549347,1385805.7986286448,508.961726289941
2001-02-12,3.6032183835065723,0.0036032183835065725,936836.7797117089,936492.8361295661,343.94358214281965
2001-02-13,4.205292031312903,0.004205292031312903,1093375.9281413548,1092974.5138912979,401.4142500569578
2001-02-14,3.4366091345886924,0.0034366091345886924,893518.37499306,893190.3350214652,328.03997159481514
2001-02-15,3.8159081846836838,0.003815908184683684,992136.1280177578,991771.8822267794,364.245790978428
2001-02-16,6.529684868574343,0.006529684868574343,1697718.0658293292,1697094.777711617,623.2881177121308
2001-02-17,4.8924176371421915,0.004892417637142191,1272028.5856569696,1271561.582142789,467.0035141806584
2001-02-18,5.370017263860366,0.005370017263860366,1396204.4886036953,1395691.8960330214,512.5925706739072
2001-02-19,4.767863095142199,0.0047678630951421995,1239644.404736972,1239189.2905202992,455.11421667272225
2001-02-20,3.8106333764452556,0.0038106333764452555,990764.6778757664,990400.9355892242,363.7422865421977
2001-02-21,3.5233532537507437,0.003523353253750744,916071.8459751934,915735.5258829123,336.3200922810938
2001-02-22,3.5244723963023357,0.003524472396302336,916362.8230386074,916026.3961190799,336.42691952746827
2001-02-23,4.472539444168172,0.004472539444168172,1162860.2554837246,1162433.3312526694,426.92423105519265
2001-02-24,7.045416822093619,0.007045416822093619,1831808.373744341,1831135.8566661167,672.5170782243367
2001-02-25,6.0215699684294535,0.006021569968429454,1565608.191791658,1565033.4055520713,574.7862395867705
2001-02-26,4.70725409860789,0.004707254098607889,1223886.0656380511,1223436.7368257474,449.32881230372004
2001-02-27,5.146252128591392,0.005146252128591392,1338025.553433762,1337534.3202629334,491.2331708285492
2001-02-28,3.1257552198740925,0.0031257552198740925,812696.3571672641,812397.9896155924,298.3675516716903
2001-03-01,3.8722443733752834,0.0038722443733752833,1006783.5370775737,1006413.9137411676,369.6233364060754
2001-03-02,3.360386858281745,0.003360386858281745,873700.5831532538,873379.8189445914,320.76420866232365
2001-03-03,5.907483444939975,0.0059074834449399745,1535945.6956843934,1535381.7995223394,563.8961620540358
2001-03-04,6.891777648022099,0.0068917776480220995,1791862.1884857458,1791204.3369654375,657.8515203082934
2001-03-05,6.775581840324716,0.006775581840324716,1761651.2784844262,1761004.518382421,646.7601020052098
2001-03-06,5.809648926671826,0.005809648926671826,1510508.7209346746,1509954.1635223406,554.5574123340193
2001-03-07,6.382140004199528,0.0063821400041995284,1659356.4010918774,1658747.196802504,609.2042893734761
2001-03-08,7.144194192092051,0.007144194192092051,1857490.4899439332,1856808.5441165029,681.945827430347
2001-03-09,4.912217850441752,0.004912217850441752,1277176.6411148554,1276707.747580264,468.8935345914215
2001-03-10,6.306815414545632,0.006306815414545632,1639772.0077818641,1639169.9935671494,602.0142147147562
2001-03-11,6.3177275986298165,0.006317727598629816,1642609.1756437523,1642006.119811438,603.055832314305
2001-03-12,7.7742909926685675,0.007774290992668568,2021315.6580938275,2020573.566661102,742.091432725545
2001-03-13,4.102522927887558,0.004102522927887558,1066655.9612507652,1066264.3567790242,391.60447174101137
2001-03-14,7.5585322729502575,0.007558532272950258,1965218.390967067,1964496.8946854093,721.4962816578336
2001-03-15,8.209411882895997,0.008209411882895997,2134447.0895529594,2133663.463852332,783.6257006274536
2001-03-16,6.830548859827671,0.0068305488598276705,1775942.7035551944,1775290.6966011878,652.0069540066179
2001-03-17,3.5203389771883242,0.003520338977188324,915288.1340689643,914952.10170309,336.0323658742709
2001-03-18,3.5316320245587085,0.0035316320245587086,918224.3263852643,917887.2160466578,337.1103386065224
2001-03-19,6.281993759997258,0.006281993759997258,1633318.377599287,1632718.732724388,599.6448748991825
2001-03-20,6.884568037920167,0.006884568037920168,1789987.6898592436,1789330.5265290088,657.16333023482
2001-03-21,8.146383228306044,0.008146383228306044,2118059.6393595715,2117282.030030679,777.6093288925476
2001-03-22,7.281195809535039,0.0072811958095350396,1893110.9104791102,1892415.8872242116,695.0232548986096
2001-03-23,6.120465607057637,0.006120465607057637,1591321.0578349857,1590736.8315569146,584.2262780710589
2001-03-24,4.1383686776992095,0.004138368677699209,1075975.8562017945,1075580.8300902073,395.02611158718355
2001-03-25,4.646686245969939,0.004646686245969939,1208138.4239521842,1207694.8766168773,443.547335306881
2001-03-26,4.111249151701874,0.004111249151701874,1068924.7794424873,1068532.3420129963,392.43742949096486
2001-03-27,4.311379018059413,0.004311379018059413,1120958.5446954474,1120547.003960022,411.54073542542756
2001-03-28,6.152358591257999,0.006152358591257999,1599613.2337270798,1599025.9631186174,587.2706084623933
2001-03-29,6.2765207865088986,0.006276520786508899,1631895.4044923137,1631296.282037625,599.1224546886515
2001-03-30,5.137552410381406,0.005137552410381406,1335763.6266991657,1335273.2239560066,490.4027431590948
2001-03-31,6.9878369782878345,0.006987836978287834,1816837.614354837,1816170.593534577,667.0208202600479
2001-04-01,6.657265020213122,0.006657265020213122,1730888.9052554118,1730253.4390319912,635.4662234205753
2001-04-02,6.2462272508826295,0.00624622725088263,1624019.0852294837,1623422.8544305454,596.2307989383116
2001-04-03,4.823851086567491,0.0048238510865674916,1254201.2825075479,1253740.8239824604,460.45852508745156
2001-04-04,5.09169685127247,0.00509169685127247,1323841.1813308422,1323355.155709351,486.0256214912515
2001-04-05,5.7501019934956314,0.005750101993495632,1495026.5183088642,1494477.6449221212,548.8733867430128
2001-04-06,6.277462729985195,0.006277462729985195,1632140.3097961505,1631541.097428673,599.212367477594
2001-04-07,7.255724966480072,0.007255724966480072,1886488.4912848186,1885795.899337731,692.5919470875524
2001-04-08,7.066192317217045,0.007066192317217045,1837210.0024764317,1836535.5022827107,674.5001937209163
2001-04-09,7.282752398403323,0.007282752398403323,1893515.623584864,1892820.4517464784,695.1718383855186
2001-04-10,7.1706570636816105,0.007170657063681611,1864370.8365572188,1863686.3647283423,684.4718288765289
2001-04-11,8.875174500682075,0.008875174500682075,2307545.3701773398,2306698.194406956,847.1757703837939
2001-04-12,7.103556586831622,0.007103556586831622,1846924.7125762217,1846246.6457930333,678.0667831883766
2001-04-13,4.8616105530532865,0.004861610553053287,1264018.7437938545,1263554.6809559609,464.06283789360896
2001-04-14,6.100909758713629,0.006100909758713629,1586236.5372655436,1585654.177682137,582.3595834067091
2001-04-15,8.850087211564746,0.008850087211564746,2301022.675006834,2300177.8939322936,844.7810745402239
2001-04-16,8.611735021432528,0.008611735021432528,2239051.1055724574,2238229.076298491,822.0292739663273
2001-04-17,3.95163165172047,0.00395163165172047,1027424.2294473222,1027047.0282341448,377.20121317740995
2001-04-18,7.219960342700647,0.007219960342700647,1877189.6891021682,1876500.5110510779,689.1780510903336
2001-04-19,8.33024539382933,0.00833024539382933,2165863.802395626,2165068.642586829,795.1598087968305
2001-04-20,8.205797519662404,0.008205797519662404,2133507.3551122253,2132724.0744190067,783.2806932185777
2001-04-21,6.916253031934739,0.0069162530319347385,1798225.788303032,1797565.6004960153,660.1878070167731
2001-04-22,8.516779781997696,0.008516779781997696,2214362.743319401,2213549.777954895,812.9653645060025
2001-04-23,9.23170808071163,0.00923170808071163,2400244.1009850237,2399362.8924629115,881.2085221121088
2001-04-24,8.250974931524276,0.008250974931524276,2145253.4821963115,2144465.8891136637,787.5930826477706
2001-04-25,8.216069084341141,0.008216069084341141,2136177.961928697,2135393.7007679143,784.2611607825384
2001-04-26,7.91431243367627,0.00791431243367627,2057721.2327558303,2056965.775639743,755.4571160872001
2001-04-27,7.838374942908835,0.007838374942908835,2037977.485156297,2037229.2766190672,748.2085372298025
2001-04-28,8.521096786031446,0.008521096786031445,2215485.164368176,2214671.7869260013,813.3774421745911
2001-04-29,7.993232038229184,0.007993232038229185,2078240.329939588,2077477.3395883199,762.9903512680903
2001-04-30,8.037901358686083,0.008037901358686083,2089854.3532583816,2089087.0990173197,767.2542410618626
2001-05-01,9.16418253779868,0.00916418253779868,2382687.459827657,2381812.696925722,874.7629019347951
2001-05-02,9.231774709108471,0.009231774709108471,2400261.4243682027,2399380.209486107,881.21488209581
2001-05-03,7.833896616995063,0.007833896616995063,2036813.1204187162,2036065.3393580623,747.7810606539715
2001-05-04,6.8150006729168595,0.006815000672916859,1771900.1749583834,1771249.6521495306,650.5228088528384
2001-05-05,6.083522175196549,0.006083522175196549,1581715.7655511028,1581135.0656916215,580.6998594813049
2001-05-06,6.381891242010229,0.006381891242010229,1659291.7229226597,1658682.5423787686,609.1805438911542
2001-05-07,9.237237288339285,0.009237237288339285,2401681.6949682143,2400799.958658087,881.7363101271912
2001-05-08,9.327272166026548,0.009327272166026548,2425090.7631669026,2424200.4326182217,890.3305486808531
2001-05-09,9.534026868555063,0.009534026868555064,2478846.9858243167,2477936.919598959,910.0662253578193
2001-05-10,9.622744327236655,0.009622744327236655,2501913.52508153,2500994.9903712543,918.5347102759406
2001-05-11,9.089336655416297,0.009089336655416296,2363227.530408237,2362359.9118861747,867.618522062432
2001-05-12,7.908426590419057,0.007908426590419057,2056190.913508955,2055436.0182233753,754.8952855796088
2001-05-13,9.099838779321075,0.009099838779321075,2365958.0826234794,2365089.4616259267,868.62099755276
2001-05-14,9.088884627943015,0.009088884627943015,2363110.003265184,2362242.4278911995,867.5753739844076
2001-05-15,9.685184901887878,0.009685184901887878,2518148.0744908485,2517223.5795437424,924.4949471061118
2001-05-16,9.816200040590163,0.009816200040590162,2552212.010553442,2551275.0096154897,937.0009379521944
2001-05-17,9.799642110859402,0.009799642110859402,2547906.9488234445,2546971.528415191,935.420408253558
2001-05-18,9.060200631426921,0.009060200631426922,2355652.1641709995,2354787.3268149374,864.8373560621403
2001-05-19,7.366114610057606,0.007366114610057606,1915189.7986149776,1914486.6694743584,703.1291406191885
2001-05-20,9.362933875966185,0.009362933875966185,2434362.807751208,2433469.073130124,893.7346210842952
2001-05-21,9.687020990458889,0.009687020990458888,2518625.457519311,2517700.7873092005,924.6702101104893
2001-05-22,9.35863091143846,0.009358630911438461,2433244.036974,2432350.7130904496,893.3238835502416
2001-05-23,10.330320705958854,0.010330320705958854,2685883.3835493024,2684897.3074556203,986.076093682088
2001-05-24,10.527682764685377,0.010527682764685378,2737197.5188181982,2736192.603618408,1004.9151997901499
2001-05-25,10.438669823208615,0.010438669823208615,2714054.15403424,2713057.7355245445,996.418509695679
2001-05-26,10.662446643427103,0.010662446643427102,2772236.1272910465,2771218.3482661243,1017.779024922289
2001-05-27,11.10230050441097,0.01110230050441097,2886598.1311468524,2885538.3660704438,1059.7650764086284
2001-05-28,10.733481928076788,0.010733481928076789,2790705.301299965,2789680.7416340546,1024.559665910434
2001-05-29,10.448343534867448,0.010448343534867448,2716569.3190655364,2715571.977156067,997.341909469571
2001-05-30,10.724681325072961,0.010724681325072961,2788417.14451897,2787393.4249106413,1023.7196083287708
2001-05-31,9.296235203292694,0.009296235203292693,2417021.1528561004,2416133.7849266683,887.3679294320755
2001-06-01,10.381349267289583,0.010381349267289583,2699150.8094952917,2698159.8624933525,990.9470019391738
2001-06-02,10.496106486160608,0.010496106486160608,2728987.6864017583,2727985.785301362,1001.9011003961787
2001-06-03,10.071859576462929,0.010071859576462928,2618683.4898803616,2617722.085076971,961.4048033906147
2001-06-04,10.334394547631755,0.010334394547631754,2686942.582384256,2685956.1174238585,986.4649603976868
2001-06-05,9.474296181736852,0.009474296181736851,2463317.007251581,2462412.6425919356,904.3646596455947
2001-06-06,10.023283450982401,0.010023283450982402,2606053.697255424,2605096.9292641347,956.7679912894964
2001-06-07,9.035277156650299,0.009035277156650298,2349172.0607290776,2348309.602432035,862.4582970426418
2001-06-08,9.46748652437368,0.009467486524373679,2461546.4963371563,2460642.781690276,903.7146468800493
2001-06-09,10.140802500220422,0.010140802500220421,2636608.65005731,2635640.664338294,967.9857190158218
2001-06-10,10.171166246291012,0.010171166246291012,2644503.224035663,2643532.3399589905,970.8840766726062
2001-06-11,10.870655056470763,0.010870655056470764,2826370.3146823985,2825332.661217519,1037.653464879375
2001-06-12,10.432717629009208,0.010432717629009207,2712506.583542394,2711510.7331967056,995.8503456884064
2001-06-13,8.42797058335335,0.00842797058335335,2191272.351671871,2190467.8635492795,804.4881225912832
2001-06-14,9.192673633956298,0.009192673633956299,2390095.1448286376,2389217.662321997,877.4825066407211
2001-06-15,9.598031509628612,0.009598031509628612,2495488.1925034393,2494572.016743998,916.1757594412193
2001-06-16,9.538227483182121,0.00953822748318212,2479939.1456273515,2479028.6784342234,910.4671931280755
2001-06-17,9.68179334091381,0.00968179334091381,2517266.2686375906,2516342.0974304043,924.1712071863003
2001-06-18,10.50662893461321,0.010506628934613209,2731723.5229994343,2730720.617483477,1002.9055159571581
2001-06-19,10.431503903417024,0.010431503903417023,2712191.0148884263,2711195.2803983656,995.7344900607131
2001-06-20,10.396820244054108,0.010396820244054108,2703173.263454068,2702180.839677035,992.4237770331092
2001-06-21,10.3458977199295,0.0103458977199295,2689933.40718167,2688945.84419116,987.5629905099049
2001-06-22,8.466353192464156,0.008466353192464157,2201251.8300406807,2200443.6781234858,808.1519171949476
2001-06-23,10.551026523489,0.010551026523489,2743266.89610714,2742259.7526394045,1007.1434677354991
2001-06-24,10.854828246910055,0.010854828246910055,2822255.3441966143,2821219.201472688,1036.142723926343
2001-06-25,10.81587739674715,0.010815877396747149,2812128.123154259,2811095.698466129,1032.4246881296858
2001-06-26,10.449629027953304,0.010449629027953303,2716903.547267859,2715906.082652228,997.4646156309173
2001-06-27,11.42740483663847,0.011427404836638469,2971125.257526002,2970034.4597625076,1090.797763494309
2001-06-28,11.20057823294148,0.01120057823294148,2912150.3405647846,2911081.194432221,1069.1461325637065
2001-06-29,10.41210311497381,0.01041210311497381,2707146.809893191,2706152.9272966217,993.8825965691358
2001-06-30,10.611525367663958,0.010611525367663958,2758996.595592629,2757983.6772350683,1012.9183575608768
2001-07-01,9.149999685705527,0.009149999685705528,2378999.9182834374,2378126.5091992384,873.4090841989964
2001-07-02,7.16552175974233,0.00716552175974233,1863035.6575330058,1862351.6758922455,683.9816407603212
2001-07-03,9.578306583080325,0.009578306583080325,2490359.711600885,2489445.4186753915,914.292925493326
2001-07-04,8.765254172265822,0.008765254172265822,2278966.0847891136,2278129.401413995,836.683375118766
2001-07-05,9.58560673916657,0.00958560673916657,2492257.7521833084,2491342.762424716,914.9897585925646
2001-07-06,10.589555842886481,0.010589555842886482,2753284.5191504853,2752273.6978839817,1010.8212665035389
2001-07-07,10.174378927186726,0.010174378927186726,2645338.521068549,2644367.330326874,971.1907416749746
2001-07-08,10.67969037835049,0.01067969037835049,2776719.4983711275,2775700.073353282,1019.4250178453512
2001-07-09,10.737574181741477,0.010737574181741477,2791769.2872527842,2790744.3369626496,1024.9502901346423
2001-07-10,10.496575492010306,0.010496575492010307,2729109.6279226798,2728107.682053542,1001.945869137533
2001-07-11,10.500506988376108,0.010500506988376108,2730131.816977788,2729129.495829442,1002.3211483461782
2001-07-12,10.36469347566425,0.01036469347566425,2694820.3036727053,2693830.946541827,989.3571308781393
2001-07-13,10.490558189831246,0.010490558189831247,2727545.129356124,2726543.757865846,1001.3714902778156
2001-07-14,10.260943966544492,0.010260943966544492,2667845.4313015677,2666865.977533188,979.4537683795206
2001-07-15,10.637292471023422,0.010637292471023421,2765696.0424660896,2764680.6645213244,1015.3779447651468
2001-07-16,10.941717892800208,0.010941717892800207,2844846.652128054,2843802.2153922534,1044.4367358004674
2001-07-17,10.046906831320145,0.010046906831320144,2612195.7761432375,2611236.753192856,959.0229503815062
2001-07-18,10.80344998803965,0.01080344998803965,2808896.996890309,2807865.75845486,1031.238435448613
2001-07-19,10.691926639984905,0.010691926639984905,2779900.926396075,2778880.3333714064,1020.5930246687494
2001-07-20,10.61238696034398,0.01061238696034398,2759220.6096894345,2758207.609088934,1013.000600500498
2001-07-21,10.583526097947322,0.010583526097947321,2751716.7854663036,2750706.539766378,1010.2456999258138
2001-07-22,10.624977002651232,0.010624977002651232,2762494.0206893203,2761479.818312022,1014.2023772983812
2001-07-23,10.78978660106273,0.01078978660106273,2805344.5162763097,2804314.582073289,1029.9342030207627
2001-07-24,10.265233515564775,0.010265233515564775,2668960.7140468415,2667980.850821499,979.8632253427058
2001-07-25,9.923821139628847,0.009923821139628848,2580193.4963035006,2579246.2224421846,947.2738613160327
2001-07-26,10.153356532304633,0.010153356532304633,2639872.6983992048,2638903.514340731,969.1840584739111
2001-07-27,10.426174094668045,0.010426174094668046,2710805.2646136917,2709810.038878116,995.225735575892
2001-07-28,10.421859762122379,0.01042185976212238,2709683.538151819,2708688.724238906,994.8139129127376
2001-07-29,10.537498959933242,0.010537498959933242,2739749.7295826427,2738743.877382372,1005.8522002706304
2001-07-30,10.568628302613503,0.010568628302613502,2747843.3586795107,2746834.535041905,1008.8236376056448
2001-07-31,11.07539168015417,0.01107539168015417,2879601.8368400843,2878544.6403333326,1057.1965067517012
2001-08-01,10.709444993321828,0.010709444993321828,2784455.6982636754,2783433.433032507,1022.2652311683632
2001-08-02,9.774965894512452,0.009774965894512452,2541491.1325732376,2540558.067622062,933.0649511758238
2001-08-03,8.839527208107334,0.008839527208107335,2298277.0741079072,2297433.3010337236,843.7730741836131
2001-08-04,9.601354511749305,0.009601354511749306,2496352.1730548195,2495435.6800997127,916.4929551067762
2001-08-05,9.649877061938104,0.009649877061938105,2508968.0361039075,2508046.9114507046,921.1246532029472
2001-08-06,8.896942749874494,0.008896942749874494,2313205.1149673685,2312355.8613185976,849.2536487709731
2001-08-07,9.91092898716073,0.009910928987160731,2576841.53666179,2575895.493415061,946.0432467292994
2001-08-08,10.40314373926747,0.01040314373926747,2704817.3722095424,2703824.3448261316,993.0273834108375
2001-08-09,9.520860424579272,0.009520860424579272,2475423.7103906106,2474514.9009622117,908.8094283989631
2001-08-10,10.389296951113714,0.010389296951113713,2701217.2072895654,2700225.5016450593,991.7056445060298
2001-08-11,10.133049671313126,0.010133049671313126,2634592.914541413,2633625.6688651764,967.2456762366928
2001-08-12,10.077234622248348,0.010077234622248347,2620081.0017845705,2619119.083908614,961.917875956744
2001-08-13,9.936860282326329,0.00993686028232633,2583583.673404846,2582635.154898057,948.5185067886487
2001-08-14,9.932108587246377,0.009932108587246377,2582348.232684058,2581400.1677481756,948.0649358825758
2001-08-15,9.941571635987325,0.009941571635987325,2584808.6253567045,2583859.657129782,948.968226922676
2001-08-16,7.952183170791699,0.007952183170791698,2067567.6244058416,2066808.5523556606,759.0720501809847
2001-08-17,9.189347452862627,0.009189347452862626,2389230.337744283,2388353.172736755,877.1650075279176
2001-08-18,8.99580561060789,0.00899580561060789,2338909.4587580515,2338050.768199595,858.6905584563501
2001-08-19,8.796430376649546,0.008796430376649546,2287071.897928882,2286232.2386432653,839.6592856165953
2001-08-20,9.541825168762214,0.009541825168762215,2480874.543878176,2479963.7332695965,910.8106085793115
2001-08-21,9.316753204104272,0.009316753204104272,2422355.8330671107,2421466.5066011855,889.3264659252018
2001-08-22,8.675364657160584,0.008675364657160584,2255594.810861752,2254766.7078496674,828.1030120844953
2001-08-23,9.898407092427101,0.009898407092427102,2573585.8440310466,2572640.996056119,944.8479749276303
2001-08-24,9.36293367944458,0.00936293367944458,2434362.756655591,2433469.022053266,893.7346023251303
2001-08-25,10.216827160171647,0.010216827160171646,2656375.061644628,2655399.81902606,975.2426185682416
2001-08-26,7.767403571670366,0.007767403571670366,2019524.9286342952,2018783.4946372279,741.43399706739
2001-08-27,6.375756913585983,0.006375756913585983,1657696.7975323554,1657088.2025380114,608.5949943440501
2001-08-28,7.616929517095643,0.007616929517095643,1980401.674444867,1979674.603880665,727.070564202033
2001-08-29,6.74309764178468,0.00674309764178468,1753205.3868640168,1752561.7275265004,643.6593375164084
2001-08-30,7.124371091513941,0.007124371091513941,1852336.4837936247,1851656.4301713,680.0536223247182
2001-08-31,7.311260977577632,0.007311260977577632,1900927.8541701843,1900229.9610582597,697.8931119246408
2001-09-01,8.69402469679226,0.008694024696792261,2260446.421165988,2259616.536968255,829.8841977328993
2001-09-02,8.633238811966972,0.008633238811966973,2244642.0911114127,2243818.0092028403,824.0819085724652
2001-09-03,9.342666337840324,0.009342666337840325,2429093.2478384846,2428201.4478460914,891.7999923932366
2001-09-04,7.487019578903823,0.007487019578903823,1946625.0905149938,1945910.4204452224,714.6700697713532
2001-09-05,6.937361146619086,0.006937361146619086,1803713.8981209623,1803051.695448399,662.2026725632604
2001-09-06,8.002370610357728,0.008002370610357728,2080616.3586930092,2079852.4960234691,763.8626695401035
2001-09-07,7.731131121280634,0.007731131121280634,2010094.0915329647,2009356.1199062543,737.9716267103795
2001-09-08,7.181802113056899,0.007181802113056899,1867268.5493947938,1866583.0137202665,685.5356745272875
2001-09-09,4.000774795714172,0.004000774795714172,1040201.4468856847,1039819.5547359101,381.8921497745905
2001-09-10,4.932096457777345,0.004932096457777345,1282345.0790221097,1281874.2879840403,470.7910380694084
2001-09-11,6.663179789396885,0.0066631797893968855,1732426.7452431903,1731790.7144281508,636.0308150395285
2001-09-12,7.48668087677217,0.00748668087677217,1946537.0279607642,1945822.3902216519,714.6377391123679
2001-09-13,8.086952799630785,0.008086952799630785,2102607.727904004,2101835.791479818,771.9364241859876
2001-09-14,7.894337014112246,0.007894337014112246,2052527.6236691838,2051774.073297742,753.5503714417573
2001-09-15,7.63264901246659,0.00763264901246659,1984488.7432413134,1983760.1721797858,728.5710615275893
2001-09-16,7.0639462793378005,0.007063946279337801,1836626.0326278282,1835951.7468286378,674.285799190402
2001-09-17,8.883827234603698,0.008883827234603698,2309795.0809969613,2308947.079283772,848.0017131892964
2001-09-18,8.329710725313008,0.008329710725313008,2165724.788581382,2164929.6798091265,795.1087722554803
2001-09-19,8.588966050046416,0.008588966050046417,2233131.1730120685,2232311.317139974,819.8558720946312
2001-09-20,8.793640650803592,0.008793640650803592,2286346.569208934,2285507.176215337,839.3929935968481
2001-09-21,8.230783897408056,0.008230783897408056,2140003.8133260948,2139218.147569482,785.6657566125505
2001-09-22,8.22913276541733,0.008229132765417329,2139574.5190085056,2138789.010859951,785.5081485547125
2001-09-23,6.936933511294782,0.006936933511294783,1803602.7129366435,1802940.551083817,662.1618528265972
2001-09-24,8.387806655885315,0.008387806655885316,2180829.7305301824,2180029.0762371337,800.6542930486612
2001-09-25,7.227016944039879,0.007227016944039879,1879024.4054503688,1878334.5538145872,689.8516357815824
2001-09-26,7.707594287251668,0.007707594287251668,2003974.5146854336,2003238.7897565768,735.7249288568273
2001-09-27,7.775363726644678,0.007775363726644678,2021594.5689276163,2020852.375097554,742.1938300624024
2001-09-28,7.865308679019113,0.007865308679019113,2044980.2565449695,2044229.4770601334,750.7794848361518
2001-09-29,7.633409320090972,0.007633409320090972,1984686.4232236526,1983957.7795873045,728.6436363481916
2001-09-30,6.497101801631898,0.006497101801631899,1689246.4684242937,1688626.290508509,620.1779157847632
2001-10-01,5.138558527942163,0.005138558527942163,1336025.2172649624,1335534.7184833062,490.4987816561479
2001-10-02,7.544140436567364,0.007544140436567364,1961476.5135075147,1960756.3909920938,720.1225154208951
2001-10-03,6.867133699223946,0.006867133699223946,1785454.761798226,1784799.262654911,655.4991433150135
2001-10-04,6.663188383833597,0.006663188383833596,1732428.979796735,1731792.9481613175,636.031635417603
2001-10-05,5.140282018927372,0.005140282018927371,1336473.3249211165,1335982.6616244074,490.66329670907
2001-10-06,6.111755611556459,0.006111755611556459,1589056.4590046795,1588473.0641352918,583.3948693876155
2001-10-07,7.090489429734615,0.007090489429734615,1843527.251731,1842850.432267386,676.8194636139087
2001-10-08,6.378255044055903,0.006378255044055903,1658346.3114545348,1657737.4780022758,608.8334522589575
2001-10-09,5.965673946017162,0.0059656739460171625,1551075.2259644622,1550505.7752544298,569.4507100323681
2001-10-10,5.090606082427127,0.005090606082427127,1323557.5814310529,1323071.659928409,485.9215026439633
2001-10-11,6.8516205385554265,0.006851620538555427,1781421.340024411,1780767.3216828357,654.0183415752836
2001-10-12,6.176831026495945,0.006176831026495945,1605976.0668889456,1605386.460275239,589.6066137065645
2001-10-13,7.684069520242249,0.007684069520242249,1997858.075262985,1997124.5958801298,733.4793828551192
2001-10-14,7.613935282014412,0.007613935282014412,1979623.1733237472,1978896.3885729015,726.7847508457489
2001-10-15,7.252783679646682,0.007252783679646682,1885723.7567081375,1885031.445520255,692.311187882442
2001-10-16,6.404298937284592,0.006404298937284592,1665117.7236939939,1664506.4042336785,611.319460315397
2001-10-17,7.177841325913474,0.007177841325913474,1866238.7447375034,1865553.5871381226,685.1575993807055
2001-10-18,7.077210721721693,0.007077210721721693,1840074.7876476403,1839399.2356970978,675.5519505424891
2001-10-19,6.029845309689684,0.0060298453096896834,1567759.7805193176,1567184.2043607712,575.576158546377
2001-10-20,7.305632271512859,0.007305632271512859,1899464.3905933434,1898767.034767012,697.3558263313025
2001-10-21,7.165087959321039,0.007165087959321039,1862922.8694234702,1862238.929190933,683.9402325372212
2001-10-22,7.006254309972284,0.007006254309972284,1821626.120592794,1820957.3417544626,668.7788383313455
2001-10-23,6.031551217143224,0.006031551217143224,1568203.3164572383,1567627.5774620671,575.738995171152
2001-10-24,7.43189483116141,0.007431894831161409,1932292.6561019665,1931583.2479400747,709.4081618918572
2001-10-25,6.093046506528776,0.006093046506528777,1584192.091697482,1583610.4826972582,581.6090002236888
2001-10-26,4.448858949356504,0.004448858949356504,1156703.326832691,1156278.6630125644,424.6638201265596
2001-10-27,5.921429490889403,0.005921429490889403,1539571.6676312448,1539006.440255678,565.2273755667266
2001-10-28,6.558132204066363,0.006558132204066363,1705114.3730572544,1704488.369511991,626.0035452633165
2001-10-29,6.557541132253051,0.006557541132253051,1704960.694385793,1704334.7472610225,625.9471247706097
2001-10-30,6.157244464074197,0.0061572444640741976,1600883.5606592915,1600295.8236720478,587.7369872436393
2001-10-31,5.766116480427052,0.005766116480427052,1499190.2849110337,1498639.8828686792,550.4020423544571
2001-11-01,5.704168903393604,0.005704168903393604,1483083.914882337,1482539.426017948,544.4888643890154
2001-11-02,5.741397558460894,0.0057413975584608935,1492763.3651998322,1492215.3226910012,548.0425088310149
2001-11-03,5.278323790242076,0.0052783237902420755,1372364.1854629396,1371860.3454513445,503.8400115950499
2001-11-04,5.009104991747682,0.005009104991747682,1302367.2978543972,1301889.1560015255,478.1418528717477
2001-11-05,5.201772030721662,0.005201772030721662,1352460.727987632,1351964.1951896404,496.53279799153097
2001-11-06,6.103186325102534,0.006103186325102534,1586828.4445266589,1586245.8676346366,582.5768920222763
2001-11-07,4.996655516303762,0.004996655516303762,1299130.4342389782,1298653.4807451577,476.95349382050335
2001-11-08,5.192275457766415,0.005192275457766416,1349991.619019268,1349495.9927123555,495.62630691262893
2001-11-09,3.094660167033006,0.003094660167033006,804611.6434285815,804316.2440411238,295.39938745775726
2001-11-10,4.328331779613573,0.004328331779613573,1125366.2626995288,1124953.1037459117,413.1589536170941
2001-11-11,5.289025619123918,0.005289025619123918,1375146.6609722187,1374641.799422385,504.86154983378947
2001-11-12,5.838224190159135,0.005838224190159135,1517938.2894413753,1517381.004390181,557.2850511942524
2001-11-13,4.620169465436124,0.004620169465436124,1201244.0610133922,1200803.0448253856,441.01618800661527
2001-11-14,4.232763308573657,0.004232763308573657,1100518.4602291507,1100114.4237207398,404.0365084109362
2001-11-15,4.670994410944134,0.004670994410944134,1214458.546845475,1214012.6791852678,445.86766020720825
2001-11-16,2.8924865870659016,0.0028924865870659016,752046.5126371344,751770.41163737,276.1009997643996
2001-11-17,3.248584253730112,0.003248584253730112,844631.9059698292,844321.8138282495,310.0921415797202
2001-11-18,5.070145717985059,0.005070145717985059,1318237.8866761154,1317753.918208311,483.96846780437045
2001-11-19,2.995558528346847,0.002995558528346847,778845.2173701802,778559.2776848493,285.9396853308426
2001-11-20,2.6657304743007484,0.0026657304743007483,693089.9233181946,692835.4672206804,254.45609751413576
2001-11-21,4.719103571488953,0.004719103571488953,1226966.9285871277,1226516.4686887462,450.459898381494
2001-11-22,4.337974259961912,0.004337974259961913,1127873.3075900974,1127459.2282178772,414.079372220207
2001-11-23,5.241864518694359,0.005241864518694359,1362884.7748605334,1362384.4150522242,500.35980830923654
2001-11-24,4.899829108980889,0.004899829108980889,1273955.5683350312,1273487.8573621563,467.710972874891
2001-11-25,5.493375997858598,0.005493375997858598,1428277.7594432354,1427753.3917203657,524.3677228696179
2001-11-26,4.731626142151044,0.0047316261421510445,1230222.7969592717,1229771.1417245676,451.65523470402695
2001-11-27,2.9344894264125667,0.002934489426412567,762967.2508672674,762687.1405054585,280.11036180891097
2001-11-28,2.7325319750264137,0.0027325319750264136,710458.3135068675,710197.4809022958,260.8326045717113
2001-11-29,4.082730229066643,0.004082730229066643,1061509.859557327,1061120.1443887057,389.71516862139106
2001-11-30,3.976010485128911,0.0039760104851289104,1033762.7261335168,1033383.1978498156,379.52828370116185
2001-12-01,3.4544813577996596,0.0034544813577996594,898165.1530279114,897835.4070713283,329.7459565831814
2001-12-02,3.264866887051067,0.0032648668870510667,848865.3906332774,848553.7442402937,311.64639298361726
2001-12-03,3.248691202167038,0.003248691202167038,844659.7125634298,844349.6102131355,310.10235029435717
2001-12-04,4.056400332282835,0.004056400332282835,1054664.086393537,1054276.884533312,387.20186022506095
2001-12-05,2.6930677007053174,0.0026930677007053175,700197.6021833825,699940.5366232783,257.065560104209
2001-12-06,3.27736673532702,0.00327736673532702,852115.3511850252,851802.5116246743,312.83956035086885
2001-12-07,2.635416256597228,0.002635416256597228,685208.2267152793,684956.664247714,251.56246756529436
2001-12-08,3.5381802095373427,0.0035381802095373425,919926.854479709,919589.1190870652,337.73539264383726
2001-12-09,2.395587349201264,0.0023955873492012636,622852.7107923286,622624.0410847161,228.66970761248376
2001-12-10,4.597737019495182,0.004597737019495182,1195411.6250687472,1194972.7501597286,438.874909018632
2001-12-11,3.3365448085768197,0.0033365448085768195,867501.650229973,867183.1618533887,318.4883765843697
2001-12-12,4.58582051062326,0.00458582051062326,1192313.3327620476,1191875.595337997,437.7374240506906
2001-12-13,4.291035180165828,0.004291035180165828,1115669.1468431153,1115259.5480195405,409.5988235748373
2001-12-14,4.4959645566016535,0.0044959645566016535,1168950.78471643,1168521.6244518554,429.16026457445696
2001-12-15,3.343741662047596,0.003343741662047596,869372.832132375,869053.6567833956,319.17534897942096
2001-12-16,5.008641324821866,0.005008641324821866,1302246.7444536851,1301768.6468599301,478.0975937549956
2001-12-17,4.7614315043958415,0.004761431504395842,1237972.191142919,1237517.690850834,454.50029208511114
2001-12-18,3.811941482121245,0.0038119414821212454,991104.7853515238,990740.9182003455,363.8671511783032
2001-12-19,4.318074727972346,0.0043180747279723455,1122699.4292728098,1122287.249401421,412.17987138871104
2001-12-20,4.595362669086161,0.004595362669086161,1194794.2939624018,1194355.6456959283,438.6482664735522
2001-12-21,4.668684525138612,0.0046686845251386125,1213857.9765360393,1213412.3293649377,445.6471711015329
2001-12-22,4.918679631981188,0.004918679631981188,1278856.704315109,1278387.1939740814,469.51034102751873
2001-12-23,4.283503522938103,0.004283503522938103,1113710.9159639068,1113302.0360712684,408.8798926384188
2001-12-24,3.9708965412805246,0.0039708965412805245,1032433.1007329364,1032054.0605984337,379.0401345026912
2001-12-25,4.04686970090109,0.0040468697009010905,1052186.1222342835,1051799.830116169,386.2921181144193
2001-12-26,3.927253260252932,0.003927253260252932,1021085.8476657624,1020710.9734809235,374.8741848389618
2001-12-27,3.6582757994281208,0.003658275799428121,951151.7078513114,950802.5087884177,349.1990628937492
2001-12-28,4.803812592184077,0.004803812592184076,1248991.2739678598,1248532.7282081961,458.5457596636843
2001-12-29,4.427407690321414,0.004427407690321414,1151125.9994835677,1150703.3832836763,422.6161998913158
2001-12-30,2.7565186771728154,0.0027565186771728156,716694.8560649321,716431.733820549,263.12224438309204
2001-12-31,3.1800121798281222,0.0031800121798281223,826803.1667553118,826499.6201300519,303.54662525991444
2002-01-01,2.0981429182528926,0.0020981429182528924,545517.1587457521,545316.8814618508,200.2772839012323
2002-01-02,2.308198699036055,0.0023081986990360548,600131.6617493742,599911.3336858636,220.32806351059116
2002-01-03,3.946910639705752,0.003946910639705752,1026196.7663234954,1025820.015752386,376.7505711094709
2002-01-04,3.3389481543559003,0.0033389481543559005,868126.5201325341,867807.8023456647,318.7177868693834
2002-01-05,5.095689821465439,0.005095689821465439,1324879.353581014,1324392.946812358,486.40676865610294
2002-01-06,4.6548201416632695,0.004654820141663269,1210253.23683245,1209808.9130798061,444.32375264377333
2002-01-07,4.238674114902685,0.004238674114902685,1102055.269874698,1101650.6691529406,404.60072175739333
2002-01-08,4.266367176665061,0.004266367176665061,1109255.465932916,1108848.2217824655,407.24415045045316
2002-01-09,4.645032936776289,0.004645032936776289,1207708.563561835,1207265.17404241,443.38951942510903
2002-01-10,3.656145292159415,0.0036561452921594147,950597.7759614479,950248.7802651625,348.9956962853903
2002-01-11,4.306382227821219,0.004306382227821219,1119659.3792335168,1119248.315464445,411.0637690718286
2002-01-12,4.755392338386744,0.004755392338386744,1236402.0079805534,1235948.0841543302,453.9238262232393
2002-01-13,4.619383327096524,0.004619383327096524,1201039.6650450963,1200598.7238975696,440.9411475267261
2002-01-14,4.860661732914135,0.004860661732914135,1263772.050557675,1263308.078288979,463.9722686961759
2002-01-15,5.584757593923711,0.005584757593923711,1452036.9744201647,1451503.8839083472,533.0905118174851
2002-01-16,4.183255714104862,0.004183255714104862,1087646.4856672643,1087247.174883906,399.3107833582908
2002-01-17,3.0789764942494267,0.0030789764942494267,800533.8885048509,800239.9861952898,293.9023095611483
2002-01-18,3.146581196193817,0.003146581196193817,818111.1110103924,817810.7555245645,300.3554858278949
2002-01-19,5.233320034892921,0.0052333200348929215,1360663.2090721596,1360163.6648736896,499.54419846995734
2002-01-20,5.207886113734455,0.005207886113734455,1354050.3895709584,1353553.2731559365,497.11641502194107
2002-01-21,4.974157213513504,0.004974157213513504,1293280.875513511,1292806.0695850141,474.80592849687673
2002-01-22,5.0175799279492,0.0050175799279491996,1304570.781266792,1304091.8304427157,478.9508240763098
2002-01-23,4.10091934172399,0.00410091934172399,1066239.0288482374,1065847.5774460887,391.4514021486975
2002-01-24,5.429174801149633,0.005429174801149633,1411585.4482989046,1411067.208872248,518.2394266566262
2002-01-25,4.5204730721461575,0.004520473072146158,1175322.998758001,1174891.4990441531,431.4997138478793
2002-01-26,4.934605009255155,0.0049346050092551556,1282997.3024063404,1282526.2719156235,471.0304907169193
2002-01-27,5.451223676020497,0.005451223676020497,1417318.1557653293,1416797.811673288,520.344092041254
2002-01-28,4.6825980203390465,0.004682598020339047,1217475.4852881522,1217028.510010655,446.9752774972003
2002-01-29,3.4209327040429476,0.0034209327040429474,889442.5030511663,889115.9594661635,326.5435850027716
2002-01-30,3.139231195154932,0.003139231195154932,816200.1107402822,815900.4568454813,299.6538948009256
2002-01-31,6.4676979033144075,0.006467697903314407,1681601.454861746,1680984.0836817846,617.3711799613666
2002-02-01,4.405968176800217,0.0044059681768002165,1145551.7259680564,1145131.1562672376,420.5697008187417
2002-02-02,4.904620506747388,0.004904620506747387,1275201.3317543208,1274733.1634207377,468.16833358304575
2002-02-03,2.8691686392283584,0.0028691686392283582,745983.8461993731,745709.9710037799,273.8751955932239
2002-02-04,3.291949197792091,0.003291949197792091,855906.7914259437,855592.5599032296,314.2315227141371
2002-02-05,3.052648228144837,0.003052648228144837,793688.5393176576,793397.1501608371,291.38915682048537
2002-02-06,5.232859832953864,0.005232859832953863,1360543.5565680044,1360044.0562979025,499.50027010194026
2002-02-07,5.422549549114257,0.005422549549114257,1409862.882769707,1409345.2757534888,517.6070162181277
2002-02-08,5.812758267898454,0.005812758267898454,1511317.149653598,1510762.2954405025,554.8542130955029
2002-02-09,6.448528821319343,0.006448528821319343,1676617.493543029,1676001.9521391252,615.5414039038587
2002-02-10,5.10892954307021,0.00510892954307021,1328321.6811982547,1327834.0106379571,487.6705602975562
2002-02-11,5.10300512531957,0.0051030051253195706,1326781.3325830884,1326294.2275354094,487.1050476790406
2002-02-12,4.562257599726839,0.004562257599726839,1186186.975928978,1185751.4876919365,435.48823704151437
2002-02-13,5.851411040843358,0.005851411040843358,1521366.870619273,1520808.3268232073,558.5437960657291
2002-02-14,5.910143409273619,0.005910143409273619,1536637.286411141,1536073.1363433937,564.1500677473377
2002-02-15,5.8548997304149415,0.005854899730414941,1522273.9299078847,1521715.0531005326,558.8768073520623
2002-02-16,4.546390075456492,0.004546390075456493,1182061.419618688,1181627.4460090038,433.973609684268
2002-02-17,5.7413151544396985,0.005741315154439698,1492741.9401543215,1492193.905511329,548.0346429925412
2002-02-18,5.424256562461755,0.005424256562461755,1410306.7062400563,1409788.9362816506,517.7699584057555
2002-02-19,7.463012740884921,0.007463012740884922,1940383.3126300797,1939670.9341221803,712.3785078993533
2002-02-20,6.8044755052953505,0.006804475505295351,1769163.6313767913,1768514.1132430562,649.5181337350514
2002-02-21,6.692420024847468,0.006692420024847468,1740029.2064603416,1739390.3845318437,638.8219284978695
2002-02-22,6.373796149878378,0.006373796149878378,1657186.9989683784,1656578.5911378476,608.4078305307776
2002-02-23,6.460893865799605,0.006460893865799605,1679832.4051078975,1679215.6834042617,616.7217036357615
2002-02-24,6.392696939987139,0.006392696939987139,1662101.2043966562,1661490.9923997489,610.2119969073683
2002-02-25,6.406599417215944,0.006406599417215945,1665715.8484761456,1665104.3094245584,611.5390515872277
2002-02-26,4.573923783014266,0.004573923783014266,1189220.1835837092,1188783.581756415,436.6018272941001
2002-02-27,5.843697155888911,0.005843697155888911,1519361.260531117,1518803.4530604528,557.8074706641492
2002-02-28,5.490343900761054,0.005490343900761054,1427489.414197874,1426965.3359024625,524.0782954115421
2002-03-01,5.456712355635383,0.005456712355635383,1418745.2124651996,1418224.3444537264,520.8680114732124
2002-03-02,5.945616004313974,0.0059456160043139744,1545860.1611216334,1545292.6250333602,567.536088273162
2002-03-03,5.283564211520366,0.005283564211520366,1373726.694995295,1373222.3547616554,504.34023363958113
2002-03-04,6.206010239513593,0.006206010239513593,1613562.662273534,1612970.270371238,592.3919022961054
2002-03-05,6.905182888793235,0.006905182888793235,1795347.5510862411,1794688.419974734,659.1311115070712
2002-03-06,6.767900099687255,0.006767900099687255,1759654.0259186863,1759007.9990737615,646.0268449247815
2002-03-07,6.36042736556721,0.00636042736556721,1653711.1150474746,1653103.9833282076,607.1317192669958
2002-03-08,5.404389320205409,0.005404389320205409,1405141.2232534064,1404625.3497136303,515.8735397760756
2002-03-09,7.064767856786663,0.007064767856786663,1836839.6427645322,1836165.2785420378,674.3642224944197
2002-03-10,5.115683267760724,0.0051156832677607235,1330077.6496177881,1329589.334383753,488.3152340352535
2002-03-11,7.655100587923002,0.007655100587923002,1990326.1528599805,1989595.438693466,730.7141665145755
2002-03-12,7.3206857120877284,0.007320685712087729,1903378.2851428094,1902679.492397112,698.7927456973121
2002-03-13,7.062922982484469,0.007062922982484469,1836359.9754459618,1835685.78732511,674.1881208517589
2002-03-14,7.0923540419627376,0.0070923540419627375,1844012.0509103118,1843335.0534609803,676.9974493314512
2002-03-15,7.819456923152886,0.007819456923152886,2033058.8000197504,2032312.3972935455,746.402726204833
2002-03-16,5.631804800296022,0.005631804800296022,1464269.2480769658,1463731.6666953294,537.5813816364389
2002-03-17,5.709066170018667,0.005709066170018666,1484357.2042048532,1483812.247874092,544.9563307610806
2002-03-18,4.782963046742277,0.004782963046742277,1243570.392152992,1243113.8365772646,456.5555757274851
2002-03-19,4.423017581509505,0.004423017581509505,1149984.5711924713,1149562.3740484323,422.19714403897524
2002-03-20,7.454200867537984,0.0074542008675379835,1938092.2255598756,1937380.6881853635,711.5373745120596
2002-03-21,7.464124528366213,0.007464124528366213,1940672.3773752153,1939959.8927421444,712.4846330708824
2002-03-22,6.512464491067105,0.0065124644910671044,1693240.767677447,1692619.1233230862,621.6443543608766
2002-03-23,8.285928344513037,0.008285928344513038,2154341.3695733896,2153550.440028504,790.9295448856428
2002-03-24,8.042710674629175,0.008042710674629175,2091104.7754035855,2090337.0620914442,767.7133121413644
2002-03-25,7.325658070629956,0.0073256580706299555,1904671.0983637883,1903971.830983854,699.2673799344338
2002-03-26,5.981667635053446,0.005981667635053446,1555233.585113896,1554662.6077335058,570.977380390279
2002-03-27,7.343212710881679,0.007343212710881679,1909235.3048292366,1908534.3617790516,700.9430501849856
2002-03-28,7.738820872316907,0.0077388208723169075,2012093.4268023958,2011354.721153976,738.7056484199129
2002-03-29,6.309613819701946,0.006309613819701946,1640499.5931225058,1639897.3117872917,602.2813352141529
2002-03-30,8.913193835384797,0.008913193835384798,2317430.3972000475,2316579.5923112547,850.8048887928016
2002-03-31,8.240523118699896,0.008240523118699895,2142536.010861973,2141749.4154523937,786.5954095791094
2002-04-01,8.901505603938617,0.008901505603938617,2314391.45702404,2313541.7678300967,849.6891939435154
2002-04-02,8.138537351401586,0.008138537351401586,2116019.711364412,2115242.850960153,776.8604042590596
2002-04-03,4.933879059490213,0.004933879059490213,1282808.5554674552,1282337.5942719448,470.96119551034644
2002-04-04,6.403474962877126,0.006403474962877125,1664903.4903480527,1664292.2495398421,611.2408082105685
2002-04-05,5.581009453476633,0.005581009453476633,1451062.4579039244,1450529.7251691592,532.732734765159
2002-04-06,5.1548965147366035,0.005154896514736603,1340273.0938315168,1339781.0355147158,492.0583168009762
2002-04-07,7.354029657160404,0.007354029657160404,1912047.710861705,1911345.7352848023,701.9755769027397
2002-04-08,9.568638633922362,0.009568638633922362,2487846.044819814,2486932.674744038,913.3700757762417
2002-04-09,7.523881765353512,0.007523881765353512,1956209.2589919132,1955491.070258796,718.1887331171893
2002-04-10,8.307988524611213,0.008307988524611213,2160077.016398915,2159283.9811095092,793.0352894058451
2002-04-11,7.865237147276689,0.00786523714727669,2044961.6582919394,2044210.8856351334,750.7726568060461
2002-04-12,8.894661422925468,0.008894661422925469,2312611.969960622,2311762.934074884,849.0358857382089
2002-04-13,6.639181190131283,0.006639181190131283,1726187.1094341336,1725553.3693945396,633.7400395940058
2002-04-14,7.464855362576006,0.007464855362576006,1940862.3942697616,1940149.8398752417,712.5543945198879
2002-04-15,6.3979851350407895,0.0063979851350407894,1663476.1351106053,1662865.4183314294,610.716779175913
2002-04-16,9.265091231021634,0.009265091231021634,2408923.720065625,2408039.3249699892,884.3950956356712
2002-04-17,6.58724993667896,0.00658724993667896,1712684.9835365296,1712056.2005712609,628.7829652687069
2002-04-18,6.6072900836474835,0.006607290083647483,1717895.4217483455,1717264.725859906,630.6958884394262
2002-04-19,7.647361489336072,0.007647361489336072,1988313.9872273786,1987584.0117930216,729.9754343570676
2002-04-20,7.68517158553855,0.007685171585538549,1998144.6122400227,1997411.0276600227,733.5845800000243
2002-04-21,5.284866236293814,0.0052848662362938136,1374065.2214363916,1373560.7569185658,504.46451782574877
2002-04-22,7.4460819364524315,0.0074460819364524315,1935981.303477632,1935270.5410920172,710.7623856149148
2002-04-23,8.411594805661343,0.008411594805661343,2187014.6494719493,2186211.724491816,802.9249801333062
2002-04-24,8.941205122803211,0.008941205122803211,2324713.331928835,2323859.8532352624,853.4786935723387
2002-04-25,7.626559979832924,0.007626559979832925,1982905.5947565604,1982177.6049208906,727.9898356697522
2002-04-26,7.407567369654378,0.007407567369654378,1925967.5161101383,1925260.4301150884,707.0859950499143
2002-04-27,9.646595884328185,0.009646595884328186,2508114.9299253286,2507194.1184754516,920.8114498769864
2002-04-28,8.799680678766942,0.008799680678766941,2287916.9764794046,2287077.0069376687,839.9695417359471
2002-04-29,9.909445691211937,0.009909445691211938,2576455.8797151037,2575509.978055719,945.9016593848355
2002-04-30,8.888203061218702,0.008888203061218703,2310932.795916863,2310084.376511122,848.4194057406858
2002-05-01,9.884460551373586,0.009884460551373585,2569959.743357132,2569016.226642977,943.5167141552083
2002-05-02,10.242058811014907,0.010242058811014906,2662935.2908638758,2661957.639769481,977.651094394736
2002-05-03,9.896259804460405,0.009896259804460404,2573027.549159705,2572082.90615318,944.6430065250024
2002-05-04,6.788927130464599,0.006788927130464599,1765121.053920796,1764473.0199501526,648.0339706433006
2002-05-05,8.844724641810265,0.008844724641810265,2299628.4068706688,2298784.1376778004,844.269192868378
2002-05-06,8.823696249800234,0.008823696249800233,2294161.0249480605,2293318.7630108465,842.2619372140616
2002-05-07,9.772069118043351,0.00977206911804335,2540737.970691271,2539805.1822505835,932.7884406875819
2002-05-08,9.694163175158039,0.00969416317515804,2520482.4255410903,2519557.0735769677,925.3519641226158
2002-05-09,7.606972639843903,0.007606972639843903,1977812.8863594148,1977086.7662244302,726.1201349846087
2002-05-10,9.533954288306456,0.009533954288306456,2478828.1149596786,2477918.055662436,910.0592972426675
2002-05-11,9.047428373840708,0.009047428373840708,2352331.377198584,2351467.7590125967,863.6181859872304
2002-05-12,7.287045797468923,0.007287045797468923,1894631.90734192,1893936.3256790675,695.5816628525499
2002-05-13,5.301555566898864,0.005301555566898864,1378404.4473937047,1377898.3898033695,506.05759033514187
2002-05-14,7.7862393969588135,0.007786239396958813,2024422.2432092915,2023679.011247035,743.2319622563664
2002-05-15,8.779228136990126,0.008779228136990126,2282599.315617433,2281761.2983638276,838.0172536051832
2002-05-16,8.268136044951413,0.008268136044951413,2149715.3716873676,2148926.140498394,789.2311889734119
2002-05-17,8.488428465717389,0.00848842846571739,2206991.4010865213,2206181.1419840963,810.2591024250723
2002-05-18,7.720864789321412,0.007720864789321412,2007424.8452235672,2006687.8535649336,736.9916586335748
2002-05-19,9.564827388129583,0.009564827388129584,2486855.120913692,2485942.11463866,913.0062750317156
2002-05-20,7.93242359225303,0.00793242359225303,2062430.1339857879,2061672.948077245,757.185908542946
2002-05-21,7.811561812217115,0.0078115618122171155,2031006.07117645,2030260.422074491,745.6491019590758
2002-05-22,9.130864379051038,0.009130864379051038,2374024.7385532698,2373153.156021118,871.5825321516022
2002-05-23,8.648453848776661,0.008648453848776662,2248598.000681932,2247772.4664288983,825.5342530338094
2002-05-24,10.367502357524776,0.010367502357524776,2695550.612956442,2694560.9877050156,989.6252514263615
2002-05-25,6.513592586705952,0.006513592586705952,1693534.0725435477,1692912.3205073276,621.7520362201612
2002-05-26,9.184916908306436,0.009184916908306435,2388078.396159673,2387201.6540677734,876.7420918997377
2002-05-27,7.759329862407827,0.007759329862407827,2017425.764226035,2016685.100901236,740.663324798923
2002-05-28,7.597738561673844,0.007597738561673844,1975412.0260351994,1974686.7873349728,725.2387002266478
2002-05-29,9.053934120554212,0.009053934120554212,2354022.871344095,2353158.632154996,864.2391890990548
2002-05-30,8.553969836836423,0.008553969836836423,2224032.15757747,2223215.642253089,816.5153243807144
2002-05-31,10.022997216840952,0.010022997216840952,2605979.2763786474,2605022.535709709,956.7406689384952
2002-06-01,10.129690518002747,0.010129690518002747,2633719.5346807144,2632752.609650939,966.9250297755934
2002-06-02,10.726924916007444,0.010726924916007444,2789000.478161935,2787976.544392648,1023.9337692870758
2002-06-03,10.868625107735184,0.010868625107735183,2825842.528011148,2824805.0683141076,1037.4596970402636
2002-06-04,7.493702441584789,0.007493702441584789,1948362.6348120451,1947647.3268326372,715.3079794079531
2002-06-05,6.2319633620170265,0.006231963362017027,1620310.474124427,1619715.6048785532,594.8692458737642
2002-06-06,5.995370821661548,0.005995370821661548,1558796.4136320024,1558224.1282201284,572.2854118740652
2002-06-07,7.2016436466048726,0.007201643646604873,1872427.348117267,1871739.9184781234,687.4296391436365
2002-06-08,10.102216584965582,0.010102216584965582,2626576.312091051,2625612.009573135,964.3025179160759
2002-06-09,9.482286113676885,0.009482286113676885,2465394.38955599,2464489.2622210025,905.1273349877447
2002-06-10,9.850865256003884,0.009850865256003883,2561224.9665610096,2560284.656670589,940.3098904206418
2002-06-11,9.09656312667751,0.00909656312667751,2365106.412936153,2364238.1046145423,868.3083216105588
2002-06-12,9.646300601937046,0.009646300601937045,2508038.1565036317,2507117.3732398017,920.7832638300024
2002-06-13,10.626986733102893,0.010626986733102892,2763016.550606752,2762002.1563915415,1014.3942152103409
2002-06-14,8.358575520504811,0.008358575520504811,2173229.6353312507,2172431.771283017,797.8640482337214
2002-06-15,10.639808702816675,0.010639808702816675,2766350.2627323354,2765334.644601802,1015.6181305334903
2002-06-16,10.856827324484884,0.010856827324484885,2822775.10436607,2821738.7708210973,1036.3335449728183
2002-06-17,10.108686299010058,0.010108686299010058,2628258.437742615,2627293.5176610695,964.9200815455988
2002-06-18,11.146552097074396,0.011146552097074396,2898103.545239343,2897039.556147158,1063.9890921846963
2002-06-19,11.146726906164114,0.011146726906164113,2898148.9956026697,2897084.9898241623,1064.0057785073295
2002-06-20,10.429793007868447,0.010429793007868447,2711746.1820457964,2710750.610868497,995.5711772996001
2002-06-21,10.725345150221484,0.010725345150221484,2788589.7390575856,2787565.9560841275,1023.7829734580591
2002-06-22,10.636966714834731,0.01063696671483473,2765611.34585703,2764595.9990071743,1015.3468498555012
2002-06-23,10.324256322603803,0.010324256322603803,2684306.643876989,2683321.146656279,985.4972207099199
2002-06-24,10.44046750832729,0.01044046750832729,2714521.552165095,2713524.962058179,996.5901069161482
2002-06-25,9.91416166939744,0.009914161669397441,2577682.034043335,2576735.6822223836,946.3518209513277
2002-06-26,9.944583963319838,0.009944583963319837,2585591.8304631575,2584642.574695891,949.2557672667317
2002-06-27,6.353506559933218,0.006353506559933218,1651911.7055826366,1651305.2344857433,606.4710968933068
2002-06-28,8.826648509748459,0.00882664850974846,2294928.6125345994,2294086.0687907464,842.5437438529916
2002-06-29,9.06579580011944,0.009065795800119441,2357106.908031055,2356241.536590694,865.3714403607883
2002-06-30,9.074601882694132,0.009074601882694133,2359396.4895004747,2358530.2774794823,866.2120209923014
2002-07-01,7.59222574541754,0.00759222574541754,1973978.6938085605,1973253.9813317177,724.7124768428039
2002-07-02,7.834846994270364,0.007834846994270363,2037060.2185102946,2036312.3467318073,747.8717784872279
2002-07-03,4.802370998348113,0.004802370998348114,1248616.4595705096,1248158.051417534,458.40815297560766
2002-07-04,7.246121294371073,0.007246121294371073,1883991.536536479,1883299.8613035716,691.6752329072915
2002-07-05,7.098939338421867,0.007098939338421867,1845724.2279896855,1845046.601943857,677.6260458284523
2002-07-06,8.908506599957155,0.008908506599957155,2316211.7159888605,2315361.3585180067,850.3574708537199
2002-07-07,5.794072153740438,0.005794072153740438,1506458.759972514,1505905.6894339994,553.0705385145266
2002-07-08,8.865726278064823,0.008865726278064824,2305088.8322968544,2304242.55840229,846.2738945642486
2002-07-09,8.161151850531398,0.008161151850531399,2121899.4811381637,2121120.462077112,779.0190610517748
2002-07-10,7.441679957936899,0.0074416799579369,1934836.7890635938,1934126.4468668485,710.3421967453323
2002-07-11,7.767743893959549,0.007767743893959549,2019613.412429483,2018871.9459471053,741.4664823776111
2002-07-12,7.246143235087171,0.007246143235087171,1883997.2411226644,1883305.563795416,691.6773272485007
2002-07-13,7.183037464400636,0.007183037464400636,1867589.7407441654,1866904.0871497341,685.6535944312345
2002-07-14,8.226436789306064,0.008226436789306063,2138873.5652195765,2138088.3144142027,785.2508053737693
2002-07-15,6.563633565201639,0.006563633565201638,1706544.726952426,1705918.198277222,626.5286752039101
2002-07-16,7.663801254081866,0.007663801254081866,1992588.3260612853,1991856.7813766152,731.544684670167
2002-07-17,8.946138938486069,0.00894613893848607,2325996.124006378,2325142.1743576596,853.9496487183496
2002-07-18,8.983270096899805,0.008983270096899804,2335650.225193949,2334792.7312072874,857.4939866615459
2002-07-19,8.649464724964957,0.008649464724964957,2248860.8284908887,2248035.1977451253,825.6307457634248
2002-07-20,9.099630879525865,0.009099630879525865,2365904.028676725,2365035.427524153,868.6011525718495
2002-07-21,8.68534497914446,0.008685344979144461,2258189.69457756,2257360.6388983517,829.0556792081334
2002-07-22,9.76637459320926,0.00976637459320926,2539257.3942344077,2538325.149362014,932.2448723935522
2002-07-23,8.554547789489463,0.008554547789489464,2224182.4252672605,2223365.8547746707,816.5704925898463
2002-07-24,10.309321112541832,0.010309321112541833,2680423.4892608766,2679439.4176738923,984.0715869842097
2002-07-25,10.246458537865976,0.010246458537865976,2664079.219845154,2663101.1487768213,978.0710683325306
2002-07-26,10.731257695714136,0.010731257695714137,2790127.0008856757,2789102.65353286,1024.347352815792
2002-07-27,9.270872815483903,0.009270872815483904,2410426.932025815,2409541.9850516473,884.9469741676003
2002-07-28,8.897893770568016,0.008897893770568016,2313452.380347684,2312603.0359196626,849.3444280214608
2002-07-29,8.640378103783798,0.008640378103783798,2246498.3069837876,2245673.543597342,824.7633864455856
2002-07-30,6.646313451019754,0.006646313451019754,1728041.4972651359,1727407.0764188026,634.4208463332616
2002-07-31,9.803745096078627,0.009803745096078627,2548973.724980443,2548037.9129235893,935.8120568534359
2002-08-01,10.109298698370676,0.010109298698370676,2628417.661576376,2627452.683038526,964.9785378496163
2002-08-02,8.575450621192116,0.008575450621192117,2229617.16150995,2228798.595747008,818.5657629421912
2002-08-03,9.781206391051875,0.009781206391051874,2543113.661673487,2542180.0010385346,933.6606349525973
2002-08-04,9.359331342164644,0.009359331342164644,2433426.1489628074,2432532.7582199587,893.3907428486273
2002-08-05,9.0410592425188,0.0090410592425188,2350675.4030548884,2349812.3928314527,863.0102234357037
2002-08-06,8.036570772380927,0.008036570772380926,2089508.4008190408,2088741.2735884932,767.1272305476014
2002-08-07,8.413837725762455,0.008413837725762456,2187597.8086982383,2186794.6696211803,803.139077058062
2002-08-08,8.63262355437749,0.00863262355437749,2244482.1241381476,2243658.1009587105,824.0231794370338
2002-08-09,7.964629387827941,0.00796462938782794,2070803.6408352647,2070043.380737062,760.2600982026197
2002-08-10,7.0142287817907825,0.007014228781790782,1823699.4832656034,1823029.943227669,669.5400379344355
2002-08-11,8.301319327056737,0.008301319327056737,2158343.0250347517,2157550.626350584,792.3986841677688
2002-08-12,9.25785006776874,0.00925785006776874,2407041.0176198725,2406157.313726202,883.7038936703466
2002-08-13,9.992313137548694,0.009992313137548694,2598001.4157626606,2597047.6040286417,953.8117340188473
2002-08-14,9.39467819645055,0.00939467819645055,2442616.331077143,2441719.5663162954,896.7647608476691
2002-08-15,10.25080929972091,0.01025080929972091,2665210.4179274365,2664231.9315590975,978.4863683390431
2002-08-16,8.843689015418688,0.008843689015418687,2299359.1440088586,2298514.9736712393,844.17033761926
2002-08-17,8.86353548527196,0.00886353548527196,2304519.22617071,2303673.1613972816,846.0647734282538
2002-08-18,9.154983367971111,0.00915498336797111,2380295.6756724888,2379421.7908731517,873.8847993370146
2002-08-19,10.384666184974007,0.010384666184974007,2700013.208093242,2699021.9444764243,991.2636168175377
2002-08-20,9.775737731836763,0.009775737731836763,2541691.8102775584,2540758.6716509997,933.1386265587062
2002-08-21,9.75787920678857,0.00975787920678857,2537048.5937650283,2536117.1598159056,931.433949122671
2002-08-22,9.65413607282847,0.00965413607282847,2510075.3789354023,2509153.84774024,921.5311951623298
2002-08-23,9.995507787360834,0.009995507787360833,2598832.0247138166,2597877.9080359438,954.1166778728366
2002-08-24,9.630800602529126,0.009630800602529126,2504008.156657573,2503088.8529391806,919.3037183922715
2002-08-25,9.769900573295205,0.009769900573295204,2540174.149056753,2539241.5676135244,932.5814432287589
2002-08-26,10.05900485127593,0.01005900485127593,2615341.2613317417,2614381.0835703337,960.1777614080347
2002-08-27,10.500220387068326,0.010500220387068326,2730057.300637765,2729055.006846817,1002.2937909476459
2002-08-28,10.107831979335252,0.010107831979335251,2628036.3146271654,2627071.476094318,964.8385328473523
2002-08-29,8.107641130113858,0.008107641130113858,2107986.693829603,2107212.7826101817,773.9112194213085
2002-08-30,8.483224152460645,0.008483224152460644,2205638.2796397675,2204828.5173127116,809.7623270559125
2002-08-31,8.113095820307322,0.008113095820307323,2109404.913279904,2108630.481385496,774.4318944080733
2002-09-01,7.99094895699986,0.00799094895699986,2077646.7288199638,2076883.9563991823,762.7724207814317
2002-09-02,8.417936697589811,0.008417936697589811,2188663.541373351,2187860.0110307904,803.5303425607271
2002-09-03,8.710524844994085,0.008710524844994084,2264736.459698462,2263905.00048654,831.459211921785
2002-09-04,6.735938267061344,0.006735938267061344,1751343.9494359493,1750700.973493311,642.975942638237
2002-09-05,8.216042212707725,0.008216042212707724,2136170.9753040085,2135386.7167082457,784.2585957627743
2002-09-06,7.5596015458383965,0.007559601545838396,1965496.401917983,1964774.803569365,721.5983486180194
2002-09-07,6.865228796809944,0.0068652287968099445,1784959.4871705857,1784304.1698588696,655.3173117160331
2002-09-08,6.951174233231485,0.0069511742332314845,1807305.300640186,1806641.7794456838,663.5211945022456
2002-09-09,6.190078841276979,0.006190078841276979,1609420.4987320146,1608829.627554136,590.8711778784636
2002-09-10,6.924865788705306,0.006924865788705306,1800465.1050633795,1799804.0951295581,661.0099338213913
2002-09-11,5.19217059475998,0.00519217059475998,1349964.354637595,1349468.7383403333,495.6162972615566
2002-09-12,7.628164779155886,0.007628164779155886,1983322.8425805303,1982594.6995594667,728.1430210636463
2002-09-13,8.472685828891533,0.008472685828891534,2202898.315511799,2202089.559115656,808.7563961427659
2002-09-14,7.437008166412956,0.007437008166412956,1933622.1232673684,1932912.2270143712,709.8962529972196
2002-09-15,6.592425409636769,0.00659242540963677,1714030.6065055602,1713401.3295178597,629.2769877004903
2002-09-16,7.0351308225118885,0.007035130822511888,1829134.0138530908,1828462.478620307,671.5352327837609
2002-09-17,7.470738894569539,0.007470738894569539,1942392.11258808,1941678.996583673,713.116004407173
2002-09-18,7.073409084895859,0.007073409084895859,1839086.3620729232,1838411.1730059055,675.1890670177527
2002-09-19,8.612366765713718,0.008612366765713718,2239215.359085567,2238393.2695087357,822.0895768310875
2002-09-20,7.940275727852526,0.007940275727852527,2064471.689241657,2063713.7538110595,757.9354305975139
2002-09-21,8.715744253578656,0.008715744253578656,2266093.5059304503,2265261.5485022413,831.957428209018
2002-09-22,8.173628110361369,0.008173628110361368,2125143.3086939557,2124363.098717161,780.2099767946638
2002-09-23,7.488614344193688,0.007488614344193688,1947039.7294903588,1946324.9071929876,714.8222973712254
2002-09-24,7.658601234334207,0.0076586012343342075,1991236.320926894,1990505.2726077584,731.0483191355597
2002-09-25,7.563363116430798,0.007563363116430798,1966474.4102720076,1965752.452864369,721.9574076386634
2002-09-26,7.459925111220506,0.007459925111220506,1939580.5289173315,1938868.4451377261,712.0837796053383
2002-09-27,8.461566745690398,0.008461566745690399,2200007.3538795034,2199199.6588504217,807.6950290817767
2002-09-28,8.492263523056987,0.008492263523056988,2207988.515994817,2207177.8908187267,810.6251760902815
2002-09-29,8.005219396600257,0.008005219396600257,2081357.0431160668,2080592.9085169237,764.1345991431735
2002-09-30,7.679213095226234,0.007679213095226234,1996595.4047588208,1995862.3889438203,733.0158150005154
2002-10-01,8.264396536942996,0.008264396536942996,2148743.099605179,2147954.2253692523,788.8742359266616
2002-10-02,7.569264841427292,0.007569264841427292,1968008.8587710958,1967286.3380169652,722.5207541305572
2002-10-03,8.110986119626803,0.008110986119626804,2108856.391102969,2108082.160589086,774.230513883289
2002-10-04,5.795402304854069,0.005795402304854069,1506804.5992620578,1506251.40175457,553.1975074878428
2002-10-05,6.985465689391692,0.006985465689391692,1816221.07924184,1815554.2847718897,666.794469950255
2002-10-06,8.12675834300592,0.00812675834300592,2112957.169181539,2112181.4331372026,775.736044336576
2002-10-07,6.263680368923502,0.006263680368923503,1628556.8959201106,1627958.9991416787,597.8967784319539
2002-10-08,4.530756935312608,0.004530756935312608,1177996.803181278,1177564.32182592,432.481355358148
2002-10-09,5.705709505919998,0.005705709505919998,1483484.4715391996,1482939.8356172927,544.6359219069127
2002-10-10,5.515403163354844,0.005515403163354845,1434004.8224722596,1433478.352156264,526.4703159956262
2002-10-11,6.644508664106726,0.006644508664106727,1727572.2526677488,1726938.0040965346,634.2485712142661
2002-10-12,5.620525128962605,0.005620525128962605,1461336.5335302772,1460800.0288445696,536.5046857076231
2002-10-13,3.7865139951973026,0.0037865139951973026,984493.6387512987,984132.1987693915,361.43998190714046
2002-10-14,3.7095746734349047,0.003709574673434905,964489.4150930753,964135.3193193503,354.0957737249555
2002-10-15,5.593427905497028,0.005593427905497028,1454291.2554292271,1453757.3372967374,533.91813248978
2002-10-16,5.338632078597888,0.005338632078597888,1388044.340435451,1387534.74372345,509.5967120009009
2002-10-17,6.06136438830307,0.00606136438830307,1575954.7409587982,1575376.1561608496,578.5847979485989
2002-10-18,4.514515777692622,0.004514515777692621,1173774.1022000816,1173343.171137083,430.93106299848296
2002-10-19,5.11074290192184,0.005110742901921841,1328793.1544996786,1328305.3108460316,487.84365364699624
2002-10-20,4.659527139621249,0.00465952713962125,1211477.0563015249,1211032.2832445186,444.7730570062995
2002-10-21,3.815800123983122,0.0038158001239831218,992108.0322356117,991743.7967595186,364.2354760931339
2002-10-22,5.483115464274607,0.005483115464274607,1425610.0207113978,1425086.6324031237,523.388308274094
2002-10-23,3.8884713034767007,0.0038884713034767005,1011002.5389039421,1010631.3666332578,371.1722706842702
2002-10-24,4.241867690655907,0.0042418676906559065,1102885.5995705356,1102480.6940074484,404.9055630872026
2002-10-25,3.133596204934057,0.003133596204934057,814735.0132828548,814435.8972734984,299.116009356454
2002-10-26,3.5362052156756127,0.003536205215675613,919413.3560756594,919075.8092051619,337.546870497521
2002-10-27,4.23024316239521,0.00423024316239521,1099863.2222227545,1099459.426273758,403.79594899644144
2002-10-28,5.1147646275887455,0.005114764627588746,1329838.8031730738,1329350.575627421,488.22754565277137
2002-10-29,5.598308598134411,0.005598308598134411,1455560.2355149467,1455025.8514981475,534.3840167992748
2002-10-30,5.75461463601769,0.00575461463601769,1496199.8053645995,1495650.5012256042,549.3041389952414
2002-10-31,2.8983300109180274,0.0028983300109180275,753565.8028386872,753289.1440575402,276.6587811469799
2002-11-01,2.5583809066124,0.0025583809066124,665179.035719224,664934.8266261716,244.20909305242822
2002-11-02,3.6762120999881387,0.0036762120999881387,955815.1459969161,955464.2348325597,350.9111643563956
2002-11-03,3.9624742683660834,0.003962474268366083,1030243.3097751817,1029865.0735849332,378.2361902485136
2002-11-04,2.784351175824573,0.0027843511758245732,723931.3057143891,723665.5267314275,265.77898296155035
2002-11-05,5.846363617575321,0.005846363617575321,1520054.5405695834,1519496.4785730243,558.0619965591468
2002-11-06,5.209059394543487,0.005209059394543487,1354355.4425813064,1353858.2141712953,497.2284100111574
2002-11-07,5.746120649865638,0.005746120649865638,1493991.368965066,1493442.8756156797,548.4933493863791
2002-11-08,5.326367537775826,0.005326367537775826,1384855.5598217146,1384347.1338159144,508.42600580025464
2002-11-09,4.119875806965254,0.0041198758069652544,1071167.7098109662,1070774.4489279962,393.26088296994567
2002-11-10,6.192189783345408,0.006192189783345408,1609969.3436698061,1609378.2709929068,591.0726768993773
2002-11-11,5.535087901462712,0.005535087901462712,1439122.8543803052,1438594.5050665308,528.349313774379
2002-11-12,4.974396288125408,0.004974396288125408,1293343.034912606,1292868.2061633503,474.8287492557429
2002-11-13,5.493175125981674,0.005493175125981674,1428225.5327552352,1427701.1842065,524.3485487352591
2002-11-14,5.055256451193755,0.005055256451193755,1314366.6773103764,1313884.1300908036,482.54721957282163
2002-11-15,4.901825213692,0.004901825213692,1274474.5555599201,1274006.6540497723,467.9015101478435
2002-11-16,5.164916717600504,0.0051649167176005045,1342878.3465761312,1342385.331785395,493.0147907361388
2002-11-17,4.843196917493307,0.004843196917493307,1259231.19854826,1258768.8933756256,462.305172634311
2002-11-18,4.680731786169849,0.004680731786169849,1216990.264404161,1216543.467267203,446.79713695799
2002-11-19,4.704172061763946,0.004704172061763946,1223084.7360586259,1222635.701440756,449.0346178698819
2002-11-20,4.917019684175514,0.004917019684175514,1278425.1178856336,1277955.7659941737,469.35189145989716
2002-11-21,4.988104858719683,0.004988104858719683,1296907.2632671176,1296431.1259724519,476.1372946656775
2002-11-22,4.5781152031357735,0.004578115203135774,1190309.9528153013,1189872.950897894,437.00191740714945
2002-11-23,5.18943405927936,0.005189434059279361,1349252.8554126339,1348757.5003301296,495.35508250421844
2002-11-24,3.8339740770460997,0.0038339740770460995,996833.2600319858,996467.2897694177,365.97026256809477
2002-11-25,2.810716789457672,0.002810716789457672,730786.3652589947,730518.0695583011,268.29570069361944
2002-11-26,2.3419866108901917,0.0023419866108901916,608916.5188314498,608692.9655580852,223.5532733645523
2002-11-27,2.7667838218283354,0.0027667838218283355,719363.7936753673,719099.6915762409,264.10209912632126
2002-11-28,3.4443662440982,0.0034443662440982,895535.223465532,895206.4430425551,328.7804229768226
2002-11-29,2.152642917858132,0.0021526429178581317,559687.1586431143,559481.6790863847,205.4795567295514
2002-11-30,4.656279820877636,0.004656279820877636,1210632.7534281854,1210188.290342522,444.46308566327207
2002-12-01,4.582985092110198,0.004582985092110198,1191576.1239486516,1191138.6571781936,437.46677045803517
2002-12-02,4.038539355311704,0.0040385393553117035,1050020.232381043,1049634.7354323016,385.4969487413764
2002-12-03,2.391565415611773,0.002391565415611773,621807.0080590609,621578.7222633013,228.2857957596425
2002-12-04,4.813435121196893,0.004813435121196892,1251493.131511192,1251033.667237371,459.46427382109687
2002-12-05,3.3531331579428922,0.003353133157942892,871814.621065152,871494.5492551768,320.07180997519754
2002-12-06,2.8079887869861833,0.0028079887869861832,730077.0846164076,729809.0493159569,268.03530045074876
2002-12-07,3.5891313972321406,0.0035891313972321406,933174.1632803566,932831.5643651212,342.59891523537226
2002-12-08,2.6885909027666193,0.002688590902766619,699033.6347193209,698776.9964899404,256.63822938047815
2002-12-09,3.4428209475370726,0.0034428209475370728,895133.4463596389,894804.8134422469,328.6329173920676
2002-12-10,3.8610753808723537,0.003861075380872354,1003879.599026812,1003511.041821537,368.55720527505036
2002-12-11,3.66937421641118,0.00366937421641118,954037.2962669069,953687.0378096366,350.2584572703345
2002-12-12,4.80074602122101,0.00480074602122101,1248193.9655174627,1247735.7124759443,458.25304151838645
2002-12-13,4.372748709787758,0.004372748709787758,1136914.664544817,1136497.2657932066,417.39875161042437
2002-12-14,4.008112284970218,0.004008112284970218,1042109.1940922566,1041726.6015457616,382.5925464950269
2002-12-15,3.8534953860557457,0.0038534953860557457,1001908.8003744939,1001540.966714198,367.8336602959316
2002-12-16,4.26575387933574,0.00426575387933574,1109096.0086272925,1108688.8230188612,407.18560843123123
2002-12-17,4.048160951494206,0.004048160951494207,1052521.8473884938,1052135.4320146379,386.41537385596894
2002-12-18,4.755347266949269,0.004755347266949269,1236390.28940681,1235936.3698828605,453.91952394950204
2002-12-19,5.456808247439789,0.00545680824743979,1418770.1443343454,1418249.2671695633,520.8771647820249
2002-12-20,4.549021544284274,0.004549021544284274,1182745.6015139113,1182311.3767185593,434.2247953519691
2002-12-21,4.603092515894405,0.004603092515894405,1196804.0541325454,1196364.6680170386,439.38611550675705
2002-12-22,3.963089731267269,0.003963089731267269,1030403.33012949,1030025.0351905085,378.29493898153305
2002-12-23,3.634840950303491,0.003634840950303491,945058.6470789077,944711.6849789446,346.9620999631006
2002-12-24,4.118393430017561,0.004118393430017561,1070782.2918045658,1070389.1724212174,393.1193833483849
2002-12-25,3.664111484536754,0.003664111484536754,952668.985979556,952319.229873978,349.75610557803884
2002-12-26,3.8561665999050367,0.003856166599905037,1002603.3159753096,1002235.227335503,368.0886398066068
2002-12-27,2.823971960580916,0.002823971960580916,734232.7097510381,733963.1487839762,269.56096706190147
2002-12-28,4.497839268009316,0.004497839268009316,1169438.2096824222,1169008.8704681178,429.3392143044621
2002-12-29,3.2430875231312966,0.0032430875231312965,843202.7560141371,842893.1885604921,309.5674536449369
2002-12-30,5.124373258523246,0.005124373258523246,1332337.047216044,1331847.9024828684,489.14473317563534
2002-12-31,4.69303572434758,0.00469303572434758,1220189.2883303708,1219741.3167265553,447.9716038154438
2003-01-01,5.297626588173788,0.005297626588173788,1377382.912925185,1376877.230373738,505.68255144683644
2003-01-02,4.55191715046114,0.00455191715046114,1183498.4591198964,1183063.9579257658,434.5011941306293
2003-01-03,4.245342174037977,0.004245342174037977,1103788.965249874,1103383.7280315459,405.23721832805313
2003-01-04,4.254140471067961,0.004254140471067961,1106076.5224776699,1105670.4454218757,406.0770557941869
2003-01-05,4.26041844067619,0.00426041844067619,1107708.7945758095,1107302.118259264,406.6763165455777
2003-01-06,3.295438853118744,0.003295438853118744,856814.1018108735,856499.5371846874,314.56462618603837
2003-01-07,3.263489550752362,0.0032634895507523617,848507.283195614,848195.7682756443,311.5149199697189
2003-01-08,3.834207827315561,0.003834207827315561,996894.0351020459,996528.0425269514,365.99257509445306
2003-01-09,4.284968534615763,0.004284968534615763,1114091.8190000984,1113682.7992654324,409.0197346659843
2003-01-10,3.6815320849466313,0.0036815320849466313,957198.3420861241,956846.9231050081,351.4189811160322
2003-01-11,3.135781006352613,0.0031357810063526127,815303.0616516793,815003.737093091,299.3245585883269
2003-01-12,2.138677086918844,0.002138677086918844,556056.0425988995,555851.8961442497,204.14645464974456
2003-01-13,3.3992927808500664,0.0033992927808500664,883816.1230210173,883491.6450651017,324.4779559156159
2003-01-14,2.585480166304115,0.002585480166304115,672224.8432390698,671978.0473984323,246.79584063752554
2003-01-15,3.311620028136846,0.003311620028136846,861021.20731558,860705.0981226465,316.109192933538
2003-01-16,4.7792211428582885,0.004779221142858289,1242597.497143155,1242141.2987491714,456.1983939835336
2003-01-17,3.95497931148138,0.00395497931148138,1028294.6209851587,1027917.1002226319,377.52076252677944
2003-01-18,4.132460219717326,0.004132460219717326,1074439.6571265047,1074045.1950041037,394.46212240098976
2003-01-19,4.647977430567738,0.004647977430567738,1208474.131947612,1208030.461362863,443.67058474896476
2003-01-20,3.935480844578729,0.003935480844578729,1023225.0195904695,1022849.3600452876,375.6595451819012
2003-01-21,5.405966489671406,0.005405966489671406,1405551.2873145654,1405035.2632267908,516.0240877745673
2003-01-22,4.40129538524141,0.0044012953852414095,1144336.8001627664,1143916.6765011537,420.12366161262617
2003-01-23,3.93917737893503,0.00393917737893503,1024186.1185231078,1023810.1061269098,376.0123961979989
2003-01-24,3.369550891061727,0.003369550891061727,876083.231676049,875761.5927187797,321.63895726925693
2003-01-25,2.7423802914408557,0.002742380291440856,713018.8757746225,712757.103103459,261.7726711635478
2003-01-26,3.6684972569711958,0.003668497256971196,953809.2868125109,953459.1120650076,350.1747475033626
2003-01-27,4.3708450810360775,0.004370845081036077,1136419.72106938,1136002.5040277918,417.21704158815555
2003-01-28,4.132532138471486,0.004132532138471486,1074458.3560025864,1074063.8870152133,394.4689873731695
2003-01-29,4.970732336645311,0.004970732336645311,1292390.4075277809,1291915.9285193575,474.4790084233973
2003-01-30,4.590607527172266,0.004590607527172266,1193557.9570647893,1193119.7626982378,438.19436655147
2003-01-31,4.529651084573703,0.004529651084573703,1177709.2819891628,1177276.906192287,432.3757968756836
2003-02-01,5.201460741304594,0.005201460741304594,1352379.7927391944,1351883.2896551935,496.5030840008985
2003-02-02,3.718151412140687,0.0037181514121406873,966719.3671565787,966364.4526941373,354.9144624413457
2003-02-03,6.5578022486362215,0.006557802248636222,1705028.5846454175,1704402.6125959007,625.9720495168585
2003-02-04,5.348988749885747,0.005348988749885747,1390737.0749702943,1390226.489666917,510.5853033773601
2003-02-05,3.3867247822386997,0.0033867247822387,880548.4433820619,880225.165098773,323.2782832889352
2003-02-06,4.27729264053154,0.0042772926405315395,1112096.0865382003,1111687.7995025346,408.28703566570766
2003-02-07,2.6987735437549216,0.0026987735437549215,701681.1213762796,701423.5111675062,257.61020877340343
2003-02-08,2.7533106530023885,0.0027533106530023884,715860.7697806209,715597.9537567351,262.8160238858545
2003-02-09,5.16616050986735,0.00516616050986735,1343201.732565511,1342708.5990491463,493.1335163647309
2003-02-10,5.558345163534218,0.005558345163534218,1445169.7425188967,1444639.1731936836,530.5693252130877
2003-02-11,4.748671051074105,0.0047486710510741045,1234654.473279267,1234201.1910304863,453.28224878082983
2003-02-12,4.450848506995233,0.004450848506995233,1157220.6118187606,1156795.758086309,424.8537324515637
2003-02-13,4.196541434318153,0.0041965414343181524,1091100.7729227196,1090700.1939569435,400.5789657761343
2003-02-14,4.234121178193271,0.0042341211781932704,1100871.5063302503,1100467.3402070086,404.1661232416518
2003-02-15,6.812865336144444,0.006812865336144444,1771344.9873975555,1770694.668416309,650.3189812465571
2003-02-16,5.678811725928388,0.005678811725928388,1476491.048741381,1475948.9803349054,542.0684064754751
2003-02-17,5.8023571073636315,0.005802357107363631,1508612.8479145442,1508058.9865395261,553.861375018023
2003-02-18,4.86800485106526,0.00486800485106526,1265681.2612769676,1265216.5880742474,464.6732027202379
2003-02-19,4.373287060723603,0.004373287060723603,1137054.6357881369,1136637.1856484814,417.4501396554988
2003-02-20,2.610926532029462,0.002610926532029462,678840.8983276602,678591.6735156841,249.22481197607704
2003-02-21,3.7314598811293305,0.0037314598811293304,970179.5690936259,969823.3842772926,356.18481633323245
2003-02-22,6.587484132921969,0.00658748413292197,1712745.8745597121,1712117.069239347,628.8053203651216
2003-02-23,6.782119373000323,0.006782119373000323,1763351.036980084,1762703.6528408523,647.384139231639
2003-02-24,2.585643016898115,0.002585643016898115,672267.18439351,672020.3730080427,246.81138546729926
2003-02-25,3.386692959490235,0.003386692959490235,880540.1694674611,880216.8942217982,323.27524566289503
2003-02-26,4.101617726752181,0.004101617726752181,1066420.608955567,1066029.0908893913,391.51806617574766
2003-02-27,6.0663700485917245,0.006066370048591724,1577256.2126338482,1576677.1500228592,579.0626109889708
2003-02-28,6.436063290296765,0.0064360632902967655,1673376.455477159,1672762.1039648845,614.351512274472
2003-03-01,5.5733887939845985,0.005573388793984599,1449081.0864359958,1448549.0811278378,532.0053081579972
2003-03-02,4.895262657728981,0.004895262657728982,1272768.2910095353,1272301.0159252007,467.27508433465846
2003-03-03,5.0380380494164125,0.005038038049416413,1309889.8928482672,1309408.9892034535,480.90364481369033
2003-03-04,6.204199795331098,0.0062041997953310975,1613091.9467860854,1612499.7276989205,592.219087164849
2003-03-05,6.279538876755008,0.0062795388767550074,1632680.107956302,1632080.6974111728,599.4105451290961
2003-03-06,6.320971201607463,0.006320971201607463,1643452.5124179404,1642849.14696897,603.3654489703476
2003-03-07,7.032181992547282,0.007032181992547282,1828367.3180622933,1827696.0643087411,671.2537535522133
2003-03-08,6.530764821511375,0.006530764821511375,1697998.8535929576,1697375.462388826,623.3912041315343
2003-03-09,5.631859843987331,0.005631859843987331,1464283.5594367061,1463745.972800899,537.5866358070634
2003-03-10,5.386709662959724,0.005386709662959724,1400544.5123695284,1400030.3264334435,514.1859360849485
2003-03-11,4.189642762851591,0.004189642762851591,1089307.1183414138,1088907.1978852043,399.9204562094528
2003-03-12,6.398981594407228,0.006398981594407228,1663735.2145458793,1663124.4026501249,610.8118957544211
2003-03-13,6.534113776045347,0.006534113776045346,1698869.58177179,1698245.870894717,623.7108770729974
2003-03-14,6.596946814913449,0.006596946814913449,1715206.1718774966,1714576.4633010991,629.7085763975047
2003-03-15,6.0625311577678715,0.006062531157767871,1576258.1010196465,1575679.404848246,578.6961714006029
2003-03-16,5.957088684071391,0.005957088684071391,1548843.0578585616,1548274.4266508278,568.6312077338807
2003-03-17,7.984497431636582,0.007984497431636583,2075969.3322255115,2075207.1756321676,762.1565933439415
2003-03-18,8.723395341789047,0.008723395341789047,2268082.7888651523,2267250.1011057766,832.6877593756653
2003-03-19,9.251468849667605,0.009251468849667604,2405381.900913577,2404498.806136196,883.0947773810476
2003-03-20,5.832236328808762,0.0058322363288087625,1516381.4454902783,1515824.7320076828,556.7134825955145
2003-03-21,7.58992135897527,0.00758992135897527,1973379.5533335702,1972655.0608208939,724.4925126763992
2003-03-22,6.227309152380678,0.006227309152380678,1619100.3796189763,1618505.9546385796,594.4249803966377
2003-03-23,7.959243661492544,0.007959243661492544,2069403.3519880616,2068643.605981932,759.7460061295424
2003-03-24,7.308774255029463,0.007308774255029463,1900281.3063076604,1899583.6505647127,697.6557429477107
2003-03-25,7.869706633071292,0.007869706633071292,2046123.724598536,2045372.5253089836,751.1992895524018
2003-03-26,7.834476141848807,0.007834476141848807,2036963.79688069,2036215.960501753,747.8363789368887
2003-03-27,9.069196998581116,0.009069196998581117,2357991.2196310903,2357125.523530868,865.6961002224125
2003-03-28,7.840252132242151,0.00784025213224215,2038465.5543829591,2037717.16665947,748.3877234891988
2003-03-29,5.235530932421389,0.005235530932421389,1361238.042429561,1360738.287190867,499.7552386941388
2003-03-30,7.073071845990501,0.007073071845990501,1838998.6799575302,1838323.5230814999,675.156876030378
2003-03-31,8.740862680051197,0.008740862680051198,2272624.2968133115,2271789.9417170575,834.3550962540321
2003-04-01,8.79007176104694,0.00879007176104694,2285418.6578722047,2284579.6055453666,839.0523268380202
2003-04-02,8.783237346805954,0.008783237346805955,2283641.710169548,2282803.310218632,838.3999509159476
2003-04-03,7.913667294441694,0.007913667294441694,2057553.4965548406,2056798.1010202274,755.3955346131697
2003-04-04,9.029737776888169,0.00902973777688817,2347731.821990924,2346869.892452873,861.9295380511321
2003-04-05,7.2323910648692005,0.007232391064869201,1880421.6768659921,1879731.312245936,690.3646200562362
2003-04-06,9.131263914756241,0.009131263914756242,2374128.617836623,2373256.997166971,871.6206696517766
2003-04-07,7.036285348273174,0.007036285348273174,1829434.1905510253,1828762.545113507,671.6454375183675
2003-04-08,8.58510809715115,0.00858510809715115,2232128.105259299,2231308.6176463543,819.487612944562
2003-04-09,7.576341135163023,0.0075763411351630235,1969848.695142386,1969125.4989238353,723.1962185506709
2003-04-10,6.684488856762341,0.006684488856762341,1737967.1027582088,1737329.0378957756,638.0648624331225
2003-04-11,8.4620653349374,0.0084620653349374,2200136.9870837242,2199329.2444620314,807.7426216928288
2003-04-12,8.637475953429401,0.008637475953429402,2245743.7478916445,2244919.261528649,824.4863629955798
2003-04-13,6.723118623112904,0.0067231186231129034,1748010.8420093548,1747369.0897600353,641.752249319572
2003-04-14,6.563406525084359,0.006563406525084359,1706485.6965219332,1705859.189518741,626.5070031920914
2003-04-15,6.024554298932811,0.006024554298932811,1566384.1177225308,1565809.0466150248,575.0711075060535
2003-04-16,8.710194230482388,0.008710194230482388,2264650.4999254206,2263819.0722721578,831.4276532628573
2003-04-17,7.669445715510575,0.007669445715510575,1994055.8860327494,1993323.802558565,732.0834741843864
2003-04-18,6.658921553058615,0.006658921553058615,1731319.60379524,1730683.9794482253,635.6243470145855
2003-04-19,7.960918521955321,0.007960918521955322,2069838.8157083837,2069078.9098292056,759.9058791780844
2003-04-20,8.393571088768988,0.008393571088768988,2182328.483079937,2181527.2785455524,801.204534384422
2003-04-21,3.7701390897563924,0.0037701390897563925,980236.163336662,979876.2864139522,359.87692270975094
2003-04-22,6.894364840498217,0.006894364840498217,1792534.8585295365,1791876.7600499399,658.0984795966651
2003-04-23,7.440114269317034,0.007440114269317034,1934429.710022429,1933719.517277783,710.1927446459886
2003-04-24,9.965100568866388,0.009965100568866389,2590926.1479052613,2589974.9337346856,951.2141705756076
2003-04-25,9.702086490281939,0.009702086490281939,2522542.487473304,2521616.3791927174,926.1082805865444
2003-04-26,9.692775359827333,0.009692775359827334,2520121.593555107,2519196.374064269,925.2194908377714
2003-04-27,8.176506631528389,0.008176506631528389,2125891.724197381,2125111.23945265,780.4847447313368
2003-04-28,6.159035415567553,0.006159035415567553,1601349.2080475637,1600761.3001058549,587.9079417088069
2003-04-29,6.72121035560955,0.00672121035560955,1747514.692458483,1746873.1223619755,641.5700965074357
2003-04-30,8.465384840468944,0.008465384840468944,2201000.0585219255,2200191.9990383326,808.0594835928641
2003-05-01,7.3265427173752915,0.007326542717375291,1904901.1065175757,1904201.754694086,699.3518234896474
2003-05-02,7.246225553445337,0.007246225553445337,1884018.6438957874,1883326.9587108772,691.685184910195
2003-05-03,7.075043251053951,0.007075043251053951,1839511.245274027,1838835.9002184174,675.3450556097087
2003-05-04,8.532883903093047,0.008532883903093048,2218549.8148041926,2217735.3122280864,814.5025761062279
2003-05-05,8.822820460888552,0.008822820460888552,2293933.3198310235,2293091.1414918443,842.1783391791396
2003-05-06,9.088017739570951,0.009088017739570952,2362884.6122884476,2362017.119662901,867.4926255466416
2003-05-07,9.435499453283814,0.009435499453283815,2453229.8578537917,2452329.1965183243,900.6613354673609
2003-05-08,7.729986115834147,0.007729986115834147,2009796.3901168783,2009058.5277861452,737.8623307331
2003-05-09,6.046851703930726,0.006046851703930726,1572181.4430219887,1571604.243525767,577.1994962217286
2003-05-10,8.115830216727288,0.008115830216727288,2110115.856349095,2109341.1634441125,774.6929049822502
2003-05-11,8.752315257266098,0.008752315257266097,2275601.9668891854,2274766.5185923497,835.448296835646
2003-05-12,5.445415634893055,0.005445415634893055,1415808.0650721944,1415288.2753840936,519.7896881008055
2003-05-13,7.867449073857052,0.007867449073857051,2045536.7592028333,2044785.7754075753,750.9837952579837
2003-05-14,9.70993293631292,0.00970993293631292,2524582.5634413594,2523655.7061818135,926.8572595459409
2003-05-15,8.757650568060455,0.008757650568060455,2276989.1476957183,2276153.1901192022,835.9575765160844
2003-05-16,10.768206305302389,0.010768206305302388,2799733.639378621,2798705.7651129775,1027.8742656433024
2003-05-17,9.895431431605898,0.009895431431605898,2572812.1722175335,2571867.6082829647,944.5639345687814
2003-05-18,10.441615539824562,0.010441615539824563,2714820.0403543864,2713823.340662643,996.6996917435899
2003-05-19,10.074497445880024,0.010074497445880024,2619369.335928806,2618407.6793287825,961.6566000236198
2003-05-20,8.735292019260585,0.008735292019260585,2271175.925007752,2270342.1016564057,833.823351346422
2003-05-21,4.895855263842041,0.00489585526384204,1272922.3685989305,1272455.036947647,467.3316512834281
2003-05-22,6.666990112070622,0.006666990112070622,1733417.4291383617,1732781.0346106936,636.3945276681334
2003-05-23,10.221008206610911,0.01022100820661091,2657462.133718837,2656486.4920003708,975.6417184663005
2003-05-24,10.477872251444271,0.01047787225144427,2724246.7853755103,2723246.624815747,1000.1605597632006
2003-05-25,7.984946906719037,0.007984946906719036,2076086.1957469494,2075323.9962491647,762.1994977847207
2003-05-26,6.919995080256965,0.006919995080256965,1799198.720866811,1798538.175864263,660.5450025480241
2003-05-27,2.729475946294586,0.002729475946294586,709663.7460365924,709403.205143862,260.5408927303506
2003-05-28,6.619702024980648,0.006619702024980648,1721122.5264949684,1720490.6458302792,631.8806646892335
2003-05-29,9.150311937357865,0.009150311937357864,2379081.103713045,2378207.6648230054,873.4388900394551
2003-05-30,9.428087469864083,0.009428087469864083,2451302.7421646616,2450402.7883367212,899.9538279403932
2003-05-31,8.490471526507356,0.008490471526507356,2207522.5968919126,2206712.142770043,810.4541218695231
2003-06-01,9.05199477008309,0.00905199477008309,2353518.640221603,2352654.586152327,864.0540692764334
2003-06-02,8.33478668683025,0.008334786686830251,2167044.5385758653,2166248.945279998,795.5932958675548
2003-06-03,8.757590767172815,0.008757590767172814,2276973.5994649315,2276137.647596682,835.9518682495691
2003-06-04,9.75182848277744,0.00975182848277744,2535475.4055221346,2534544.5491421376,930.8563799969852
2003-06-05,9.028593654906569,0.00902859365490657,2347434.350275708,2346572.5299493033,861.820326404646
2003-06-06,8.844564628275368,0.008844564628275368,2299586.803351596,2298742.5494327475,844.2539188484661
2003-06-07,9.816612010381794,0.009816612010381795,2552319.1226992668,2551382.0824369243,937.0402623424307
2003-06-08,9.528273545035551,0.009528273545035552,2477351.1217092434,2476441.6046647816,909.5170444617979
2003-06-09,8.485041407198702,0.008485041407198702,2206110.7658716626,2205300.830079377,809.9357922854833
2003-06-10,9.421080525189542,0.009421080525189541,2449480.936549281,2448581.6515660775,899.2849832032807
2003-06-11,7.9125147510793985,0.007912514751079399,2057253.8352806438,2056498.5497615363,755.2855191074777
2003-06-12,8.775682391270266,0.008775682391270266,2281677.421730269,2280839.742934219,837.6787960501388
2003-06-13,4.566541815245301,0.0045665418152453004,1187300.871963778,1186864.9747788808,435.8971848972142
2003-06-14,8.384095213427017,0.008384095213427017,2179864.7554910243,2179064.4554720377,800.3000189866871
2003-06-15,8.503432608299702,0.008503432608299702,2210892.4781579226,2210080.786841849,811.6913160737604
2003-06-16,9.169866164252204,0.009169866164252204,2384165.2027055733,2383289.8972756444,875.3054299289361
2003-06-17,8.176464447711862,0.008176464447711862,2125880.756405084,2125100.2756869895,780.4807180943899
2003-06-18,8.458695030527805,0.008458695030527805,2199260.7079372294,2198453.2870264207,807.4209108087234
2003-06-19,9.135104171945496,0.009135104171945496,2375127.0847058287,2374255.097466163,871.9872396658175
2003-06-20,9.869630958040663,0.009869630958040663,2566104.0490905726,2565161.947928546,942.1011620266363
2003-06-21,9.394571202414442,0.009394571202414442,2442588.512627755,2441691.7580799744,896.7545477803797
2003-06-22,10.55039075122321,0.01055039075122321,2743101.5953180348,2742094.5125376536,1007.082780381199
2003-06-23,9.589235591390267,0.009589235591390266,2493201.2537614694,2492285.917612428,915.3361490415409
2003-06-24,7.6504883677622235,0.007650488367762224,1989126.9756181783,1988396.7017090544,730.2739091238473
2003-06-25,9.19753653625343,0.00919753653625343,2391359.499425892,2390481.5527331103,877.9466927815229
2003-06-26,9.12220304418445,0.00912220304418445,2371772.791487957,2370902.0357196103,870.7557683466002
2003-06-27,7.182077358480031,0.007182077358480031,1867340.113204808,1866654.5512568534,685.5619479545858
2003-06-28,9.297778367514804,0.009297778367514803,2417422.3755538487,2416534.8603223735,887.515231475234
2003-06-29,6.695756260551243,0.006695756260551243,1740896.627743323,1740257.487355954,639.140387369087
2003-06-30,7.228962439174516,0.007228962439174516,1879530.2341853743,1878840.1968432341,690.0373421402182
2003-07-01,6.84556201178413,0.0068455620117841304,1779846.123063874,1779192.6830362333,653.4400276406668
2003-07-02,8.552594031843597,0.008552594031843597,2223674.448279335,2222858.064281798,816.3839975371957
2003-07-03,9.214659199314474,0.009214659199314473,2395811.391821763,2394931.8106929185,879.5811288445257
2003-07-04,8.129257534169428,0.008129257534169428,2113606.9588840515,2112830.984280552,775.9746034997515
2003-07-05,7.161360923346191,0.007161360923346191,1861953.8400700095,1861270.2556000068,683.5844700026792
2003-07-06,8.047574825627683,0.008047574825627683,2092369.4546631975,2091601.2770457212,768.1776174763218
2003-07-07,8.632411373057783,0.008632411373057784,2244426.956995024,2243602.9540692586,824.002925765235
2003-07-08,10.031911504579732,0.010031911504579731,2608296.99119073,2607339.3996124845,957.5915782456286
2003-07-09,6.7355331477834675,0.006735533147783467,1751238.6184237015,1750595.681151541,642.9372721605469
2003-07-10,9.280609997823438,0.009280609997823439,2412958.599434094,2412072.7230015877,885.8764325063676
2003-07-11,8.868160250165337,0.008868160250165336,2305721.6650429876,2304875.1588147166,846.5062282709405
2003-07-12,9.453373043286042,0.009453373043286042,2457876.991254371,2456974.623803449,902.3674509222619
2003-07-13,9.887347239946632,0.009887347239946631,2570710.282386124,2569766.490124416,943.7922617080621
2003-07-14,10.08786899737831,0.01008786899737831,2622845.9393183608,2621883.006342933,962.9329754277132
2003-07-15,9.404343305470094,0.009404343305470094,2445129.2594222245,2444231.572082764,897.6873394604772
2003-07-16,7.153613476798948,0.007153613476798948,1859939.5039677266,1859256.6590267322,682.8449409944005
2003-07-17,7.9599323086137055,0.007959932308613705,2069582.4002395633,2068822.5884989342,759.8117406291422
2003-07-18,8.90119010707531,0.00890119010707531,2314309.4278395805,2313459.7687612474,849.6590783330612
2003-07-19,9.273587123185857,0.009273587123185857,2411132.6520283227,2410247.4459611406,885.2060671821237
2003-07-20,9.29948246243787,0.00929948246243787,2417865.440233846,2416977.7623387603,887.6778950858861
2003-07-21,9.862883410514032,0.009862883410514032,2564349.686733648,2563408.229655721,941.4570779269561
2003-07-22,9.5595489378505,0.009559548937850501,2485482.7238411303,2484570.2214181838,912.5024229465052
2003-07-23,7.9166391097334685,0.007916639109733468,2058326.168530702,2057570.4893228032,755.6792078986764
2003-07-24,8.951059775588446,0.008951059775588445,2327275.5416529956,2326421.122287996,854.4193649995141
2003-07-25,9.547344917118846,0.009547344917118845,2482309.6784508997,2481398.340957236,911.3374936636537
2003-07-26,9.341355937601808,0.009341355937601808,2428752.5437764702,2427860.8688677396,891.6749087306671
2003-07-27,7.6828311399516975,0.007682831139951697,1997536.0963874413,1996802.7352136169,733.3611738244072
2003-07-28,7.121329812970623,0.007121329812970622,1851545.7513723618,1850865.9880539058,679.7633184560109
2003-07-29,6.462181359452069,0.006462181359452069,1680167.153457538,1679550.3088567776,616.844600760378
2003-07-30,8.810992644494979,0.008810992644494978,2290858.0875686943,2290017.038248383,841.0493203112856
2003-07-31,8.878357817290345,0.008878357817290345,2308373.03249549,2307525.552863058,847.4796324316412
2003-08-01,9.889634109036662,0.009889634109036661,2571304.868349532,2570360.857795769,944.010553763248
2003-08-02,9.846106290058781,0.009846106290058781,2559987.635415283,2559047.7797898054,939.8556254776195
2003-08-03,9.10149021322615,0.00910149021322615,2366387.455438799,2365518.6768043693,868.7786344299093
2003-08-04,10.009025040296448,0.010009025040296448,2602346.5104770763,2601391.103515934,955.4069611420855
2003-08-05,9.999233213111479,0.00999923321311148,2599800.6354089845,2598846.1631222805,954.4722867039964
2003-08-06,9.525320196382445,0.009525320196382445,2476583.251059436,2475674.015925535,909.2351339007728
2003-08-07,9.712728483697365,0.009712728483697365,2525309.405761315,2524382.281654057,927.1241072579287
2003-08-08,8.886927243660027,0.008886927243660027,2310601.083351607,2309752.7857284546,848.297623152379
2003-08-09,9.181177300833937,0.009181177300833938,2387106.098216824,2386229.713087465,876.3851293586195
2003-08-10,8.840200816300298,0.008840200816300298,2298452.2122380775,2297608.3748649284,843.8373731491156
2003-08-11,8.861631856943664,0.008861631856943664,2304024.2828053525,2303178.3997419057,845.8830634467304
2003-08-12,8.597161763182966,0.008597161763182965,2235262.058427571,2234441.4202373833,820.6381901875138
2003-08-13,7.6950703252846075,0.0076950703252846074,2000718.2845739978,1999983.7551142697,734.5294597281609
2003-08-14,6.7857702271594045,0.006785770227159404,1764300.259061445,1763652.5264315798,647.7326298651751
2003-08-15,6.940107884349618,0.006940107884349618,1804428.0499309006,1803765.5850697288,662.4648611717857
2003-08-16,7.4965677820323045,0.007496567782032304,1949107.6233283991,1948392.041839214,715.5814891851041
2003-08-17,9.447020921487061,0.00944702092148706,2456225.4395866357,2455323.678474629,901.7611120068468
2003-08-18,9.962896020216515,0.009962896020216515,2590352.965256294,2589401.9615199133,951.0037363804877
2003-08-19,9.963179375533574,0.009963179375533574,2590426.637638729,2589475.6068547945,951.0307839345187
2003-08-20,9.321283914114268,0.009321283914114268,2423533.8176697097,2422644.058726908,889.7589428015053
2003-08-21,9.8087959004186,0.0098087959004186,2550286.9341088356,2549350.639929737,936.2941790986806
2003-08-22,9.077058270261851,0.009077058270261852,2360035.1502680816,2359168.7037737244,866.4464943571948
2003-08-23,8.400327068894512,0.008400327068894512,2184085.037912573,2183283.18848916,801.8494234131649
2003-08-24,7.487491952092797,0.007487491952092797,1946747.9075441272,1946033.1923841867,714.7151599405333
2003-08-25,6.000472101549033,0.006000472101549034,1560122.7464027489,1559549.974050509,572.7723522398155
2003-08-26,6.959435433827353,0.0069594354338273524,1809453.2127951116,1808788.9030314405,664.3097636711318
2003-08-27,7.63642682595505,0.00763642682595505,1985470.974748313,1984742.0430773064,728.931671006605
2003-08-28,9.075599746323729,0.009075599746323729,2359655.9340441693,2358789.626772555,866.3072716142051
2003-08-29,9.397969490334333,0.009397969490334333,2443472.0674869264,2442574.988557109,897.078929817304
2003-08-30,7.780812024984615,0.007780812024984616,2023011.126496,2022268.4126010821,742.7138949178625
2003-08-31,4.23913295871524,0.0042391329587152405,1102174.5692659626,1101769.9247454766,404.6445204860065
2003-09-01,5.234420160121551,0.005234420160121551,1360949.241631603,1360449.5924211766,499.64921042649075
2003-09-02,8.16120399106176,0.00816120399106176,2121913.0376760573,2121134.013637955,779.0240381024778
2003-09-03,5.79190048390904,0.00579190048390904,1505894.1258163503,1505341.262573598,552.8632427523844
2003-09-04,5.074319553067679,0.005074319553067679,1319323.0837975966,1318838.716918251,484.3668793456163
2003-09-05,7.147191781383969,0.0071471917813839695,1858269.863159832,1857587.631198871,682.2319609611295
2003-09-06,7.940070167821168,0.007940070167821169,2064418.2436335038,2063660.3278245463,757.9158089575358
2003-09-07,8.471884533674466,0.008471884533674466,2202689.9787553614,2201881.2988464916,808.679908869788
2003-09-08,7.536884447782031,0.007536884447782031,1959589.956423328,1958870.526525037,719.4298982911278
2003-09-09,7.881294602776077,0.007881294602776076,2049136.5967217798,2048384.291307817,752.3054139628075
2003-09-10,7.979253926669988,0.007979253926669988,2074606.020934197,2073844.3648572494,761.65607694746
2003-09-11,7.788900245023762,0.007788900245023762,2025114.0637061782,2024370.5777538724,743.4859523058403
2003-09-12,8.096105538632004,0.008096105538632005,2104987.440044321,2104214.6299495706,772.8100947504863
2003-09-13,9.021286213558483,0.009021286213558483,2345534.4155252054,2344673.2927273116,861.1227978938259
2003-09-14,4.795125344895399,0.004795125344895399,1246732.5896728036,1246274.8731504034,457.7165224002674
2003-09-15,6.394198085644557,0.006394198085644557,1662491.5022675847,1661881.146979497,610.3552880876232
2003-09-16,7.9628361992718935,0.007962836199271893,2070337.4118106922,2069577.3228804928,760.0889301993884
2003-09-17,5.567796664512024,0.005567796664512023,1447627.132773126,1447095.6612591592,531.4715139667969
2003-09-18,6.631449452676139,0.006631449452676139,1724176.857695796,1723543.855685706,633.0020100900438
2003-09-19,5.914440101350233,0.005914440101350233,1537754.4263510606,1537189.8661445132,564.5602065473795
2003-09-20,3.8380184866531075,0.0038380184866531075,997884.806529808,997518.4502099489,366.35631985904183
2003-09-21,4.881092105654758,0.004881092105654758,1269083.947470237,1268618.0250295454,465.92244069161825
2003-09-22,6.686099925903732,0.006686099925903732,1738385.9807349704,1737747.7620886606,638.2186463098042
2003-09-23,5.92820401685482,0.00592820401685482,1541333.0443822532,1540767.1703473725,565.8740348806605
2003-09-24,6.105755279583252,0.0061057552795832516,1587496.3726916455,1586913.5505812343,582.8221104112454
2003-09-25,4.355684730150947,0.004355684730150947,1132478.0298392463,1132062.2599220993,415.76991714700125
2003-09-26,3.963981688058015,0.003963981688058015,1030635.2388950839,1030256.8588147701,378.38008031377103
2003-09-27,5.42648719470965,0.00542648719470965,1410886.670624509,1410368.6877421103,517.9828823986463
2003-09-28,6.9681272845028355,0.0069681272845028355,1811713.0939707372,1811047.9545303886,665.1394403486047
2003-09-29,8.061262621379193,0.008061262621379192,2095928.28155859,2095158.797378757,769.4841798329726
2003-09-30,7.878292874281876,0.007878292874281876,2048356.147313288,2047604.1284279618,752.0188853261061
2003-10-01,7.046059864914263,0.007046059864914264,1831975.5648777087,1831302.9864181224,672.5784595862497
2003-10-02,7.531138699371541,0.0075311386993715404,1958096.0618366005,1957377.1803961268,718.8814404737204
2003-10-03,7.783407409430143,0.007783407409430143,2023685.9264518372,2022942.9648156704,742.9616361667868
2003-10-04,6.060888378187148,0.006060888378187148,1575830.9783286585,1575252.4389680403,578.5393606182188
2003-10-05,5.978333555136286,0.0059783335551362865,1554366.7243354344,1553796.0652081356,570.6591272987425
2003-10-06,6.377556762663897,0.006377556762663897,1658164.758292613,1657555.9914944887,608.7667981244158
2003-10-07,5.819955273368556,0.005819955273368555,1513188.3710758244,1512632.8298758247,555.5411999996286
2003-10-08,4.064886391780675,0.004064886391780675,1056870.4618629755,1056482.4499697767,388.0118931988254
2003-10-09,4.741059094615419,0.004741059094615419,1232675.364600009,1232222.8089470912,452.5556529178284
2003-10-10,3.754806833768809,0.003754806833768809,976249.7767798904,975891.3633907457,358.41338914469816
2003-10-11,3.0074573258185606,0.0030074573258185608,781938.9047128258,781651.8292331605,287.07547966530547
2003-10-12,3.2911231469683715,0.0032911231469683715,855692.0182117766,855377.8655393705,314.1526724061696
2003-10-13,4.084741757649878,0.004084741757649878,1062032.8569889683,1061642.9498107953,389.9071781730745
2003-10-14,6.809526925055901,0.0068095269250559014,1770477.0005145343,1769827.0001998094,650.0003147248644
2003-10-15,6.5673392564549715,0.006567339256454971,1707508.2066782925,1706881.324278005,626.8824002875481
2003-10-16,6.375757885019679,0.006375757885019679,1657697.0501051166,1657088.4550180447,608.5950870718807
2003-10-17,5.937106383588779,0.00593710638358878,1543647.6597330829,1543080.9359268097,566.7238062731922
2003-10-18,5.943895495054816,0.005943895495054816,1545412.8287142522,1544845.4568564126,567.3718578396365
2003-10-19,6.181144142287319,0.006181144142287319,1607097.4769947028,1606507.458674478,590.0183202247135
2003-10-20,6.319100943134192,0.006319100943134192,1642966.2452148898,1642363.0582905966,603.1869242931716
2003-10-21,6.106201714137862,0.006106201714137862,1587612.445675844,1587029.5809512243,582.8647246197797
2003-10-22,6.1280289847931275,0.006128028984793128,1593287.5360462132,1592702.587809339,584.9482368743047
2003-10-23,6.269346243922139,0.006269346243922139,1630030.0234197562,1629431.5858077873,598.437611968955
2003-10-24,5.927821871343462,0.0059278218713434624,1541233.6865493003,1540667.8489919468,565.837557353545
2003-10-25,5.012013952549345,0.005012013952549345,1303123.6276628296,1302645.2081364193,478.4195264102891
2003-10-26,3.1975598827050273,0.003197559882705027,831365.569503307,831060.3478700005,305.22163330647163
2003-10-27,5.88479650552427,0.00588479650552427,1530047.0914363102,1529485.3608458035,561.7305905066896
2003-10-28,5.981503006860972,0.005981503006860972,1555190.7817838527,1554619.8201179723,570.9616658804007
2003-10-29,5.817768651353693,0.005817768651353692,1512619.84935196,1512064.5168749765,555.3324769835453
2003-10-30,4.1891839383966385,0.004189183938396638,1089187.8239831259,1088787.9473237975,399.8766593283508
2003-10-31,5.469012181227536,0.005469012181227536,1421943.1671191594,1421421.125033394,522.0420857653953
2003-11-01,4.694217190855354,0.004694217190855354,1220496.469622392,1220048.3852422251,448.08438016683795
2003-11-02,5.889710789916982,0.005889710789916982,1531324.8053784154,1530762.6056971133,562.1996813020669
2003-11-03,5.41055752094127,0.00541055752094127,1406744.9554447301,1406228.4931221406,516.4623225894757
2003-11-04,4.165435082867718,0.004165435082867717,1083013.1215456065,1082615.511822548,397.6097230585292
2003-11-05,4.437249242490286,0.004437249242490286,1153684.8030474745,1153261.2474266693,423.55562080512755
2003-11-06,3.484167804156503,0.003484167804156503,905883.6290806908,905551.049417789,332.579662901815
2003-11-07,2.6184741528862823,0.002618474152886282,680803.2797504334,680553.33448372,249.94526671338826
2003-11-08,2.387839421875478,0.0023878394218754782,620838.2496876244,620610.3195549127,227.93013271165546
2003-11-09,2.603022892764798,0.002603022892764798,676785.9521188474,676537.4817451849,248.4703736625379
2003-11-10,3.4733184816921963,0.003473318481692196,903062.805239971,902731.2611942411,331.5440457299119
2003-11-11,3.799778869554039,0.0037997788695540388,987942.50608405,987579.7999095569,362.70617449318524
2003-11-12,4.124932662042178,0.004124932662042178,1072482.4921309662,1072088.7485481806,393.7435827855952
2003-11-13,3.8761024703424756,0.0038761024703424757,1007786.6422890436,1007416.6506797355,369.99160930817015
2003-11-14,3.8237413402790406,0.0038237413402790405,994172.7484725505,993807.7549712453,364.9935013052309
2003-11-15,2.8806152175801247,0.002880615217580125,748959.9565708325,748684.9887472765,274.9678235560423
2003-11-16,3.5250828396253686,0.0035250828396253685,916521.5383025958,916185.0531134768,336.48518911900464
2003-11-17,2.570510648025649,0.002570510648025649,668332.7684866687,668087.4015546322,245.36693203647155
2003-11-18,6.58747697120001,0.00658747697120001,1712744.0125120026,1712115.2078752564,628.8046367461793
2003-11-19,4.933502673145496,0.004933502673145495,1282710.6950178288,1282239.769750107,470.92526772175916
2003-11-20,5.354474324984694,0.005354474324984694,1392163.3244960206,1391652.2155695516,511.10892646899447
2003-11-21,5.005881660882757,0.005005881660882757,1301529.2318295168,1301051.3976582359,477.83417128096335
2003-11-22,4.882083030420127,0.004882083030420126,1269341.5879092328,1268875.5708802657,466.0170289671514
2003-11-23,5.6774967534809635,0.005677496753480963,1476149.1559050505,1475607.2130186756,541.9428863748908
2003-11-24,4.532897788193254,0.004532897788193254,1178553.424930246,1178120.739220744,432.6857095020823
2003-11-25,4.303607137843647,0.004303607137843647,1118937.8558393482,1118527.0569652359,410.79887411231175
2003-11-26,4.195160706211111,0.004195160706211111,1090741.7836148888,1090341.3364458901,400.44716899865307
2003-11-27,5.7961087464324725,0.005796108746432473,1506988.274072443,1506435.0091318935,553.2649405493867
2003-11-28,4.112595469731473,0.0041125954697314735,1069274.822130183,1068882.256188513,392.5659416699782
2003-11-29,4.732261516689597,0.004732261516689597,1230387.9943392952,1229936.2784552018,451.71588409342803
2003-11-30,4.272903308108626,0.004272903308108626,1110954.8601082428,1110546.9920543197,407.8680539231282
2003-12-01,3.5104358816925187,0.0035104358816925186,912713.3292400548,912378.242169685,335.08707036986016
2003-12-02,3.5447982314695476,0.0035447982314695476,921647.5401820823,921309.1730691462,338.3671129361028
2003-12-03,4.230013648288843,0.004230013648288842,1099803.548555099,1099399.7745142677,403.77404083125293
2003-12-04,3.75509456705339,0.00375509456705339,976324.5874338814,975966.1465792861,358.4408545952756
2003-12-05,2.3255175011057583,0.0023255175011057585,604634.5502874972,604412.5690655631,221.981221934082
2003-12-06,4.182820082539623,0.004182820082539623,1087533.221460302,1087133.9522599578,399.2692003441043
2003-12-07,4.580532027573467,0.004580532027573467,1190938.3271691015,1190501.0945548099,437.232614291599
2003-12-08,4.430509643192762,0.004430509643192762,1151932.5072301181,1151509.5949347175,422.9122954006307
2003-12-09,5.720796724420392,0.005720796724420392,1487407.148349302,1486861.0722837725,546.0760655293707
2003-12-10,4.137482726168359,0.004137482726168359,1075745.5088037732,1075350.567260289,394.94154348410666
2003-12-11,4.388775616533851,0.004388775616533851,1141081.6602988013,1140662.7317060516,418.9285927496385
2003-12-12,4.309234983278065,0.004309234983278065,1120401.095652297,1119989.7595747423,411.3360775546171
2003-12-13,4.66583225293586,0.00466583225293586,1213116.3857633236,1212671.0108545758,445.37490874785
2003-12-14,4.482682022267576,0.004482682022267576,1165497.3257895696,1165069.4334033064,427.8923862632364
2003-12-15,3.772925623431972,0.003772925623431972,980960.6620923128,980600.5191822905,360.14291002228856
2003-12-16,4.797068561250915,0.004797068561250915,1247237.825925238,1246779.9239139988,457.9020112392027
2003-12-17,4.18168159636204,0.00418168159636204,1087237.2150541304,1086838.05452747,399.1605266605038
2003-12-18,4.385184696609894,0.004385184696609894,1140148.0211185724,1139729.435295461,418.5858231114689
2003-12-19,4.006942525174584,0.004006942525174585,1041805.056545392,1041422.5756577896,382.48088760243263
2003-12-20,4.628637212623494,0.004628637212623494,1203445.6752821084,1203003.8508091215,441.8244729868602
2003-12-21,4.37000049704709,0.00437000049704709,1136200.1292322434,1135782.9928100382,417.1364222052507
2003-12-22,4.31157471405686,0.00431157471405686,1121009.4256547836,1120597.866239285,411.5594154985156
2003-12-23,4.684122091899275,0.004684122091899275,1217871.7438938115,1217424.6231367525,447.1207570589613
2003-12-24,3.4507310176392636,0.0034507310176392636,897190.0645862086,896860.6766166503,329.38796955824364
2003-12-25,4.486089523530251,0.004486089523530251,1166383.2761178652,1165955.0584701092,428.2176477559842
2003-12-26,3.850204925093441,0.003850204925093441,1001053.2805242946,1000685.7609534624,367.51957083214074
2003-12-27,3.144633585027899,0.003144633585027899,817604.7321072537,817304.5625297694,300.16957748436835
2003-12-28,4.8667069815571145,0.004866706981557114,1265343.8152048497,1264879.2658896768,464.5493151729461
2003-12-29,4.6076786049871625,0.004607678604987162,1197996.4372966622,1197556.6134180939,439.8238785683643
2003-12-30,4.862097858471869,0.004862097858471869,1264145.443202686,1263681.3338492739,464.10935341217555
2003-12-31,3.5668293240380686,0.0035668293240380686,927375.6242498978,927035.1541689787,340.4700809190981
2004-01-01,2.4686796362410237,0.0024686796362410235,641856.7054226662,641621.058723832,235.64669883414172
2004-01-02,3.4400038241151853,0.0034400038241151855,894400.9942699482,894072.6302597991,328.36401014914736
2004-01-03,3.3164536665166904,0.0033164536665166904,862277.9532943395,861961.3827086393,316.57058570021763
2004-01-04,3.1203430005232238,0.0031203430005232236,811289.1801360381,810991.3292053182,297.8509307198692
2004-01-05,3.4693674977077675,0.0034693674977077675,902035.5494040195,901704.3824976799,331.16690633958206
2004-01-06,2.60034137371907,0.00260034137371907,676088.7571669582,675840.5427564841,248.21441047405824
2004-01-07,3.3158102299649963,0.0033158102299649965,862110.659790899,861794.150624144,316.50916675501503
2004-01-08,4.152645420122332,0.004152645420122332,1079687.8092318063,1079291.4203402244,396.3888915819116
2004-01-09,3.7813897914477432,0.0037813897914477433,983161.3457764132,982800.3949230588,360.950853354414
2004-01-10,4.547022466442646,0.004547022466442646,1182225.841275088,1181791.807300808,434.0339742801152
2004-01-11,4.786344761217864,0.004786344761217864,1244449.6379166446,1243992.7595408903,456.878375754226
2004-01-12,3.7457892439196776,0.0037457892439196777,973905.2034191162,973547.6507999346,357.5526191815734
2004-01-13,4.0543411054155065,0.0040543411054155066,1054128.6874080317,1053741.6821103764,387.0052976552397
2004-01-14,2.2244601088577536,0.0022244601088577537,578359.628303016,578147.2934687809,212.33483423502184
2004-01-15,2.9950120833021048,0.002995012083302105,778703.1416585472,778417.2541338811,285.88752466614824
2004-01-16,2.647626023648647,0.002647626023648647,688382.7661486482,688130.0382032879,252.72794536035508
2004-01-17,5.757646018561645,0.005757646018561645,1496987.9648260279,1496438.371327782,549.593498245813
2004-01-18,3.7327473657991592,0.0037327473657991594,970514.3151077814,970158.007395181,356.30771260045003
2004-01-19,4.283179713595785,0.004283179713595785,1113626.725534904,1113217.87655134,408.8489835639484
2004-01-20,4.386689895801067,0.004386689895801067,1140539.3729082774,1140120.6434070577,418.72950121969916
2004-01-21,1.7665952883458202,0.0017665952883458202,459314.77496991324,459146.1454151653,168.62955474795308
2004-01-22,2.0192386055271143,0.002019238605527114,525002.0374370497,524809.291928655,192.74550839466974
2004-01-23,2.277721557261783,0.002277721557261783,592207.6048880636,591990.1860063453,217.41888171830215
2004-01-24,2.167983186374754,0.002167983186374754,563675.628457436,563468.684602309,206.94385512697045
2004-01-25,5.670634244133376,0.005670634244133377,1474364.9034746778,1473823.6156460308,541.2878286470659
2004-01-26,5.806861565094303,0.005806861565094304,1509784.006924519,1509229.7155785244,554.2913459946867
2004-01-27,4.784451121906119,0.004784451121906118,1243957.2916955908,1243500.5940763212,456.697619269602
2004-01-28,4.4193176953746995,0.0044193176953746995,1149022.6007974218,1148600.7568243414,421.8439730803948
2004-01-29,3.2714277135738117,0.0032714277135738115,850571.205529191,850258.9328754771,312.27265371382236
2004-01-30,4.930612817987181,0.0049306128179871815,1281959.3326766673,1281488.6832587633,470.6494179039728
2004-01-31,2.888259553386854,0.002888259553386854,750947.483880582,750671.7863704069,275.6975101751741
2004-02-01,4.998431763235959,0.004998431763235959,1299592.2584413493,1299115.1353966808,477.123044668464
2004-02-02,5.246693003542894,0.005246693003542894,1364140.1809211522,1363639.3602120043,500.8207091479562
2004-02-03,4.616935076997921,0.004616935076997921,1200403.1200194594,1199962.4125685394,440.70745092001744
2004-02-04,3.815487096738083,0.003815487096738083,992026.6451519016,991662.4395556827,364.20559621893335
2004-02-05,4.147327245847175,0.004147327245847175,1078305.0839202655,1077909.2026726052,395.881247660378
2004-02-06,5.332096629460396,0.005332096629460396,1386345.123659703,1385836.1507860455,508.97287365747616
2004-02-07,5.469291774219706,0.005469291774219706,1422015.8612971236,1421493.7925229354,522.0687741881702
2004-02-08,3.926869581635944,0.003926869581635944,1020986.0912253454,1020611.2536643754,374.83756096998695
2004-02-09,2.494390457826697,0.002494390457826697,648541.5190349412,648303.4181212538,238.1009136873763
2004-02-10,2.518553383520319,0.002518553383520319,654823.8797152829,654583.4723404452,240.40737483778503
2004-02-11,2.8210081959139526,0.0028210081959139524,733462.1309376276,733192.8528753824,269.27806224522647
2004-02-12,2.404804275671857,0.002404804275671857,625249.1116746828,625019.5621695202,229.5495051626349
2004-02-13,3.245685994426634,0.003245685994426634,843878.3585509248,843568.5430613769,309.81548954790924
2004-02-14,5.794781821444061,0.005794781821444061,1506643.2735754559,1506090.1352959315,553.138279524399
2004-02-15,5.222127408266446,0.005222127408266446,1357753.1261492758,1357254.6503379215,498.4758113543503
2004-02-16,5.581105399248611,0.005581105399248611,1451087.403804639,1450554.6619114133,532.7418932255823
2004-02-17,5.698567157740988,0.005698567157740988,1481627.4610126568,1481083.506860367,543.954152289778
2004-02-18,6.699406586874727,0.006699406586874727,1741845.7125874292,1741206.223759811,639.4888276183046
2004-02-19,5.721733115724914,0.005721733115724914,1487650.6100884776,1487104.4446401396,546.1654483380262
2004-02-20,6.164743785690152,0.006164743785690151,1602833.3842794392,1602244.9314478405,588.4528315986972
2004-02-21,5.701256766470737,0.005701256766470738,1482326.7592823918,1481782.5483947163,544.2108876754064
2004-02-22,3.696743266456254,0.003696743266456254,961153.249278626,960800.3783210545,352.8709575715475
2004-02-23,6.064772877577063,0.0060647728775770635,1576840.9481700365,1576262.0380162848,578.9101537517272
2004-02-24,6.1470512067170056,0.006147051206717005,1598233.3137464214,1597646.5497519514,586.7639944700059
2004-02-25,4.9932182987455,0.0049932182987455,1298236.75767383,1297760.132278058,476.62539577204734
2004-02-26,5.525819882022573,0.0055258198820225726,1436713.1693258688,1436185.704686701,527.464639167767
2004-02-27,6.7504448494735145,0.0067504448494735145,1755115.6608631138,1754471.3002012086,644.3606619052589
2004-02-28,4.126574077592687,0.004126574077592687,1072909.2601740984,1072515.3599107333,393.9002633651253
2004-03-01,6.516308378278926,0.006516308378278926,1694240.1783525208,1693618.1670816436,622.0112708772067
2004-03-02,3.5247352047257223,0.0035247352047257222,916431.1532286878,916094.7012229011,336.45200578670483
2004-03-03,4.743040108222636,0.004743040108222636,1233190.4281378854,1232737.6833882092,452.74474967620336
2004-03-04,6.866838890340126,0.0068668388903401255,1785378.1114884326,1784722.6404859666,655.4710024660453
2004-03-05,6.767885438328593,0.006767885438328593,1759650.213965434,1759004.1885200029,646.025445431238
2004-03-06,6.9316667948935775,0.0069316667948935776,1802233.36667233,1801571.707551537,661.6591207929887
2004-03-07,7.0176772987689375,0.0070176772987689375,1824596.0976799238,1823926.22846536,669.8692145638634
2004-03-08,6.478933540763213,0.006478933540763213,1684522.7205984353,1683904.2769257796,618.443672655616
2004-03-09,6.761007041506159,0.006761007041506159,1757861.8307916014,1757216.4619204297,645.3688711717259
2004-03-10,7.475020192907404,0.007475020192907403,1943505.2501559248,1942791.7254821202,713.5246738046408
2004-03-11,3.359991773379829,0.003359991773379829,873597.8610787556,873277.134582744,320.72649601160083
2004-03-12,3.5411849544053204,0.0035411849544053206,920708.0881453834,920370.0659361763,338.0222092070617
2004-03-13,3.359524003751257,0.003359524003751257,873476.2409753269,873155.5591300536,320.68184527324047
2004-03-14,4.2726033697985875,0.004272603369798587,1110876.8761476327,1110469.0367241853,407.8394234473817
2004-03-15,6.65301695060727,0.00665301695060727,1729784.4071578903,1729149.3464320337,635.0607258565724
2004-03-16,5.76063886577824,0.00576063886577824,1497766.1051023423,1497216.2259232183,549.8791791240219
2004-03-17,5.123596374908037,0.005123596374908037,1332135.0574760896,1331645.9868999883,489.0705761013087
2004-03-18,6.642975111550528,0.006642975111550528,1727173.5290031373,1726539.426816489,634.1021866481751
2004-03-19,5.189089169675191,0.0051890891696751915,1349163.1841155498,1348667.8619543267,495.3221612230409
2004-03-20,5.557678947082889,0.005557678947082889,1444996.526241551,1444466.020509728,530.5057318229228
2004-03-21,4.479539698697571,0.0044795396986975706,1164680.3216613682,1164252.729224181,427.5924371872097
2004-03-22,5.34599953854606,0.00534599953854606,1389959.8800219756,1389449.5800524156,510.29996956000105
2004-03-23,5.062963245787848,0.005062963245787848,1316370.4439048404,1315887.1610366732,483.2828681671526
2004-03-24,6.009768907661192,0.006009768907661191,1562539.9159919098,1561966.2562172445,573.6597746652551
2004-03-25,5.311071427767535,0.0053110714277675355,1380878.5712195593,1380371.605297026,506.96592253330164
2004-03-26,6.267267800042531,0.006267267800042531,1629489.628011058,1628891.38879601,598.23921504803
2004-03-27,6.0600325015210545,0.006060032501521055,1575608.4503954742,1575029.9927321763,578.457663297886
2004-03-28,4.808786965447439,0.004808786965447439,1250284.611016334,1249825.590430119,459.0205862149596
2004-03-29,6.844188579215078,0.006844188579215078,1779489.0305959203,1778835.7216686646,653.3089272556826
2004-03-30,7.742198674561671,0.007742198674561671,2012971.6553860344,2012232.627311028,739.0280750063248
2004-03-31,8.290516074834033,0.008290516074834033,2155534.1794568487,2154742.8119922387,791.3674646099098
2004-04-01,7.5215428195698095,0.00752154281956981,1955601.1330881505,1954883.167618046,717.9654701044783
2004-04-02,4.313059959274993,0.004313059959274993,1121395.589411498,1120983.8882225887,411.70118890935555
2004-04-03,4.6634140779043225,0.004663414077904322,1212487.6602551239,1212042.5161721807,445.1440829432104
2004-04-04,5.3420482143541115,0.005342048214354111,1388932.5357320688,1388422.6129343736,509.92279769526795
2004-04-05,3.8950062531618865,0.0038950062531618863,1012701.6258220904,1012329.8297607377,371.79606135271024
2004-04-06,8.06481765674918,0.00806481765674918,2096852.5907547867,2096082.7672306595,769.8235241272487
2004-04-07,8.297252820902933,0.008297252820902934,2157285.733434763,2156493.722917102,792.0105176609941
2004-04-08,5.515117762638341,0.005515117762638341,1433930.6182859687,1433404.1752127693,526.4430731993634
2004-04-09,7.942177900515336,0.007942177900515336,2064966.2541339872,2064208.137132358,758.1170016292017
2004-04-10,3.689432729650387,0.003689432729650387,959252.5097091006,958900.3365755155,352.1731335851364
2004-04-11,4.563777993783001,0.004563777993783001,1186582.2783835803,1186146.6450180113,435.63336556893773
2004-04-12,7.226675164678766,0.0072266751646787655,1878935.542816479,1878245.7238050918,689.8190113871824
2004-04-13,7.346030003214083,0.0073460300032140834,1909967.8008356616,1909266.5888621104,701.2119735511951
2004-04-14,8.710790499886846,0.008710790499886847,2264805.5299705802,2263974.0454006908,831.4845698894933
2004-04-15,7.493050436044337,0.007493050436044337,1948193.1133715278,1947477.867629014,715.2457425137982
2004-04-16,6.558841405048115,0.006558841405048115,1705298.7653125098,1704672.6940707874,626.0712417224422
2004-04-17,6.132448216211456,0.006132448216211456,1594436.5362149787,1593851.1661423668,585.3700726118404
2004-04-18,6.1531859974872685,0.006153185997487268,1599828.35934669,1599241.00975854,587.3495881499257
2004-04-19,5.634140264364626,0.005634140264364626,1464876.4687348027,1464338.6644224992,537.8043123034295
2004-04-20,5.439904035343099,0.0054399040353431,1414375.049189206,1413855.785608349,519.2635808570776
2004-04-21,7.917473064646425,0.007917473064646425,2058542.9968080705,2057787.2379953826,755.7588126878254
2004-04-22,4.25882521539703,0.00425882521539703,1107294.5560032278,1106888.0317672812,406.52423594659194
2004-04-23,6.171731021779929,0.006171731021779929,1604650.0656627815,1604060.94586772,589.1197950614151
2004-04-24,3.3425945095513736,0.0033425945095513737,869074.5724833572,868755.5066353007,319.0658480564598
2004-04-25,5.534779530984073,0.005534779530984073,1439042.678055859,1438514.3581774493,528.3198784096166
2004-04-26,7.814425380611738,0.007814425380611738,2031750.598959052,2031004.676516466,745.9224425859284
2004-04-27,7.419972253855578,0.0074199722538555776,1929192.7860024502,1928484.5159047858,708.2700976643246
2004-04-28,5.523886803124929,0.005523886803124929,1436210.5688124816,1435683.2886944863,527.2801179953385
2004-04-29,7.118408372136565,0.007118408372136565,1850786.176755507,1850106.6923018654,679.4844536415767
2004-04-30,8.10150259519286,0.00810150259519286,2106390.6747501437,2105617.3494817987,773.3252683449537
2004-05-01,8.862711503937689,0.008862711503937689,2304304.991023799,2303459.0049031363,845.986120662652
2004-05-02,8.124374469191002,0.008124374469191002,2112337.3619896607,2111561.8534969212,775.5084927394055
2004-05-03,9.273795915048762,0.009273795915048762,2411186.9379126783,2410301.711915363,885.2259973152541
2004-05-04,9.550451407998342,0.009550451407998341,2483117.366079569,2482205.7320572226,911.6340223462321
2004-05-05,8.522797928040946,0.008522797928040947,2215927.461290646,2215113.9214667296,813.539823916275
2004-05-06,4.999160971427777,0.0049991609714277775,1299781.8525712222,1299304.6599203155,477.1926509067416
2004-05-07,6.222004153990497,0.006222004153990497,1617721.0800375293,1617127.1614433562,593.9185941731557
2004-05-08,8.048420648760358,0.008048420648760357,2092589.3686776927,2091821.1103225516,768.2583551411517
2004-05-09,7.580415507375545,0.007580415507375544,1970908.0319176416,1970184.446781733,723.5851359085646
2004-05-10,5.372937526785537,0.0053729375267855374,1396963.7569642398,1396450.8856411884,512.8713230513968
2004-05-11,8.190142456024414,0.008190142456024414,2129437.0385663477,2128655.2522201524,781.7863461952657
2004-05-12,7.534897332058567,0.007534897332058567,1959073.3063352273,1958354.0661161693,719.2402190580033
2004-05-13,6.9203853053283755,0.006920385305328376,1799300.1793853778,1798639.5971340719,660.5822513059247
2004-05-14,5.575120013076716,0.005575120013076716,1449531.2033999462,1448999.0328390524,532.1705608938355
2004-05-15,7.471547927735456,0.0074715479277354556,1942602.4612112185,1941889.2679809162,713.1932303023059
2004-05-16,7.468171330237272,0.0074681713302372724,1941724.5458616908,1941011.6749429766,712.8709187142085
2004-05-17,9.154820797575079,0.009154820797575078,2380253.4073695205,2379379.538088267,873.8692812533118
2004-05-18,9.14295387643396,0.00914295387643396,2377168.0078728297,2376295.2713431697,872.7365296599455
2004-05-19,6.752683159337325,0.006752683159337325,1755697.6214277046,1755053.0471089429,644.5743187617045
2004-05-20,6.922474205908883,0.006922474205908883,1799843.2935363096,1799182.511889943,660.7816463666968
2004-05-21,7.8770078062740865,0.007877007806274086,2048022.0296312624,2047270.1334115223,751.8962197401561
2004-05-22,7.5251438867529306,0.00752514388675293,1956537.410555762,1955819.101347417,718.309208344901
2004-05-23,8.662417256193022,0.008662417256193022,2252228.486610186,2251401.619486409,826.8671237770468
2004-05-24,6.819825919575385,0.006819825919575385,1773154.7390896003,1772503.7556890086,650.9834005916491
2004-05-25,5.935739660885414,0.005935739660885414,1543292.3118302077,1542725.7184838322,566.5933463755064
2004-05-26,7.1959287397409,0.0071959287397409,1870941.472332634,1870254.588207342,686.8841252920683
2004-05-27,7.588031091946344,0.007588031091946344,1972888.0839060494,1972163.7718279578,724.3120780915488
2004-05-28,9.603927903104852,0.009603927903104851,2497021.2548072613,2496104.516210246,916.7385970153846
2004-05-29,10.243536630089697,0.010243536630089697,2663319.5238233213,2662341.731664375,977.7921589463949
2004-05-30,10.356357678178025,0.010356357678178024,2692652.9963262863,2691664.43488519,988.5614410964772
2004-05-31,10.27788406039959,0.010277884060399589,2672249.855703893,2671268.7849265113,981.0707773817703
2004-06-01,10.360281350173102,0.010360281350173101,2693673.1510450062,2692684.215071573,988.935973433312
2004-06-02,11.119857021986034,0.011119857021986033,2891162.8257163684,2890101.3847905104,1061.4409258579835
2004-06-03,8.259097122944404,0.008259097122944403,2147365.2519655447,2146576.883582786,788.3683827584609
2004-06-04,9.630189613510419,0.009630189613510419,2503849.299512709,2502930.054115997,919.2453967118636
2004-06-05,10.810124665859579,0.010810124665859578,2810632.4131234903,2809600.537559687,1031.875563803129
2004-06-06,9.947890150946881,0.009947890150946881,2586451.439246189,2585501.8678882765,949.571357912384
2004-06-07,8.691941026872032,0.008691941026872032,2259904.6669867286,2259074.981684766,829.6853019627742
2004-06-08,8.385767633056746,0.008385767633056746,2180299.584594754,2179499.1249357075,800.4596590464935
2004-06-09,9.616961221704603,0.009616961221704603,2500409.917643197,2499491.9349566456,917.9826865512878
2004-06-10,8.054264630426058,0.008054264630426057,2094108.8039107749,2093339.9877210052,768.8161897696555
2004-06-11,9.68300419511721,0.009683004195117209,2517581.0907304743,2516656.8039417476,924.2867887266912
2004-06-12,7.053848850332465,0.007053848850332466,1834000.701086441,1833327.3791327723,673.3219536687247
2004-06-13,10.217542407520448,0.010217542407520448,2656561.025955316,2655585.7150631356,975.3108921805397
2004-06-14,10.340900487318114,0.010340900487318115,2688634.12670271,2687647.0407207804,987.0859819296747
2004-06-15,9.898317150736172,0.009898317150736172,2573562.4591914047,2572617.6198018207,944.8393895840272
2004-06-16,9.559932195671154,0.009559932195671153,2485582.3708745,2484669.831867852,912.5390066481195
2004-06-17,7.996637259776093,0.007996637259776092,2079125.687541784,2078362.3721466323,763.3153951517306
2004-06-18,8.920011051961124,0.008920011051961123,2319202.873509892,2318351.417886772,851.4556231196038
2004-06-19,10.036114393237966,0.010036114393237967,2609389.7422418715,2608431.749478789,957.9927630824968
2004-06-20,9.767108682721345,0.009767108682721345,2539448.2575075496,2538515.9425629736,932.3149445760064
2004-06-21,9.494478640096844,0.009494478640096844,2468564.4464251795,2467658.1552580935,906.2911670859903
2004-06-22,7.313629167250267,0.007313629167250267,1901543.5834850695,1900845.46431867,698.1191663993523
2004-06-23,5.585185709040847,0.005585185709040847,1452148.2843506203,1451615.152973268,533.1313773524016
2004-06-24,8.903000575132548,0.008903000575132549,2314780.1495344625,2313930.3176387195,849.831895743031
2004-06-25,6.674396345469666,0.006674396345469666,1735343.049822113,1734705.9483357836,637.1014863294549
2004-06-26,8.594633283262235,0.008594633283262236,2234604.6536481814,2233784.2568129017,820.396835279651
2004-06-27,8.626237146589162,0.008626237146589161,2242821.658113182,2241998.2445454136,823.4135677684098
2004-06-28,5.613215395803024,0.005613215395803024,1459436.0029087863,1458900.1959703534,535.8069384328555
2004-06-29,7.227559274746798,0.007227559274746798,1879165.4114341675,1878475.5080304535,689.9034037140664
2004-06-30,7.1654117737852,0.0071654117737852,1863007.061184152,1862323.0900420516,683.9711421004031
2004-07-01,9.661879177553269,0.009661879177553269,2512088.58616385,2511166.315854126,922.2703097239137
2004-07-02,9.869582421063782,0.009869582421063783,2566091.4294765834,2565149.3329476323,942.0965289510787
2004-07-03,8.659951724423935,0.008659951724423935,2251587.4483502232,2250760.8165726666,826.6317775566131
2004-07-04,9.703772811265472,0.00970377281126547,2522980.9309290224,2522054.6616814286,926.2692475938238
2004-07-05,8.730685252154853,0.008730685252154853,2269978.165560262,2269144.7819457874,833.3836144744419
2004-07-06,9.372875954675344,0.009372875954675343,2436947.748215589,2436053.0645778757,894.6836377135478
2004-07-07,7.7273711914877135,0.007727371191487713,2009116.5097868054,2008378.8970624937,737.6127243116498
2004-07-08,8.93657089197606,0.00893657089197606,2323508.431913776,2322655.3955786126,853.0363351632841
2004-07-09,8.961443873062507,0.008961443873062507,2329975.406996252,2329119.9964219215,855.4105743304826
2004-07-10,8.754846601655482,0.00875484660165548,2276260.116430425,2275424.426505255,835.6899251700379
2004-07-11,9.69536053996231,0.009695360539962311,2520793.740390201,2519868.274132162,925.4662580392323
2004-07-12,8.083116649230838,0.008083116649230839,2101610.328800018,2100838.7585538346,771.5702461833134
2004-07-13,8.049889732455943,0.008049889732455944,2092971.3304385454,2092202.9318526841,768.398585861316
2004-07-14,10.374678453604833,0.010374678453604833,2697416.3979372564,2696426.0876948223,990.3102424340323
2004-07-15,10.306122314237372,0.010306122314237373,2679591.801701717,2678608.035454579,983.7662471379153
2004-07-16,9.98236061312208,0.00998236061312208,2595413.7594117406,2594460.897691442,952.8617202984169
2004-07-17,9.982244828917912,0.009982244828917911,2595383.655518657,2594430.8048504875,952.850668169558
2004-07-18,9.879928507406916,0.009879928507406916,2568781.4119257983,2567838.3278158517,943.0841099466197
2004-07-19,8.808702835416614,0.008808702835416614,2290262.73720832,2289421.906460699,840.8307476206683
2004-07-20,10.387067538220567,0.010387067538220567,2700637.559937347,2699646.067100441,991.492836906109
2004-07-21,9.7150459159715,0.0097150459159715,2525911.9381525903,2524984.592835882,927.3453167080879
2004-07-22,10.17204701080636,0.01017204701080636,2644732.2228096533,2643761.254660002,970.9681496513076
2004-07-23,9.120963908123557,0.009120963908123557,2371450.6161121246,2370579.9786249506,870.6374871740118
2004-07-24,6.349260728731948,0.006349260728731948,1650807.7894703064,1650201.7236573112,606.0658129951917
2004-07-25,7.723776677026632,0.007723776677026632,2008181.9360269243,2007444.6664153659,737.2696115584113
2004-07-26,4.992798378507058,0.004992798378507058,1298127.578411835,1297650.9930993596,476.58531247545034
2004-07-27,8.238697393436768,0.008238697393436767,2142061.3222935596,2141274.9011577605,786.421135799028
2004-07-28,7.90381710952062,0.00790381710952062,2054992.4484753613,2054237.9931856976,754.455289663747
2004-07-29,7.666171842833001,0.007666171842833001,1993204.67913658,1992472.9081684323,731.7709681477863
2004-07-30,7.749938159417589,0.007749938159417589,2014983.9214485732,2014244.154604538,739.7668440351263
2004-07-31,7.885457665104272,0.007885457665104272,2050218.9929271108,2049466.290129915,752.7027971956413
2004-08-01,9.629057784258613,0.009629057784258613,2503555.0239072395,2502635.8865487776,919.1373584619723
2004-08-02,9.36294601510145,0.00936294601510145,2434365.9639263772,2433472.228146557,893.7357798200101
2004-08-03,9.611907020668035,0.009611907020668034,2499095.8253736887,2498178.325133613,917.5002400758676
2004-08-04,9.681825714373067,0.009681825714373067,2517274.6857369975,2516350.5114396173,924.1742973802611
2004-08-05,9.099198412533628,0.009099198412533628,2365791.587258743,2364923.0273871124,868.5598716307431
2004-08-06,9.031121679665857,0.009031121679665856,2348091.6367131225,2347229.575075257,862.0616378653795
2004-08-07,6.80120931051533,0.00680120931051533,1768314.420733986,1767665.2143733974,649.2063605885487
2004-08-08,8.979373295393211,0.00897937329539321,2334637.0568022346,2333779.9347829996,857.1220192350447
2004-08-09,4.562528704155093,0.0045625287041550925,1186257.463080324,1185821.948965132,435.5141151919961
2004-08-10,6.2422178157956365,0.006242217815795636,1622976.6321068655,1622380.7840267413,595.8480801242404
2004-08-11,8.389413169755299,0.008389413169755298,2181247.4241363774,2180446.6164942733,800.8076421041042
2004-08-12,6.272693230816279,0.0062726932308162795,1630900.2400122327,1630301.4829151426,598.7570970901288
2004-08-13,6.482167816037324,0.006482167816037324,1685363.6321697042,1684744.8797707644,618.7523989398032
2004-08-14,8.95050680182022,0.00895050680182022,2327131.7684732573,2326277.4018921186,854.3665811386891
2004-08-15,7.497799879311961,0.00749779987931196,1949427.9686211096,1948712.2695226355,715.6990984741133
2004-08-16,7.403034111704528,0.007403034111704529,1924788.8690431775,1924082.2157682162,706.6532749612816
2004-08-17,7.562937688054296,0.007562937688054296,1966363.7988941171,1965641.8820955518,721.9167985653039
2004-08-18,7.0037196053604385,0.007003719605360438,1820967.097393714,1820298.5605044656,668.5368892482948
2004-08-19,7.684706590436188,0.007684706590436188,1998023.713513409,1997290.1733193065,733.540194102563
2004-08-20,7.215345656981301,0.007215345656981301,1875989.870815138,1875301.1332567872,688.7375583508983
2004-08-21,7.530529879036699,0.007530529879036699,1957937.7685495417,1957218.945223738,718.8233258037362
2004-08-22,5.986433315863377,0.005986433315863377,1556472.662124478,1555901.2298381801,571.4322862979025
2004-08-23,7.256297258877645,0.007256297258877644,1886637.2873081875,1885944.6407331878,692.6465749996714
2004-08-24,9.131553528868514,0.009131553528868514,2374203.9175058138,2373332.269191178,871.648314635735
2004-08-25,7.00741021861735,0.00700741021861735,1821926.6568405111,1821257.7676654425,668.8891750685871
2004-08-26,9.014029351301335,0.009014029351301335,2343647.631338347,2342787.20124096,860.4300973871723
2004-08-27,7.382724932516264,0.007382724932516264,1919508.4824542287,1918803.767782787,704.7146714415867
2004-08-28,5.730684149411565,0.005730684149411565,1489977.878847007,1489430.8589817942,547.0198652127292
2004-08-29,8.363865312422028,0.008363865312422029,2174604.9812297276,2173806.6122467974,798.368982930202
2004-08-30,8.11818266112148,0.00811818266112148,2110727.491891585,2109952.574435086,774.9174564988352
2004-08-31,6.139245577794507,0.006139245577794507,1596203.850226572,1595617.8313148827,586.018911689287
2004-09-01,3.744180642049626,0.003744180642049626,973486.9669329027,973129.5678620855,357.3990708171623
2004-09-02,5.936334740179755,0.005936334740179755,1543447.0324467362,1542880.3822973357,566.6501494005788
2004-09-03,6.762291548194458,0.006762291548194458,1758195.802530559,1757550.311047382,645.4914831770584
2004-09-04,7.840658357584557,0.007840658357584558,2038571.172971985,2037822.7464724395,748.4264995455742
2004-09-05,6.473329252916717,0.006473329252916717,1683065.6057583464,1682447.697040454,617.9087178923655
2004-09-06,3.8690167114181717,0.0038690167114181716,1005944.3449687246,1005575.0297273318,369.3152413928183
2004-09-07,8.789842707494378,0.008789842707494378,2285359.103948538,2284520.0734859034,839.0304626347497
2004-09-08,8.271998392740734,0.008271998392740735,2150719.5821125912,2149929.9822449554,789.5998676358722
2004-09-09,7.41542575670349,0.00741542575670349,1928010.6967429074,1927302.8606290738,707.8361138335895
2004-09-10,6.912940095711371,0.006912940095711371,1797364.4248849566,1796704.5533127694,659.8715721871704
2004-09-11,7.148834297523583,0.007148834297523583,1858696.9173561316,1858014.5286095347,682.3887465968728
2004-09-12,8.342129295794555,0.008342129295794556,2168953.6169065847,2168157.3227252974,796.2941812872887
2004-09-13,8.415092675188726,0.008415092675188725,2187924.0955490684,2187120.8366813804,803.2588676880114
2004-09-14,8.22798796366286,0.00822798796366286,2139276.870552344,2138491.471680323,785.3988720206544
2004-09-15,8.222304613843956,0.008222304613843956,2137799.1995994286,2137014.343228996,784.856370432768
2004-09-16,8.156313342800553,0.008156313342800554,2120641.469128144,2119862.9119246607,778.5572034833021
2004-09-17,8.467779775363573,0.008467779775363572,2201622.741594529,2200814.453503508,808.2880910206586
2004-09-18,6.769073987120909,0.006769073987120909,1759959.2366514364,1759313.0977536172,646.1388978192117
2004-09-19,6.7178452881805555,0.006717845288180556,1746639.7749269446,1745998.5260414276,641.2488855170086
2004-09-20,7.176045994130165,0.007176045994130165,1865771.958473843,1865086.9722470462,684.986226796871
2004-09-21,7.807445191110432,0.007807445191110432,2029935.7496887122,2029190.49353696,745.2561517520808
2004-09-22,6.644808798076316,0.006644808798076316,1727650.2874998422,1727016.0102794755,634.2772203667555
2004-09-23,5.216704777974122,0.005216704777974122,1356343.2422732715,1355845.2840766406,497.95819663093425
2004-09-24,6.966865572451436,0.006966865572451436,1811385.0488373735,1810720.0298331785,665.0190041949973
2004-09-25,7.338036890033901,0.007338036890033901,1907889.5914088143,1907189.1424142688,700.4489945454989
2004-09-26,3.2407798844077145,0.0032407798844077147,842602.7699460058,842293.4227669722,309.3471790335607
2004-09-27,4.674313998268106,0.0046743139982681065,1215321.6395497078,1214875.455019793,446.1845299147535
2004-09-28,4.1978211738427245,0.004197821173842724,1091433.5051991083,1091032.8040763743,400.7011227339972
2004-09-29,6.646710438057087,0.006646710438057087,1728144.7138948427,1727510.2551542912,634.4587405514903
2004-09-30,6.3431868880832205,0.0063431868880832205,1649228.5909016372,1648623.1048643559,605.4860372813419
2004-10-01,5.439889716870272,0.005439889716870271,1414371.3263862706,1413852.0641721769,519.2622140937019
2004-10-02,3.552533354739378,0.0035525333547393777,923658.6722322382,923319.5667666068,339.10546563146636
2004-10-03,4.495039674602283,0.004495039674602283,1168710.3153965937,1168281.2434162125,429.07198038115166
2004-10-04,6.358163350368193,0.006358163350368194,1653122.4710957303,1652515.5554870109,606.9156087194569
2004-10-05,4.937536454823785,0.004937536454823785,1283759.4782541841,1283288.1679436555,471.3103105286136
2004-10-06,5.873868247634877,0.005873868247634877,1527205.744385068,1526645.0569464786,560.6874385895208
2004-10-07,5.023446434214683,0.005023446434214682,1306096.0728958175,1305616.5620870374,479.5108087800909
2004-10-08,5.31889761736885,0.00531889761736885,1382913.380515901,1382405.6675479768,507.7129679240752
2004-10-09,6.0374359995450115,0.006037435999545012,1569733.359881703,1569157.0591572877,576.3007244153414
2004-10-10,6.707126481069689,0.006707126481069688,1743852.8850781189,1743212.6593514897,640.2257266291417
2004-10-11,6.297477199452642,0.006297477199452642,1637344.0718576869,1636742.9490180728,601.1228396140505
2004-10-12,4.531897518319852,0.0045318975183198515,1178293.3547631614,1177860.764533968,432.59022919344716
2004-10-13,4.301607175019933,0.004301607175019933,1118417.8655051826,1118007.2575366176,410.6079685650766
2004-10-14,6.124499090800565,0.006124499090800565,1592369.763608147,1591785.152315708,584.6112924388144
2004-10-15,6.59739392714217,0.00659739392714217,1715322.4210569642,1714692.669801671,629.7512552931439
2004-10-16,6.390519757597893,0.006390519757597893,1661535.1369754523,1660925.1328005057,610.0041749465745
2004-10-17,5.887528272392266,0.005887528272392265,1530757.350821989,1530195.3594719106,561.9913500782568
2004-10-18,6.473873404499107,0.006473873404499108,1683207.085169768,1682589.1245101325,617.9606596354861
2004-10-19,5.62754139675803,0.00562754139675803,1463160.7631570878,1462623.5887367092,537.1744203786366
2004-10-20,4.006379076558217,0.004006379076558216,1041658.5599051362,1041276.1328012667,382.42710386950057
2004-10-21,4.186630407555687,0.004186630407555687,1088523.9059644786,1088124.2730512824,399.6329131962266
2004-10-22,4.358979956128731,0.004358979956128731,1133334.78859347,1132918.7041320165,416.08446145337075
2004-10-23,4.183682573688393,0.004183682573688393,1087757.4691589822,1087358.1176299353,399.3515290468931
2004-10-24,2.9120462452312883,0.002912046245231288,757132.0237601349,756854.0557020414,277.9680580935674
2004-10-25,4.112847995241892,0.004112847995241892,1069340.4787628918,1068947.8887165133,392.59004637855105
2004-10-26,3.2166235815287196,0.0032166235815287198,836322.1311974671,836015.0898474061,307.0413500609575
2004-10-27,4.862033871256197,0.004862033871256197,1264128.8065266113,1263664.7032810699,464.10324554145336
2004-10-28,5.343615275580215,0.005343615275580215,1389339.9716508558,1388829.8992700395,510.07238081633113
2004-10-29,4.677815238447287,0.004677815238447286,1216231.9619962946,1215785.443257081,446.5187392134685
2004-10-30,2.9189422744550417,0.002918942274455042,758924.9913583109,758646.3650428648,278.62631544610485
2004-10-31,2.9125504390081205,0.0029125504390081205,757263.1141421114,756985.0979564287,278.0161856827326
2004-11-01,5.14354680477069,0.00514354680477069,1337322.1692403795,1336831.1943050134,490.9749353660736
2004-11-02,4.914820539743283,0.0049148205397432825,1277853.3403332534,1277384.1983601311,469.1419731222559
2004-11-03,5.4236226295503505,0.0054236226295503506,1410141.883683091,1409624.1742364648,517.7094466262497
2004-11-04,5.130927303550599,0.005130927303550598,1334041.0989231556,1333551.3285765743,489.7703465812374
2004-11-05,5.074819125617252,0.005074819125617252,1319452.9726604857,1318968.5580946682,484.41456581745297
2004-11-06,5.352527768467296,0.005352527768467296,1391657.219801497,1391146.2966827005,510.9231187964324
2004-11-07,4.7555908317785995,0.0047555908317786,1236453.616262436,1235999.6734891157,453.9427733202465
2004-11-08,4.9271915214567255,0.004927191521456725,1281069.7955787485,1280599.4727391584,470.32283959002234
2004-11-09,5.898348271254588,0.005898348271254588,1533570.5505261929,1533007.5263580137,563.0241681791376
2004-11-10,5.308160535667438,0.0053081605356674385,1380121.739273534,1379615.0512088905,506.6880646434147
2004-11-11,5.321693462732508,0.005321693462732508,1383640.3003104522,1383132.3204663727,507.97984407958575
2004-11-12,3.312564797227981,0.003312564797227981,861266.8472792751,860950.647903835,316.1993754400173
2004-11-13,2.485221343342349,0.002485221343342349,646157.5492690108,645920.3235890021,237.22568000864703
2004-11-14,2.1123332778635997,0.0021123332778636,549206.652244536,549005.0204262722,201.6318182637915
2004-11-15,2.788518598438351,0.002788518598438351,725014.8355939713,724748.6588115678,266.1767824034905
2004-11-16,2.730708933977953,0.0027307089339779532,709984.3228342679,709723.6642472554,260.65858701243997
2004-11-17,4.988659105758539,0.004988659105758539,1297051.3674972202,1296575.177297154,476.19020006619394
2004-11-18,4.841256179633229,0.004841256179633229,1258726.6067046395,1258264.4867842605,462.11992037901655
2004-11-19,4.247680766174816,0.004247680766174816,1104396.9992054522,1103991.5387578688,405.46044758334756
2004-11-20,2.1562025302680805,0.0021562025302680806,560612.6578697009,560406.8385317777,205.81933792319614
2004-11-21,2.2282580747360337,0.0022282580747360337,579347.0994313688,579134.4020640175,212.69736735126935
2004-11-22,2.801708166553982,0.002801708166553982,728444.1233040353,728176.687517369,267.43578666623216
2004-11-23,4.020957577726432,0.004020957577726432,1045448.9702088723,1045065.1515207633,383.81868810905144
2004-11-24,5.002089052103966,0.0050020890521039665,1300543.1535470313,1300065.681397507,477.47214952437207
2004-11-25,4.357788200268552,0.004357788200268552,1133024.9320698236,1132608.9613668872,415.9707029364072
2004-11-26,3.7402812362431512,0.003740281236243151,972473.1214232193,972116.0945684209,357.0268547984306
2004-11-27,4.86690235953936,0.004866902359539359,1265394.6134802334,1264930.0455153435,464.5679648898076
2004-11-28,5.11401035992784,0.00511401035992784,1329642.6935812384,1329154.5380338642,488.15554737416096
2004-11-29,4.800560795402169,0.004800560795402169,1248145.806804564,1247687.5714436925,458.2353608715348
2004-11-30,4.026782045028413,0.004026782045028413,1046963.3317073873,1046578.9570473847,384.37466000264976
2004-12-01,4.19347085916163,0.00419347085916163,1090302.4233820238,1089902.1375166115,400.28586541232653
2004-12-02,4.007405644561933,0.004007405644561933,1041925.4675861025,1041542.9424916483,382.52509445429314
2004-12-03,2.2580251394911013,0.0022580251394911013,587086.5362676863,586870.9974986236,215.5387690627249
2004-12-04,3.284925185380636,0.003284925185380636,854080.5481989654,853766.9871501811,313.56104878429323
2004-12-05,2.3858724951171952,0.0023858724951171953,620326.8487304708,620099.1063498637,227.7423806070583
2004-12-06,2.9336141486182457,0.0029336141486182455,762739.6786407438,762459.6518281811,280.026812562719
2004-12-07,4.653851513902267,0.004653851513902267,1210001.3936145895,1209557.162321871,444.2312927185558
2004-12-08,3.370427887562692,0.0033704278875626922,876311.2507663,875989.5280957262,321.7226705738576
2004-12-09,4.942653491788094,0.004942653491788094,1285089.9078649043,1284618.109109925,471.7987549791578
2004-12-10,4.700844400038321,0.004700844400038321,1222219.5440099635,1221770.8270325395,448.7169774239883
2004-12-11,4.3272261468972095,0.00432722614689721,1125078.7981932745,1124665.7447773288,413.0534159457311
2004-12-12,4.926762535500444,0.004926762535500444,1280958.2592301155,1280487.977339186,470.28189092944376
2004-12-13,4.590350744363295,0.004590350744363295,1193491.1935344567,1193053.023678992,438.1698554647155
2004-12-14,3.651453405238328,0.003651453405238328,949377.8853619653,949029.3375276253,348.5478343400173
2004-12-15,4.240149522436376,0.004240149522436376,1102438.8758334578,1102034.1342773412,404.7415561166126
2004-12-16,4.035079689938027,0.004035079689938027,1049120.719383887,1048735.55267594,385.1667079469189
2004-12-17,3.4992664204755197,0.00349926642047552,909809.2693236351,909475.2484291372,334.0208944979822
2004-12-18,4.144605365845001,0.004144605365845001,1077597.3951197003,1077201.7736878654,395.62143183499575
2004-12-19,3.8494789454692575,0.0038494789454692575,1000864.525822007,1000497.0755492317,367.45027277525514
2004-12-20,4.435185347828213,0.004435185347828213,1153148.1904353353,1152724.8318226621,423.3586126731243
2004-12-21,4.425163416570002,0.004425163416570002,1150542.4883082004,1150120.0863344455,422.40197375486605
2004-12-22,4.4497448406181155,0.004449744840618115,1156933.65856071,1156508.9101782336,424.74838247639127
2004-12-23,3.0647258386447223,0.003064725838644722,796828.7180476277,796536.176027956,292.5420196717605
2004-12-24,2.1117501360597966,0.0021117501360597966,549055.0353755471,548853.4592208207,201.57615472644102
2004-12-25,3.9786057154808416,0.003978605715480842,1034437.4860250189,1034057.7100147775,379.7760102413595
2004-12-26,4.118717095222524,0.004118717095222524,1070866.4447578564,1070473.2944791922,393.15027866419405
2004-12-27,4.446560780528885,0.004446560780528885,1156105.8029375102,1155681.3584880503,424.4444494599011
2004-12-28,3.9844476953626677,0.003984447695362668,1035956.4007942936,1035576.0671405032,380.3336537904106
2004-12-29,3.6169300358840335,0.0036169300358840336,940401.8093298487,940056.5569081259,345.2524217228638
2004-12-30,3.2168940545741593,0.0032168940545741595,836392.4541892814,836085.3870213382,307.0671679432271
2004-12-31,2.9105267623297206,0.0029105267623297207,756736.9582057274,756459.1351891874,277.82301654003095
2005-01-01,4.071447121926042,0.004071447121926042,1058576.2517007708,1058187.6135560416,388.6381447291933
2005-01-02,3.238880344875636,0.003238880344875636,842108.8896676654,841799.7238083192,309.1658593461616
2005-01-03,3.0949765165791723,0.0030949765165791724,804693.8943105849,804398.4647261242,295.42958446068224
2005-01-04,3.4759605380822642,0.0034759605380822642,903749.7399013886,903417.9436593602,331.7962420284748
2005-01-05,3.1927270365412266,0.0031927270365412264,830109.0295007189,829804.2691845585,304.7603161603911
2005-01-06,2.6540841066487912,0.002654084106648791,690061.8677286857,689808.5233299317,253.3443987540668
2005-01-07,4.370001592620579,0.004370001592620579,1136200.4140813504,1135783.2775545677,417.1365267827641
2005-01-08,4.796970285430379,0.004796970285430379,1247212.2742118987,1246754.3815815335,457.8926303652115
2005-01-09,3.379120984554072,0.003379120984554072,878571.4559840588,878248.9035178409,322.5524662178941
2005-01-10,3.1771469089702693,0.0031771469089702693,826058.19633227,825754.9232101447,303.27312212530524
2005-01-11,3.5139463320460647,0.0035139463320460647,913626.0463319768,913290.624173155,335.42215882171877
2005-01-12,2.9219604808596564,0.0029219604808596563,759709.7250235106,759430.8106065363,278.914416974294
2005-01-13,5.020520117406546,0.005020520117406546,1305335.230525702,1304855.9990471702,479.2314785318449
2005-01-14,4.262079731984143,0.004262079731984143,1108140.7303158771,1107733.8954215206,406.83489435655065
2005-01-15,3.9963011694927504,0.00399630116949275,1039038.3040681151,1038656.8389463093,381.4651218057843
2005-01-16,4.176249927379637,0.004176249927379637,1085824.9811187058,1085426.3390695527,398.64204915310256
2005-01-17,4.117344946246115,0.0041173449462461155,1070509.68602399,1070116.666723186,393.0193008040078
2005-01-18,2.607718263661861,0.002607718263661861,678006.748552084,677757.8299839149,248.91856816911604
2005-01-19,2.9303647746565313,0.002930364774656531,761894.8414106981,761615.1247656582,279.71664503996726
2005-01-20,3.539597203804482,0.0035395972038044818,920295.2729891653,919957.402337974,337.8706511912169
2005-01-21,3.6262956541856477,0.003626295654185648,942836.8700882684,942490.7236756838,346.1464125845814
2005-01-22,4.177475692892137,0.004177475692892137,1086143.6801519557,1085744.9210979098,398.7590540458914
2005-01-23,3.6490016953668967,0.0036490016953668967,948740.4407953932,948392.1269879107,348.31380748248193
2005-01-24,4.697867006931783,0.004697867006931783,1221445.4218022635,1220996.9890305528,448.43277171067894
2005-01-25,5.117063257883576,0.005117063257883575,1330436.4470497295,1329948.0000893609,488.44696036865935
2005-01-26,3.9911681631567126,0.003991168163156713,1037703.7224207453,1037322.7472677393,380.9751530060312
2005-01-27,2.543088040068569,0.002543088040068569,661202.8904178279,660960.141098439,242.7493193888804
2005-01-28,3.786231706655916,0.003786231706655916,984420.2437305381,984058.830694356,361.4130361820571
2005-01-29,2.726534010506456,0.002726534010506456,708898.8427316785,708638.582660099,260.26007157948334
2005-01-30,2.3634817515881665,0.0023634817515881664,614505.2554129233,614279.6503306192,225.6050823041005
2005-01-31,2.721678810155659,0.0027216788101556586,707636.4906404712,707376.6940198466,259.79662062460557
2005-02-01,2.3973981962721966,0.0023973981962721966,623323.5310307711,623094.6884695699,228.84256120119244
2005-02-02,3.882867171337261,0.0038828671713372607,1009545.4645476878,1009174.8272169038,370.63733078399673
2005-02-03,3.987954284894507,0.003987954284894507,1036868.1140725717,1036487.4456988625,380.6683737091953
2005-02-04,2.7197359493990416,0.0027197359493990416,707131.3468437508,706871.7356780216,259.6111657292349
2005-02-05,3.859572338043761,0.003859572338043761,1003488.8078913778,1003120.3941583766,368.4137330012163
2005-02-06,3.787478071664602,0.003787478071664602,984744.2986327965,984382.7666254059,361.5320073906332
2005-02-07,5.058461620408828,0.005058461620408828,1315200.0213062952,1314717.1681387438,482.8531675513368
2005-02-08,3.3933396714288806,0.003393339671428881,882268.314571509,881944.4048669623,323.90970454667695
2005-02-09,3.200143621520121,0.003200143621520121,832037.3415952314,831731.8733323042,305.46826292725746
2005-02-10,3.552420988783776,0.003552420988783776,923629.4570837817,923290.3623439916,339.0947397900745
2005-02-11,3.544228820948598,0.003544228820948598,921499.4934466355,921161.1806865233,338.3127601122251
2005-02-12,2.635409126250783,0.002635409126250783,685206.3728252036,684954.8110382623,251.56178694125265
2005-02-13,6.747103193674645,0.006747103193674645,1754246.8303554077,1753602.7886697461,644.0416856615338
2005-02-14,6.1436173214695335,0.006143617321469534,1597340.5035820787,1596754.067367573,586.4362145056948
2005-02-15,5.453703620631616,0.005453703620631616,1417962.9413642203,1417442.360550187,520.5808140332811
2005-02-16,4.187049040151437,0.004187049040151437,1088632.7504393735,1088233.077565792,399.6728735815268
2005-02-17,2.26936057637512,0.0022693605763751197,590033.7498575312,589817.1290694643,216.62078806688078
2005-02-18,3.6986772238421515,0.0036986772238421515,961656.0781989594,961303.0226363597,353.0555625996785
2005-02-19,3.6727308815904878,0.0036727308815904876,954910.0292135268,954559.450347299,350.5788662277628
2005-02-20,5.041172342913841,0.005041172342913841,1310704.8091575985,1310223.6063302157,481.20282738283277
2005-02-21,4.560661993749915,0.0045606619937499145,1185772.1183749777,1185336.7824457835,435.33592919423245
2005-02-22,3.1258475009172138,0.0031258475009172137,812720.3502384756,812421.9738781586,298.37636031699367
2005-02-23,5.081353289326875,0.005081353289326875,1321151.8552249875,1320666.8169435265,485.03828146099113
2005-02-24,3.8022960146286335,0.0038022960146286335,988596.9638034448,988234.0173560062,362.9464474385604
2005-02-25,2.4082589415231697,0.0024082589415231697,626147.3247960241,625917.4455272941,229.87926873005927
2005-02-26,2.3824053602530046,0.0023824053602530047,619425.3936657812,619197.9822389656,227.41142681566998
2005-02-27,6.083654341521371,0.006083654341521371,1581750.1287955565,1581169.4163201984,580.7124753580429
2005-02-28,6.157756984319707,0.006157756984319707,1601016.8159231239,1600429.0300134919,587.785909631988
2005-03-01,6.638723228521286,0.006638723228521286,1726068.0394155344,1725434.3430904588,633.6963250755798
2005-03-02,3.160576360177098,0.0031605763601770982,821749.8536460456,821448.1622581654,301.6913878801279
2005-03-03,4.939619350510755,0.004939619350510755,1284301.0311327963,1283829.5220004013,471.5091323950328
2005-03-04,3.6103742020407226,0.0036103742020407227,938697.2925305879,938352.6658930213,344.62663756660186
2005-03-05,2.6026548169607926,0.0026026548169607927,676690.2524098061,676441.8171706531,248.43523915298283
2005-03-06,3.4651112057639017,0.003465111205763902,900928.9134986144,900598.1528746985,330.76062391593587
2005-03-07,7.156111515131383,0.007156111515131383,1860588.9939341594,1859905.910544045,683.0833901143633
2005-03-08,6.602474799447914,0.006602474799447914,1716643.4478564577,1716013.211608795,630.2362476626877
2005-03-09,6.398551209925393,0.006398551209925393,1663623.314580602,1663012.5437670038,610.7708135982975
2005-03-10,6.836857552604907,0.006836857552604907,1777582.963677276,1776930.3545298518,652.6091474241111
2005-03-11,6.766195355707037,0.006766195355707037,1759210.7924838297,1758564.928364471,645.8641193585936
2005-03-12,7.088724876125352,0.007088724876125352,1843068.4677925915,1842391.8167636448,676.6510289467406
2005-03-13,8.20445513141648,0.008204455131416481,2133158.334168285,2132375.18161213,783.1525561553426
2005-03-14,6.08146935088705,0.00608146935088705,1581182.0312306331,1580601.5273225685,580.503908064682
2005-03-15,6.106566633412788,0.006106566633412788,1587707.324687325,1587124.4251295007,582.8995578242466
2005-03-16,4.17104816895707,0.004171048168957071,1084472.5239288383,1084074.3784111843,398.1455176540185
2005-03-17,6.575490208734057,0.006575490208734057,1709627.4542708548,1708999.7938251018,627.6604457530193
2005-03-18,6.787149452516334,0.006787149452516334,1764658.857654247,1764010.9933710487,647.8642831982579
2005-03-19,5.85301649424195,0.005853016494241949,1521784.288502907,1521225.5914590126,558.6970438943245
2005-03-20,6.8868953756497095,0.00688689537564971,1790592.7976689246,1789935.4121837188,657.3854852057993
2005-03-21,8.586729808187371,0.00858672980818737,2232549.750128716,2231730.1077160775,819.6424126387574
2005-03-22,8.3212415743323,0.008321241574332299,2163522.8093263977,2162728.508973121,794.3003532765433
2005-03-23,8.445966008773917,0.008445966008773917,2195951.1622812185,2195144.956413428,806.205867790617
2005-03-24,7.865483354517587,0.007865483354517587,2045025.6721745725,2044274.8760161656,750.7961584068835
2005-03-25,5.45191367328994,0.0054519136732899395,1417497.5550553843,1416977.1450999654,520.4099554189015
2005-03-26,7.800412552174419,0.007800412552174419,2028107.263565349,2027362.6787109678,744.584854381159
2005-03-27,7.8885193455446325,0.007888519345544633,2051015.0298416046,2050262.0347930866,752.9950485180598
2005-03-28,8.368328554152283,0.008368328554152283,2175765.4240795933,2174966.6290599415,798.7950196517631
2005-03-29,5.892951309988862,0.005892951309988862,1532167.3405971043,1531604.8315934234,562.5090036808979
2005-03-30,8.04658558294484,0.00804658558294484,2092112.2515656585,2091344.1683758954,768.0831897631288
2005-03-31,8.709623009861964,0.008709623009861965,2264501.982564111,2263670.6094364543,831.3731276565231
2005-04-01,8.591171250595616,0.008591171250595617,2233704.52515486,2232884.458786344,820.0663685160689
2005-04-02,8.081635583404598,0.008081635583404597,2101225.251685195,2100453.8228134806,771.42887171451
2005-04-03,7.965497875618188,0.007965497875618188,2071029.4476607288,2070269.1046614167,760.3429993120953
2005-04-04,6.678754228512658,0.006678754228512658,1736476.099413291,1735838.5819472054,637.5174660857301
2005-04-05,9.05641520078768,0.00905641520078768,2354667.952204797,2353803.4761853055,864.4760194914415
2005-04-06,9.355708893207582,0.009355708893207583,2432484.3122339714,2431591.267270351,893.0449636206031
2005-04-07,8.720138989129525,0.008720138989129525,2267236.1371736764,2266403.760247972,832.3769257045351
2005-04-08,8.031036212474326,0.008031036212474326,2088069.4152433248,2087302.8163116917,766.5989316331688
2005-04-09,8.848425108964124,0.008848425108964124,2300590.528330672,2299745.905911384,844.6224192879163
2005-04-10,8.714305396015599,0.008714305396015599,2265719.4029640555,2264887.582881345,831.8200827105902
2005-04-11,9.00044549698575,0.009000445496985749,2340115.8292162945,2339256.695759581,859.13345671352
2005-04-12,8.160905193409942,0.008160905193409942,2121835.350286585,2121056.354770077,778.9955165078864
2005-04-13,8.322479465875869,0.00832247946587587,2163844.661127726,2163050.242612072,794.4185156542808
2005-04-14,9.016852180427739,0.00901685218042774,2344381.566911212,2343520.867361947,860.6995492652059
2005-04-15,8.52540519187589,0.00852540519187589,2216605.3498877315,2215791.5611886242,813.7886991072446
2005-04-16,5.666257147899232,0.005666257147899232,1473226.8584538002,1472685.988438896,540.8700149042998
2005-04-17,5.48574958473402,0.00548574958473402,1426294.8920308452,1425771.2522837932,523.6397470519878
2005-04-18,5.56733029145463,0.00556733029145463,1447505.8757782038,1446974.4487816663,531.4269965374842
2005-04-19,7.992420168342259,0.007992420168342259,2078029.2437689872,2077266.3309143921,762.9128545951098
2005-04-20,7.763800023648837,0.007763800023648838,2018588.0061486978,2017846.9161266782,741.0900220195763
2005-04-21,5.900888561132147,0.005900888561132147,1534231.025894358,1533667.759243957,563.2666504010558
2005-04-22,8.142749587889996,0.008142749587889997,2117114.8928513993,2116337.63037001,777.2624813891016
2005-04-23,5.694421382744115,0.005694421382744115,1480549.55951347,1480006.0010942586,543.558419211302
2005-04-24,8.89833014877023,0.00889833014877023,2313565.83868026,2312716.4525979543,849.3860823055729
2005-04-25,9.404450145495296,0.009404450145495296,2445157.037828777,2444259.34029095,897.6975378268398
2005-04-26,8.9729210435523,0.0089729210435523,2332959.471323598,2332102.9652011464,856.5061224517412
2005-04-27,9.525700196624788,0.009525700196624787,2476682.0511224447,2475772.7797157923,909.2714066524059
2005-04-28,8.557966289305673,0.008557966289305673,2225071.235219475,2224254.33841553,816.8968039448373
2005-04-29,9.698321332167378,0.009698321332167378,2521563.546363518,2520637.7974843974,925.7488791206852
2005-04-30,9.051919218241338,0.009051919218241338,2353498.996742748,2352634.9498852384,864.046857509762
2005-05-01,9.35641180657026,0.00935641180657026,2432667.0697082677,2431773.95764837,893.1120598977432
2005-05-02,4.693945278433868,0.0046939452784338686,1220425.772392806,1219977.7139679163,448.0584248895757
2005-05-03,4.285347220372021,0.004285347220372021,1114190.2772967254,1113781.2214147819,409.0558819435537
2005-05-04,4.203487939139944,0.0042034879391399434,1092906.8641763853,1092505.6221351314,401.24204125395045
2005-05-05,5.221884433260871,0.005221884433260871,1357689.9526478264,1357191.5000295413,498.4526182850823
2005-05-06,5.461209984819029,0.005461209984819029,1419914.5960529477,1419393.2987223137,521.29733063397
2005-05-07,6.384781527396627,0.006384781527396627,1660043.197123123,1659433.7406883468,609.456434776308
2005-05-08,8.258730161594631,0.00825873016159463,2147269.842014604,2146481.508659975,788.3333546286449
2005-05-09,8.998534238999415,0.008998534238999415,2339618.9021398476,2338759.9511214015,858.9510184461251
2005-05-10,6.920789914120075,0.006920789914120075,1799405.3776712194,1798744.7567981642,660.620873055188
2005-05-11,6.563234367413868,0.006563234367413868,1706440.9355276057,1705814.4449576463,626.4905699593946
2005-05-12,7.71482593668816,0.00771482593668816,2005854.7435389217,2005118.3283162366,736.4152226850856
2005-05-13,8.242818185836777,0.008242818185836777,2143132.728317562,2142345.9138333867,786.8144841752946
2005-05-14,7.408694982549441,0.007408694982549441,1926260.6954628546,1925553.5018320256,707.1936308289878
2005-05-15,5.093569525818765,0.005093569525818765,1324328.076712879,1323841.8723360854,486.2043767934665
2005-05-16,8.386802577924856,0.008386802577924856,2180568.6702604624,2179768.1118112216,800.558449240867
2005-05-17,8.17393604113814,0.00817393604113814,2125223.3706959165,2124443.1313257287,780.2393701877445
2005-05-18,8.187843675940684,0.008187843675940684,2128839.355744578,2128057.7888273965,781.5669171814807
2005-05-19,5.736711057777947,0.005736711057777948,1491544.8750222663,1490997.2798612395,547.5951610268094
2005-05-20,8.792298502193972,0.008792298502193973,2285997.610570433,2285158.3456910253,839.2648794078268
2005-05-21,9.546592119240294,0.009546592119240294,2482113.9510024767,2481202.6853667945,911.2656356822699
2005-05-22,10.277076405196015,0.010277076405196015,2672039.865350964,2671058.871667945,980.9936830191873
2005-05-23,10.522954452994558,0.010522954452994558,2735968.157778585,2734963.69391765,1004.4638609350659
2005-05-24,9.781294234756217,0.009781294234756217,2543136.5010366165,2542202.832016583,933.6690200334415
2005-05-25,8.664803293971657,0.008664803293971656,2252848.8564326307,2252021.7615506956,827.0948819350451
2005-05-26,4.513732947308574,0.004513732947308574,1173570.5663002292,1173139.7099619512,430.8563382779248
2005-05-27,6.489854770713492,0.006489854770713493,1687362.2403855082,1686742.7542317843,619.4861537239049
2005-05-28,8.580206963921784,0.008580206963921784,2230853.810619664,2230034.7908421764,819.0197774874978
2005-05-29,7.897369641046813,0.007897369641046812,2053316.1066721713,2052562.2668226964,753.8398494748399
2005-05-30,9.190291553565384,0.009190291553565384,2389475.8039269997,2388598.548800766,877.2551262336783
2005-05-31,9.66053999864011,0.009660539998640109,2511740.3996464284,2510818.257167422,922.142479006201
2005-06-01,9.443752678419111,0.00944375267841911,2455375.6963889687,2454474.2472456265,901.4491433422081
2005-06-02,9.365928630366117,0.009365928630366118,2435141.4438951905,2434247.423411179,894.0204840116203
2005-06-03,9.863353344761219,0.009863353344761218,2564471.869637917,2563530.3677026285,941.50193528831
2005-06-04,5.560807169965546,0.005560807169965546,1445809.864191042,1445279.059856118,530.8043349240907
2005-06-05,7.998144671617075,0.007998144671617075,2079517.6146204395,2078754.1553359719,763.4592844676226
2005-06-06,6.475857230485272,0.006475857230485272,1683722.8799261707,1683104.7299013222,618.1500248485245
2005-06-07,6.873799239991027,0.006873799239991027,1787187.802397667,1786531.666998171,656.13539949595
2005-06-08,7.254551797181449,0.007254551797181449,1886183.4672671768,1885490.9873044344,692.4799627424218
2005-06-09,10.32381973504557,0.01032381973504557,2684193.131111848,2683207.675565406,985.4555464419536
2005-06-10,7.318430958317942,0.007318430958317941,1902792.0491626647,1902093.4716434693,698.5775191953871
2005-06-11,7.056834872584527,0.007056834872584527,1834777.066871977,1834103.459888904,673.6069830730557
2005-06-12,8.114962222804568,0.008114962222804568,2109890.1779291877,2109115.5678781727,774.6100510149263
2005-06-13,9.944651705814051,0.009944651705814052,2585609.4435116537,2584660.181278058,949.2622335958295
2005-06-14,8.2772573690786,0.008277257369078599,2152086.9159604358,2151296.8140995908,790.1018608449958
2005-06-15,10.16031530933371,0.01016031530933371,2641681.9804267646,2640712.132121375,969.8483053897507
2005-06-16,10.718080958315491,0.01071808095831549,2786701.0491620274,2785677.959588724,1023.0895733032376
2005-06-17,10.849236210013627,0.010849236210013628,2820801.4146035435,2819765.8056649715,1035.608938571997
2005-06-18,10.754904581046006,0.010754904581046006,2796275.1910719615,2795248.5865163947,1026.6045555667952
2005-06-19,10.593552683103656,0.010593552683103656,2754323.6976069505,2753312.4948238707,1011.2027830798179
2005-06-20,10.191647396868719,0.010191647396868718,2649828.3231858667,2648855.4840902234,972.8390956432559
2005-06-21,9.282271508819038,0.009282271508819039,2413390.59229295,2412504.5572616626,886.0350312874652
2005-06-22,10.132966888597236,0.010132966888597236,2634571.391035281,2633604.153261031,967.2377742500976
2005-06-23,10.4269707580354,0.0104269707580354,2711012.3970892043,2710017.095308487,995.3017807174474
2005-06-24,10.618816811843237,0.010618816811843236,2760892.3710792414,2759878.7567201722,1013.6143590691499
2005-06-25,10.09127245209173,0.010091272452091729,2623730.8375438494,2622767.5796931903,963.2578506590798
2005-06-26,10.698061665543504,0.010698061665543504,2781496.033041311,2780474.8544005505,1021.1786407604814
2005-06-27,10.505191093204665,0.010505191093204665,2731349.684233213,2730346.9159657573,1002.7682674555108
2005-06-28,10.598748958429137,0.010598748958429138,2755674.7291915757,2754663.0304003833,1011.6987911923788
2005-06-29,10.78686485087087,0.01078686485087087,2804584.8612264264,2803555.2059177496,1029.6553086768836
2005-06-30,10.985904362333063,0.010985904362333062,2856335.1342065963,2855286.4796713185,1048.6545352777466
2005-07-01,10.887309466841886,0.010887309466841886,2830700.4613788906,2829661.218174797,1039.2432040935382
2005-07-02,10.33830067522024,0.01033830067522024,2687958.1755572627,2686971.3377392218,986.8378180409782
2005-07-03,11.245084959731823,0.011245084959731822,2923722.089530274,2922648.6950282212,1073.3945020525716
2005-07-04,11.348812948630535,0.011348812948630535,2950691.366643939,2949608.0708335913,1083.2958103478886
2005-07-05,10.169560001905115,0.010169560001905114,2644085.6004953296,2643114.869741989,970.7307533407584
2005-07-06,10.348038954491205,0.010348038954491205,2690490.1281677135,2689502.360786626,987.7673810874112
2005-07-07,10.442087542189396,0.010442087542189397,2714942.760969243,2713946.016222727,996.744746515993
2005-07-08,11.048423961228165,0.011048423961228165,2872590.2299193228,2871535.6076039914,1054.6223153313622
2005-07-09,9.589640367102895,0.009589640367102895,2493306.4954467528,2492391.1206600284,915.3747867243364
2005-07-10,9.521514910282072,0.009521514910282072,2475593.876673339,2474685.004771303,908.871902036015
2005-07-11,10.032939441805842,0.010032939441805843,2608564.2548695193,2607606.5651699905,957.6896995287389
2005-07-12,9.588719972142767,0.009588719972142768,2493067.19275712,2492151.9058262804,915.2869308395311
2005-07-13,9.53383649834049,0.009533836498340489,2478797.4895685273,2477887.4415148725,910.0480536548421
2005-07-14,9.07437232866218,0.00907437232866218,2359336.8054521666,2358470.6153431507,866.1901090159081
2005-07-15,8.998588628081206,0.008998588628081207,2339633.043301114,2338774.0870909826,858.9562101312913
2005-07-16,7.860115358994976,0.007860115358994977,2043629.993338694,2042879.7095798734,750.283758820733
2005-07-17,9.521661259136188,0.009521661259136187,2475631.927375409,2474723.041503709,908.8858717000112
2005-07-18,9.781576169148053,0.009781576169148053,2543209.803978494,2542276.1080465405,933.695931953378
2005-07-19,9.949095488874072,0.009949095488874071,2586764.8271072586,2585815.1406943593,949.6864128992893
2005-07-20,7.387081198685315,0.007387081198685315,1920641.111658182,1919935.9811613222,705.1304968597833
2005-07-21,8.10439717518914,0.00810439717518914,2107143.2655491764,2106369.6639800062,773.6015691701323
2005-07-22,9.348145221575688,0.009348145221575689,2430517.757609679,2429625.434632915,892.3229767638259
2005-07-23,9.75142969005879,0.00975142969005879,2535371.7194152856,2534440.901101867,930.8183134184219
2005-07-24,10.714504603021748,0.010714504603021749,2785771.1967856544,2784748.448591729,1022.7481939252466
2005-07-25,9.26315377482604,0.00926315377482604,2408419.9814547705,2407535.7712981403,884.210156630259
2005-07-26,9.498375669756859,0.00949837566975686,2469577.6741367835,2468671.010980493,906.6631562905386
2005-07-27,7.83319261765679,0.00783319261765679,2036630.0805907652,2035882.36673005,747.7138607152738
2005-07-28,6.401523155337631,0.006401523155337631,1664396.020387784,1663784.96588848,611.0544993041549
2005-07-29,8.6746848625128,0.0086746848625128,2255418.064253328,2254590.0261307345,828.0381225934252
2005-07-30,7.702832593403281,0.007702832593403281,2002736.474284853,2002001.2038813303,735.2704035227653
2005-07-31,8.753741130882823,0.008753741130882823,2275972.694029534,2275137.1096265763,835.5844029574655
2005-08-01,9.160111196854672,0.009160111196854672,2381628.9111822145,2380754.536908289,874.374273925554
2005-08-02,8.758740624972665,0.008758740624972665,2277272.562492893,2276436.5008654874,836.0616274056956
2005-08-03,8.432719541137162,0.008432719541137163,2192507.080695662,2191702.1392634525,804.9414322096854
2005-08-04,7.273224802722088,0.007273224802722088,1891038.4487077428,1890344.1863216967,694.2623860461172
2005-08-05,4.825189365060269,0.004825189365060269,1254549.23491567,1254088.6486458138,460.58626985619776
2005-08-06,6.700289226063677,0.006700289226063677,1742075.1987765562,1741435.625697013,639.5730795431882
2005-08-07,8.615266625614854,0.008615266625614855,2239969.322659862,2239146.9562782147,822.3663816475309
2005-08-08,9.636076489769684,0.009636076489769684,2505379.8873401177,2504460.0800142935,919.8073258241639
2005-08-09,8.81335396399576,0.008813353963995761,2291472.030638898,2290630.7559199007,841.2747189970687
2005-08-10,4.953137016089132,0.004953137016089132,1287815.6241831742,1287342.8247281215,472.79945505270734
2005-08-11,8.02542819929007,0.00802542819929007,2086611.331815418,2085845.2681941485,766.063621269539
2005-08-12,6.718159017272448,0.006718159017272449,1746721.3444908366,1746080.0656584508,641.2788323857822
2005-08-13,7.174368102270322,0.007174368102270322,1865335.7065902837,1864650.8805258959,684.826064387802
2005-08-14,6.664695494166625,0.006664695494166625,1732820.8284833226,1732184.6529873693,636.1754959532991
2005-08-15,6.8694475201609935,0.006869447520160993,1786056.3552418582,1785400.6352338116,655.7200080465991
2005-08-16,8.571469656819241,0.008571469656819241,2228582.1107730027,2227763.9250112153,818.185761787463
2005-08-17,9.588765709423287,0.009588765709423287,2493079.0844500544,2492163.793153384,915.291296670679
2005-08-18,9.913866209859854,0.009913866209859854,2577605.214563562,2576658.8909455677,946.3236179943196
2005-08-19,9.673009839518905,0.009673009839518904,2514982.558274915,2514059.2254928844,923.3327820305713
2005-08-20,9.292424457720537,0.009292424457720537,2416030.35900734,2415143.3548309044,887.0041764355265
2005-08-21,9.423128780107534,0.009423128780107533,2450013.4828279587,2449114.002329508,899.4804984508082
2005-08-22,9.055238835475725,0.009055238835475725,2354362.0972236884,2353497.7334936163,864.3637300720438
2005-08-23,9.16744885161229,0.009167448851612291,2383536.7014191956,2382661.626732752,875.0746864434332
2005-08-24,9.21726804636405,0.009217268046364049,2396489.6920546526,2395609.8618994923,879.8301551602781
2005-08-25,9.286843294244928,0.009286843294244928,2414579.256503681,2413692.7850746824,886.471428998746
2005-08-26,8.634956931721304,0.008634956931721303,2245088.8022475387,2244264.5563366218,824.2459109169431
2005-08-27,8.606649082907579,0.00860664908290758,2237728.7615559706,2236907.2177579673,821.5437980033457
2005-08-28,6.605664964316864,0.006605664964316864,1717472.8907223847,1716842.3499589765,630.5407634081785
2005-08-29,8.237237772208617,0.008237237772208618,2141681.820774241,2140895.5389659265,786.2818083143793
2005-08-30,8.5982368290036,0.0085982368290036,2235541.575540936,2234720.834730827,820.7408101093024
2005-08-31,9.167902063157028,0.009167902063157029,2383654.5364208273,2382779.4184732805,875.1179475467652
2005-09-01,9.202644345710743,0.009202644345710742,2392687.529884793,2391809.095628368,878.4342564246617
2005-09-02,7.915418470873008,0.007915418470873008,2058008.802426982,2057253.239734614,755.5626923679374
2005-09-03,7.581177133777521,0.007581177133777521,1971106.0547821554,1970382.396945543,723.6578366125468
2005-09-04,8.30744435903783,0.008307444359037831,2159935.5333498362,2159142.550003509,792.983346327208
2005-09-05,8.447927941757925,0.008447927941757924,2196461.2648570603,2195654.871713843,806.3931432170793
2005-09-06,8.735371995199902,0.008735371995199902,2271196.7187519744,2270362.887766561,833.8309854133986
2005-09-07,7.519753780559531,0.007519753780559532,1955135.9829454783,1954418.1882472837,717.7946981946006
2005-09-08,7.386923401019566,0.007386923401019567,1920600.0842650873,1919894.9688307324,705.1154343548696
2005-09-09,8.049534992752523,0.008049534992752523,2092879.098115656,2092110.7333913129,768.3647243431769
2005-09-10,7.714434618656392,0.007714434618656392,2005753.000850662,2005016.6229810626,736.377869599266
2005-09-11,8.28593259251672,0.00828593259251672,2154342.4740543473,2153551.5441039703,790.9299503769726
2005-09-12,8.480741758561463,0.008480741758561462,2204992.85722598,2204183.331854712,809.525371267926
2005-09-13,9.020943793764175,0.009020943793764176,2345445.386378686,2344584.2962663188,861.0901123671792
2005-09-14,8.901981343973329,0.008901981343973329,2314515.1494330657,2313665.414827572,849.7346054934897
2005-09-15,8.817192024790785,0.008817192024790785,2292469.9264456043,2291628.285366249,841.6410793554969
2005-09-16,8.310335588990046,0.008310335588990046,2160687.253137412,2159893.9938100367,793.25932737533
2005-09-17,9.610475609892035,0.009610475609892035,2498723.658571929,2497806.294966522,917.3636054070666
2005-09-18,9.5194757402063,0.0095194757402063,2475063.692453638,2474155.01519966,908.6772539783269
2005-09-19,9.29019168334736,0.00929019168334736,2415449.837670313,2414563.046622346,886.791047967039
2005-09-20,8.481918820145673,0.008481918820145673,2205298.893237875,2204489.255510725,809.6377271497622
2005-09-21,8.329983504888066,0.008329983504888066,2165795.711270897,2165000.5764605906,795.1348103065975
2005-09-22,8.329867917024467,0.008329867917024468,2165765.6584263616,2164970.5346494424,795.1237769192085
2005-09-23,7.958774479204137,0.007958774479204136,2069281.3645930756,2068521.6633725294,759.7012205461506
2005-09-24,8.230401724462135,0.008230401724462134,2139904.448360155,2139118.819083688,785.6292764670216
2005-09-25,8.54623719327962,0.00854623719327962,2222021.6702527013,2221205.893044316,815.7772083850577
2005-09-26,8.642304796579001,0.008642304796579,2246999.24711054,2246174.2998125046,824.9472980354913
2005-09-27,7.991751932907015,0.007991751932907014,2077855.5025558237,2077092.65348734,762.8490684835706
2005-09-28,8.636101739475821,0.008636101739475821,2245386.4522637133,2244562.0970756896,824.3551880237646
2005-09-29,7.248099574956117,0.0072480995749561175,1884505.8894885906,1883814.0254198043,691.8640687863808
2005-09-30,8.565800870619402,0.008565800870619401,2227108.226361044,2226290.5817106813,817.6446503628977
2005-10-01,8.64002527867331,0.00864002527867331,2246406.57245506,2245581.842747376,824.7297076843679
2005-10-02,7.948227541457361,0.00794822754145736,2066539.1607789136,2065780.4663115428,758.694467370864
2005-10-03,7.55570157742403,0.00755570157742403,1964482.410130248,1963761.184051352,721.226078895852
2005-10-04,8.187526838015803,0.008187526838015803,2128756.9778841087,2127975.441210548,781.5366735607386
2005-10-05,6.20663458002359,0.00620663458002359,1613724.9908061333,1613132.539307696,592.4514984372072
2005-10-06,3.576522696535223,0.003576522696535223,929895.901099158,929554.5057417485,341.39535740949214
2005-10-07,4.088530990811488,0.004088530990811488,1063018.057610987,1062627.7887332751,390.26887771184556
2005-10-08,6.35119047499584,0.00635119047499584,1651309.5234989184,1650703.273482866,606.2500160525087
2005-10-09,6.965624938512323,0.006965624938512323,1811062.484013204,1810397.5834331608,664.900580043206
2005-10-10,5.699876815688714,0.005699876815688714,1481967.9720790656,1481423.8929139685,544.0791650970932
2005-10-11,5.031817317270705,0.005031817317270705,1308272.5024903833,1307792.1926427449,480.30984763847664
2005-10-12,5.72094167132942,0.00572094167132942,1487444.8345456494,1486898.7446442784,546.0899013709277
2005-10-13,3.6218026884257872,0.0036218026884257872,941668.6989907047,941322.981452136,345.7175385687733
2005-10-14,3.2744355369411435,0.0032744355369411435,851353.2396046973,851040.6798405636,312.5597641337663
2005-10-15,4.810773881170116,0.004810773881170116,1250801.2091042302,1250341.998857873,459.2102463571355
2005-10-16,5.034984668857693,0.005034984668857693,1309096.0139030002,1308615.4017172474,480.6121857527178
2005-10-17,6.188074375821489,0.0061880743758214885,1608899.337713587,1608308.6578710529,590.6798425342422
2005-10-18,6.623885287725841,0.006623885287725841,1722210.1748087187,1721577.894832575,632.2799761437345
2005-10-19,6.8399336066387075,0.0068399336066387074,1778382.737726064,1777729.8349552923,652.902770771645
2005-10-20,6.277174144370724,0.006277174144370724,1632065.2775363883,1631466.0927157202,599.1848206680734
2005-10-21,6.176490328179167,0.006176490328179167,1605887.4853265833,1605297.9112340806,589.5740925027058
2005-10-22,5.715738057025226,0.005715738057025226,1486091.894826559,1485546.3016338393,545.5931927196216
2005-10-23,3.781913158141423,0.0037819131581414227,983297.4211167699,982936.4203056843,361.0008110855706
2005-10-24,3.8504416798981946,0.0038504416798981946,1001114.8367735306,1000747.2946033756,367.5421701549785
2005-10-25,5.462542664411119,0.005462542664411119,1420261.0927468908,1419739.6682059288,521.4245409620926
2005-10-26,6.289998966266799,0.006289998966266799,1635399.7312293677,1634799.3222211222,600.4090082454495
2005-10-27,3.790354887090823,0.003790354887090823,985492.2706436139,985130.4640311071,361.80661250674166
2005-10-28,3.624513836365904,0.003624513836365904,942373.597455135,942027.6211251649,345.9763299700571
2005-10-29,3.6991893510586547,0.0036991893510586547,961789.2312752502,961436.1268277785,353.1044474716764
2005-10-30,5.723914579082092,0.005723914579082092,1488217.790561344,1487671.4168824072,546.3736789368559
2005-10-31,5.865880712712935,0.005865880712712935,1525128.985305363,1524569.0603133093,559.9249920537695
2005-11-01,5.264007697583857,0.005264007697583856,1368642.0013718028,1368139.5278963614,502.47347544133663
2005-11-02,6.035604667026787,0.006035604667026787,1569257.2134269646,1568681.087511567,576.1259153976571
2005-11-03,5.927513647222772,0.005927513647222772,1541153.5482779206,1540587.7401419613,565.8081359593198
2005-11-04,5.420759636947994,0.005420759636947994,1409397.5056064785,1408880.0694455171,517.4361609613989
2005-11-05,5.103496743010519,0.0051034967430105185,1326909.1531827347,1326422.0012079112,487.1519748235587
2005-11-06,5.483533603048798,0.005483533603048798,1425718.7367926876,1425195.308571166,523.4282215216663
2005-11-07,5.2814546780283855,0.005281454678028386,1373178.2162873803,1372674.0774183066,504.1388690737076
2005-11-08,4.168956932524762,0.004168956932524762,1083928.802456438,1083530.8565568125,397.94589962554164
2005-11-09,3.3290530261235496,0.0033290530261235497,865553.7867921229,865236.0135402463,317.77325187658425
2005-11-10,4.858741097941306,0.004858741097941306,1263272.6854647396,1262808.8965293865,463.78893535304815
2005-11-11,4.9669470752323335,0.004966947075232334,1291406.2395604067,1290932.1218724004,474.1176880062558
2005-11-12,4.811128627839868,0.004811128627839868,1250893.4432383657,1250434.1991298255,459.2441085402388
2005-11-13,3.96725855967574,0.00396725855967574,1031487.2255156925,1031108.5326430795,378.69287261296995
2005-11-14,5.21380527856237,0.00521380527856237,1355589.3724262163,1355091.690999991,497.6814262252301
2005-11-15,5.425708202153188,0.005425708202153188,1410684.132559829,1410166.2240358125,517.908524016384
2005-11-16,4.370390147353526,0.004370390147353526,1136301.4383119168,1135884.2646958176,417.17361609917134
2005-11-17,4.928046976069233,0.0049280469760692325,1281292.2137780006,1280821.8092813771,470.404496623436
2005-11-18,2.0327547806674784,0.0020327547806674785,528516.2429735444,528322.207284761,194.03568878339138
2005-11-19,4.475389613247545,0.004475389613247545,1163601.2994443618,1163174.1031517053,427.1962926564738
2005-11-20,4.991296883830092,0.004991296883830092,1297737.1897958238,1297260.747807844,476.4419879796915
2005-11-21,5.062353461186327,0.005062353461186327,1316211.899908445,1315728.6752469914,483.22466145362705
2005-11-22,4.9085311516095755,0.004908531151609575,1276218.0994184895,1275749.5577960687,468.5416224207729
2005-11-23,4.900436311704882,0.004900436311704883,1274113.4410432696,1273645.672110133,467.7689331364818
2005-11-24,4.707584364339449,0.004707584364339449,1223971.9347282567,1223522.574390587,449.3603376697283
2005-11-25,3.679120113338154,0.003679120113338154,956571.22946792,956220.0407204637,351.1887474562973
2005-11-26,4.469185442783847,0.004469185442783847,1161988.2151238003,1161561.6110474314,426.60407636896707
2005-11-27,6.0407943755956985,0.006040794375595698,1570606.5376548816,1570029.9163581983,576.6212966833264
2005-11-28,5.526142971473248,0.005526142971473248,1436797.1725830445,1436269.6771035192,527.4954795252997
2005-11-29,4.450739843396754,0.004450739843396754,1157192.359283156,1156767.515923139,424.8433600170538
2005-11-30,4.585475484684958,0.004585475484684957,1192223.626018089,1191785.9215283333,437.70448975567706
2005-12-01,4.4288559750554075,0.004428855975055408,1151502.553514406,1151079.7990691501,422.75444525596686
2005-12-02,4.589894279079927,0.004589894279079927,1193372.512560781,1192934.3862770037,438.126283777412
2005-12-03,4.173174758773491,0.004173174758773491,1085025.4372811078,1084627.088770784,398.34851032379083
2005-12-04,4.79542141826898,0.00479542141826898,1246809.5687499347,1246351.8239659844,457.7447839502711
2005-12-05,4.27313774395631,0.00427313774395631,1111015.8134286406,1110607.9229967496,407.89043189096265
2005-12-06,4.142116363723095,0.0041421163637230946,1076950.2545680045,1076554.870722742,395.3838452624623
2005-12-07,2.3789651787059336,0.0023789651787059335,618530.9464635428,618303.8634177017,227.08304584107827
2005-12-08,3.795141600474025,0.003795141600474025,986736.8161232464,986374.5525971772,362.2635260692332
2005-12-09,3.674970736316444,0.003674970736316444,955492.3914422755,955141.5987717272,350.79267054831143
2005-12-10,4.091953034971053,0.004091953034971053,1063907.7890924737,1063517.1935650834,390.59552739025094
2005-12-11,3.078549530047941,0.0030785495300479407,800422.8778124646,800129.0162585783,293.86155388632324
2005-12-12,3.57832373033066,0.00357832373033066,930364.1698859716,930022.6026116953,341.56727427628357
2005-12-13,3.006102666099219,0.0030061026660992193,781586.693185797,781299.747014563,286.9461712340126
2005-12-14,2.912835072684438,0.002912835072684438,757337.1188979539,757059.0755426923,278.04335526155774
2005-12-15,3.7694221808154524,0.0037694221808154526,980049.7670120177,979689.9585215268,359.8084904908901
2005-12-16,2.711175171555122,0.002711175171555122,704905.5446043317,704646.7506037821,258.79400054959115
2005-12-17,2.317616774055009,0.002317616774055009,602580.3612543023,602359.1341926977,221.2270616046153
2005-12-18,2.482998657511759,0.002482998657511759,645579.6509530573,645342.63743852,237.01351453736424
2005-12-19,3.5129250110910757,0.0035129250110910756,913360.5028836797,913025.1782145882,335.3246690914966
2005-12-20,3.357925464234079,0.003357925464234079,873060.6207008605,872740.0914434544,320.52925740613136
2005-12-21,3.510065465507593,0.003510065465507593,912617.0210319742,912281.9693195139,335.05171246035025
2005-12-22,4.3420346260167175,0.0043420346260167175,1128929.0027643465,1128514.5358117197,414.46695262682624
2005-12-23,4.260962704102148,0.004260962704102148,1107850.3030665584,1107443.5747975935,406.7282689649146
2005-12-24,5.223701723274262,0.005223701723274262,1358162.4480513083,1357663.8219644264,498.6260868818499
2005-12-25,4.371755796139062,0.0043717557961390615,1136656.506996156,1136239.203022669,417.30397348687984
2005-12-26,4.4362783112236555,0.0044362783112236555,1153432.3609181505,1153008.8979771505,423.46294100000523
2005-12-27,4.765004918269533,0.004765004918269532,1238901.2787500783,1238446.437359387,454.84139069123194
2005-12-28,5.042814626604166,0.005042814626604166,1311131.802917083,1310650.4433262527,481.3595908302814
2005-12-29,3.615346255394051,0.003615346255394051,939990.0264024533,939644.9251597812,345.10124267206993
2005-12-30,4.820547943886458,0.004820547943886458,1253342.465410479,1252882.3221853832,460.1432250959333
2005-12-31,4.598754166659261,0.004598754166659261,1195676.083331408,1195237.1113310663,438.9720003416296
2006-01-01,4.933361775137249,0.004933361775137249,1282674.0615356849,1282203.1497173188,470.9118183660321
2006-01-02,5.088847743881989,0.0050888477438819895,1323100.4134093174,1322614.6597480844,485.75366123300046
2006-01-03,4.974164282028323,0.004974164282028323,1293282.713327364,1292807.9067241454,474.8066032186616
2006-01-04,3.9142586790825202,0.003914258679082521,1017707.2565614553,1017333.6227684885,373.63379296683706
2006-01-05,4.924220156904628,0.004924220156904628,1280297.2407952033,1279827.2015858735,470.039209329756
2006-01-06,4.539474077242377,0.004539474077242377,1180263.260083018,1179829.9466368172,433.3134462009184
2006-01-07,4.940592975978857,0.004940592975978857,1284554.173754503,1284082.571685129,471.60206937394105
2006-01-08,3.9491704478615177,0.003949170447861518,1026784.3164439946,1026407.3501639192,376.9662800754886
2006-01-09,5.415035803315622,0.005415035803315622,1407909.3088620617,1407392.4190670524,516.8897950092796
2006-01-10,4.568996659854187,0.0045689966598541866,1187939.1315620886,1187503.000051109,436.1315109797288
2006-01-11,4.728301608174477,0.004728301608174477,1229358.418125364,1228907.080232548,451.33789281593636
2006-01-12,4.843702090248406,0.004843702090248405,1259362.5434645854,1258900.190070914,462.35339367133565
2006-01-13,4.881416057970745,0.004881416057970745,1269168.1750723936,1268702.2217089802,465.9533634134568
2006-01-14,4.265600449423708,0.004265600449423708,1109056.116850164,1108648.9458873158,407.1709628482349
2006-01-15,2.9547052328025636,0.0029547052328025634,768223.3605286665,767941.3204761961,282.04005247040186
2006-01-16,4.019030229061949,0.004019030229061949,1044947.8595561067,1044564.2248421933,383.63471391343046
2006-01-17,5.237937350826194,0.005237937350826194,1361863.7112148106,1361363.7262725353,499.9849422753323
2006-01-18,5.5098910526174905,0.0055098910526174905,1432571.6736805476,1432045.7295205907,525.9441599568818
2006-01-19,4.258410384289553,0.004258410384289552,1107186.6999152836,1106780.2152768527,406.48463843087666
2006-01-20,5.015144544255173,0.005015144544255173,1303937.581506345,1303458.8631507184,478.71835562656634
2006-01-21,2.5589615537159633,0.0025589615537159635,665330.0039661505,665085.7394476911,244.26451845932752
2006-01-22,4.171917566552826,0.004171917566552825,1084698.5673037346,1084300.3387981262,398.2285056083929
2006-01-23,4.174414419858015,0.004174414419858014,1085347.7491630837,1084949.2823214715,398.466841612244
2006-01-24,4.388394427865874,0.004388394427865874,1140982.5512451273,1140563.6590385698,418.8922065575607
2006-01-25,3.18130067785172,0.00318130067785172,827138.1762414471,826834.5066231907,303.6696182563901
2006-01-26,5.608615192569453,0.005608615192569453,1458239.950068058,1457704.5822399454,535.3678281125613
2006-01-27,4.908509169378508,0.004908509169378508,1276212.384038412,1275743.8445142952,468.5395241167862
2006-01-28,4.787649745574078,0.004787649745574078,1244788.9338492602,1244331.9309068143,457.0029424459208
2006-01-29,5.691810833528021,0.005691810833528021,1479870.8167172854,1479327.5074868696,543.309230415849
2006-01-30,5.689753598757726,0.005689753598757725,1479335.9356770087,1478792.822819008,543.1128580006771
2006-01-31,5.644025984029229,0.005644025984029229,1467446.7558475996,1466908.0078983938,538.7479492058046
2006-02-01,5.1208560134748575,0.0051208560134748575,1331422.563503463,1330933.7545073237,488.80899613932706
2006-02-02,6.571804305865724,0.006571804305865724,1708669.1195250882,1708041.8109155274,627.3086095608305
2006-02-03,5.943142513275591,0.005943142513275591,1545217.0534516536,1544649.7534693494,567.2999823042192
2006-02-04,5.492169718787689,0.005492169718787689,1427964.1268847992,1427439.874306753,524.2525780461729
2006-02-05,6.110954010451084,0.006110954010451084,1588848.0427172817,1588264.7243643655,583.318352916278
2006-02-06,5.8653602808958585,0.005865360280895859,1524993.6730329234,1524433.7977184535,559.8753144699149
2006-02-07,5.710990905817678,0.005710990905817679,1484857.6355125965,1484312.4954570497,545.1400555467699
2006-02-08,5.816811158575915,0.005816811158575914,1512370.9012297378,1511815.6601497945,555.2410799432546
2006-02-09,5.059390955125452,0.005059390955125452,1315441.6483326175,1314958.7064558407,482.94187677674927
2006-02-10,3.560583867600824,0.003560583867600824,925751.8055762142,925411.9316525164,339.8739236978581
2006-02-11,4.712545740455967,0.004712545740455967,1225261.8925185513,1224812.0585949668,449.83392358454876
2006-02-12,5.6026493659918755,0.005602649365991875,1456688.8351578875,1456154.0367950543,534.7983628332149
2006-02-13,6.513995047374512,0.006513995047374512,1693638.7123173731,1693016.9218644518,621.7904529212974
2006-02-14,5.623338656475788,0.005623338656475788,1462068.050683705,1461531.277434,536.7732497048564
2006-02-15,6.065802266810907,0.006065802266810907,1577108.5893708358,1576529.5809572001,579.00841363566
2006-02-16,5.77094587795213,0.00577094587795213,1500445.9282675537,1499895.0652372413,550.86303031235
2006-02-17,3.053415176460112,0.003053415176460112,793887.9458796291,793596.4835141038,291.462365525309
2006-02-18,2.8155875075461982,0.0028155875075461982,732052.7519620116,731783.9913291243,268.7606328872498
2006-02-19,3.6464994430480115,0.0036464994430480116,948089.855192483,947741.7802363647,348.074956118362
2006-02-20,4.605253097777146,0.004605253097777146,1197365.8054220579,1196926.213069184,439.59235287387855
2006-02-21,4.098386606086835,0.004098386606086834,1065580.517582577,1065189.3079415637,391.20964101329446
2006-02-22,3.2014022681651166,0.0032014022681651167,832364.5897229303,832059.0013164565,305.58840647386387
2006-02-23,4.299544719791367,0.004299544719791367,1117881.6271457553,1117471.216047922,410.4110978334211
2006-02-24,3.343650026277304,0.003343650026277304,869349.006832099,869029.8402301706,319.16660192841664
2006-02-25,7.350843402588549,0.0073508434025885494,1911219.2846730228,1910517.61323861,701.6714344127104
2006-02-26,3.6040653506838636,0.0036040653506838635,937056.9911778045,936712.9667487926,344.02442901197355
2006-02-27,6.366780832570052,0.006366780832570053,1655363.0164682136,1654755.2782816256,607.7381865880452
2006-02-28,6.65622568682085,0.00665622568682085,1730618.678573421,1729983.3115590995,635.3670143214986
2006-03-01,6.724905920205302,0.0067249059202053015,1748475.5392533783,1747833.6163984227,641.922854955541
2006-03-02,7.246153120268298,0.007246153120268298,1883999.8112697573,1883308.1329989235,691.6782708337996
2006-03-03,4.744038014128933,0.004744038014128933,1233449.8836735226,1232997.043669189,452.84000433352776
2006-03-04,4.776253256808481,0.004776253256808481,1241825.846770205,1241369.931674443,455.91509576211683
2006-03-05,6.225125185376013,0.006225125185376013,1618532.5481977633,1617938.3316869498,594.2165108134504
2006-03-06,7.455960024610367,0.007455960024610367,1938549.6063986954,1937837.9011046402,711.7052940551657
2006-03-07,6.583314863950862,0.006583314863950861,1711661.864627224,1711033.4572825439,628.4073446800467
2006-03-08,5.3433178630100615,0.005343317863010061,1389262.6443826158,1388752.600391182,510.0439914339222
2006-03-09,8.700166681521335,0.008700166681521335,2262043.337195547,2261212.8667174377,830.4704781090841
2006-03-10,7.991303142845949,0.007991303142845949,2077738.8171399466,2076976.0109105154,762.8062294311821
2006-03-11,8.212870704570918,0.008212870704570918,2135346.3831884386,2134562.4273275514,783.9558608871885
2006-03-12,7.154699361674377,0.007154699361674377,1860221.834035338,1859538.8854416935,682.9485936444253
2006-03-13,7.956690269308651,0.00795669026930865,2068739.4700202493,2067979.9677470166,759.5022732326761
2006-03-14,6.7065160478683135,0.0067065160478683135,1743694.1724457615,1743054.0049877577,640.1674580038525
2006-03-15,7.6401031118449945,0.007640103111844995,1986426.8090796985,1985697.5264904841,729.2825892143883
2006-03-16,5.845875846764385,0.0058458758467643855,1519927.7201587402,1519369.7047221232,558.015436616959
2006-03-17,5.373571633430346,0.005373571633430345,1397128.6246918899,1396615.6928404751,512.9318514147308
2006-03-18,4.385510613271575,0.004385510613271575,1140232.7594506093,1139814.1425172703,418.6169333390426
2006-03-19,4.796131713722374,0.004796131713722373,1246994.245567817,1246536.4329829353,457.8125848816708
2006-03-20,8.979269247759941,0.00897926924775994,2334610.0044175847,2333752.8923301697,857.1120874150656
2006-03-21,7.270010410780768,0.007270010410780767,1890202.7068029996,1889508.7512452833,693.9555577163119
2006-03-22,7.1993271084542005,0.007199327108454201,1871825.0481980923,1871137.8396830508,687.2085150415078
2006-03-23,7.33509554877951,0.0073350955487795095,1907124.8426826724,1906424.674452527,700.1682301454712
2006-03-24,6.462209153141992,0.006462209153141992,1680174.379816918,1679557.5325631234,616.847253794549
2006-03-25,7.978378997608505,0.007978378997608506,2074378.5393782116,2073616.9668172223,761.5725609892979
2006-03-26,8.566946969958465,0.008566946969958465,2227406.212189201,2226588.4581384435,817.7540507572703
2006-03-27,4.133306589872005,0.004133306589872004,1074659.713366721,1074265.1704544395,394.542912281584
2006-03-28,5.831436477261637,0.005831436477261637,1516173.4840880255,1515616.846954898,556.6371331275441
2006-03-29,7.823307478590328,0.007823307478590329,2034059.9444334854,2033313.1741542516,746.7702792338096
2006-03-30,6.701280666320302,0.0067012806663203014,1742332.9732432785,1741693.3055262538,639.667717024684
2006-03-31,4.799155147815907,0.0047991551478159065,1247780.3384321358,1247322.2372467192,458.10118541656993
2006-04-01,6.5227101703167545,0.006522710170316755,1695904.6442823561,1695282.0219313137,622.6223510424607
2006-04-02,8.008330409668964,0.008008330409668965,2082165.9065139308,2081401.4749544412,764.4315594895743
2006-04-03,7.878404238412301,0.0078784042384123,2048385.1019871982,2047633.0724716594,752.0295155388303
2006-04-04,8.267179498790572,0.008267179498790573,2149466.669685549,2148677.5298032574,789.1398822916672
2006-04-05,7.363543105508432,0.007363543105508432,1914521.2074321923,1913818.3237533777,702.8836788146291
2006-04-06,8.553534495890522,0.008553534495890523,2223918.9689315357,2223102.4951624284,816.4737691073678
2006-04-07,10.105263140033712,0.010105263140033712,2627368.416408765,2626403.8230833123,964.5933254528791
2006-04-08,8.632357867354845,0.008632357867354844,2244413.0455122595,2243589.047693857,823.9978184024803
2006-04-09,8.858963469912647,0.008858963469912646,2303330.502177288,2302484.873823519,845.6283537689596
2006-04-10,8.279087754048783,0.008279087754048783,2152562.8160526836,2151772.5394732687,790.27657941496
2006-04-11,6.41598953734902,0.00641598953734902,1668157.2797107452,1667544.844329485,612.4353812602349
2006-04-12,8.648671721616477,0.008648671721616477,2248654.647620284,2247829.092570297,825.5550499870442
2006-04-13,7.567597723254513,0.007567597723254513,1967575.4080461734,1966853.0464260543,722.3616201190744
2006-04-14,9.607435354226775,0.009607435354226774,2497933.192098961,2497016.1186997844,917.0733991768211
2006-04-15,8.088442923191966,0.008088442923191967,2102995.1600299114,2102223.0813666545,772.0786632569507
2006-04-16,9.397858324103995,0.009397858324103994,2443443.1642670385,2442546.0959485434,897.0683184950612
2006-04-17,8.674393946300379,0.008674393946300379,2255342.4260380985,2254514.4156847806,828.0103533179499
2006-04-18,8.803623322508972,0.008803623322508973,2288942.063852333,2288101.7179673207,840.3458850122988
2006-04-19,5.871944221812649,0.0058719442218126494,1526705.497671289,1526144.9938897146,560.5037815743126
2006-04-20,5.462931052752552,0.005462931052752552,1420362.0737156635,1419840.612101268,521.4616143954918
2006-04-21,8.87060250894745,0.00887060250894745,2306356.652326337,2305509.912973358,846.7393529792316
2006-04-22,7.043969882676521,0.007043969882676521,1831432.1694958955,1830759.790534619,672.3789612764958
2006-04-23,8.960255582683418,0.008960255582683417,2329666.4514976884,2328811.154351079,855.2971466095187
2006-04-24,6.212589625476156,0.006212589625476155,1615273.3026238005,1614680.2826891912,593.0199346092995
2006-04-25,6.495914557413362,0.006495914557413361,1688937.7849274739,1688317.7203395495,620.0645879243966
2006-04-26,6.73709041662074,0.00673709041662074,1751643.5083213923,1751000.4224008387,643.0859205536544
2006-04-27,5.0233200336348425,0.005023320033634843,1306063.208745059,1305583.7100017893,479.49874326982535
2006-04-28,7.155927226740689,0.007155927226740689,1860541.078952579,1859858.0131536298,683.0657989492174
2006-04-29,10.078748933231479,0.010078748933231478,2620474.722640184,2619512.660216357,962.0624238271266
2006-04-30,9.928051677668346,0.009928051677668347,2581293.4361937703,2580345.758508358,947.6776854121126
2006-05-01,10.129890179679084,0.010129890179679083,2633771.4467165614,2632804.502628171,966.9440883905627
2006-05-02,9.828946822601115,0.009828946822601114,2555526.1738762897,2554587.9562000223,938.2176762674935
2006-05-03,8.638887862418052,0.008638887862418052,2246110.8442286933,2245286.2230925635,824.6211361298338
2006-05-04,8.163968475875864,0.008163968475875864,2122631.8037277246,2121852.515806974,779.2879207506776
2006-05-05,6.692201514939793,0.006692201514939793,1739972.3938843461,1739333.5928136127,638.8010707334615
2006-05-06,8.294805702153166,0.008294805702153166,2156649.482559823,2155857.705630776,791.7769290469587
2006-05-07,6.314220006446566,0.006314220006446566,1641697.2016761072,1641094.4806594194,602.7210166878067
2006-05-08,8.195641671864907,0.008195641671864907,2130866.834684876,2130084.523413518,782.3112713578157
2006-05-09,9.264598202440169,0.00926459820244017,2408795.532634444,2407911.1846006284,884.3480338156223
2006-05-10,10.681703971549783,0.010681703971549784,2777243.032602944,2776223.41537847,1019.6172244739719
2006-05-11,9.45535057742539,0.00945535057742539,2458391.1501306016,2457488.5939150522,902.5562155493535
2006-05-12,9.911635124016563,0.009911635124016563,2577025.132244306,2576079.0215936024,946.1106507037766
2006-05-13,9.812409218119615,0.009812409218119615,2551226.3967111,2550289.7576243933,936.6390867065638
2006-05-14,9.659356552056861,0.009659356552056861,2511432.703534784,2510510.6740211365,922.0295136473142
2006-05-15,8.167932012719417,0.008167932012719417,2123662.3233070485,2122882.65704868,779.6662583686411
2006-05-16,8.448104563024158,0.008448104563024158,2196507.186386281,2195700.776383761,806.4100025203079
2006-05-17,9.243091171988045,0.009243091171988045,2403203.704716892,2402321.4096269473,882.2950899447314
2006-05-18,9.979941840902478,0.009979941840902479,2594784.8786346447,2593832.2477971553,952.6308374893852
2006-05-19,10.443545695104511,0.01044354569510451,2715321.880727173,2714324.9967933293,996.8839338435791
2006-05-20,10.584918169395133,0.010584918169395132,2752078.724042734,2751068.3454632577,1010.3785794763826
2006-05-21,10.369485704564429,0.010369485704564429,2696066.2831867514,2695076.46861583,989.8145709214732
2006-05-22,10.00066736253253,0.01000066736253253,2600173.514258458,2599218.905075669,954.6091827889904
2006-05-23,10.670934147089367,0.010670934147089367,2774442.8782432354,2773424.2890474875,1018.5891957478598
2006-05-24,10.434190608730038,0.010434190608730038,2712889.55826981,2711893.5673215077,995.9909483022057
2006-05-25,10.227302553617324,0.010227302553617324,2659098.663940504,2658122.4213979896,976.2425425145775
2006-05-26,9.006181377083626,0.009006181377083627,2341607.158041743,2340747.477069188,859.6809725551866
2006-05-27,8.207871284598584,0.008207871284598585,2134046.533995632,2133263.055352119,783.4786435132846
2006-05-28,10.419691194244315,0.010419691194244315,2709119.710503522,2708125.1035902756,994.6069132462144
2006-05-29,9.801870489897267,0.009801870489897268,2548486.3273732895,2547550.6942561218,935.6331171677448
2006-05-30,10.099834334276071,0.01009983433427607,2625956.9269117783,2624992.851790525,964.0751212532632
2006-05-31,9.128464657302851,0.009128464657302852,2373400.8108987417,2372529.457430945,871.3534677969292
2006-06-01,8.393231519897446,0.008393231519897446,2182240.1951733357,2181439.0230523446,801.172120991163
2006-06-02,9.501339749151054,0.009501339749151055,2470348.334779274,2469441.3886881247,906.946091149468
2006-06-03,9.577082999169225,0.009577082999169224,2490041.579783998,2489127.4036551537,914.1761288442649
2006-06-04,10.593620120748163,0.010593620120748163,2754341.2313945224,2753330.0221742126,1011.2092203097418
2006-06-05,10.725262746550944,0.010725262746550944,2788568.3141032453,2787544.538995592,1023.7751076533459
2006-06-06,10.785912834050878,0.010785912834050879,2804337.3368532285,2803307.772418887,1029.5644343416207
2006-06-07,10.262878820663817,0.010262878820663816,2668348.493372592,2667368.854913587,979.6384590049274
2006-06-08,10.345026793956931,0.010345026793956932,2689706.9664288023,2688719.4865721376,987.4798566647805
2006-06-09,10.62559717206825,0.01062559717206825,2762655.2647377453,2761641.0031624557,1014.2615752895363
2006-06-10,10.664308597910189,0.01066430859791019,2772720.235456649,2771702.2786997035,1017.9567569456995
2006-06-11,10.924225280024697,0.010924225280024697,2840298.572806421,2839255.8058200665,1042.7669863547198
2006-06-12,10.629673446665306,0.010629673446665306,2763715.0961329797,2762700.445458741,1014.650674238801
2006-06-13,10.109660105900954,0.010109660105900954,2628511.627534248,2627546.6144984057,965.0130358422175
2006-06-14,10.499236011896873,0.010499236011896873,2729801.363093187,2728799.1632653265,1002.1998278605752
2006-06-15,11.609922182268914,0.011609922182268913,3018579.7673899173,3017471.5475156936,1108.2198742236942
2006-06-16,11.045515595313217,0.011045515595313218,2871834.0547814365,2870779.710082859,1054.3446985776536
2006-06-17,10.08352680018702,0.01008352680018702,2621716.968048625,2620754.4495556676,962.5184929575771
2006-06-18,8.98113231207908,0.008981132312079079,2335094.4011405604,2334237.1112151826,857.289925377816
2006-06-19,10.55606697610954,0.01055606697610954,2744577.41378848,2743569.7891866183,1007.6246018619277
2006-06-20,10.28238795800351,0.010282387958003509,2673420.8690809123,2672439.3683860204,981.5006948919035
2006-06-21,9.622620897712245,0.009622620897712245,2501881.4334051837,2500962.9104768173,918.5229283664376
2006-06-22,9.05888586600397,0.00905888586600397,2355310.3251610324,2354445.6133053093,864.7118557230569
2006-06-23,7.769941252919744,0.007769941252919744,2020184.7257591335,2019443.0495288495,741.6762302839197
2006-06-24,7.110562293938826,0.007110562293938826,1848746.196424095,1848067.4609143012,678.7355097937398
2006-06-25,8.378192630951222,0.008378192630951221,2178330.0840473175,2177530.347456673,799.7365906443447
2006-06-26,9.560519554476581,0.009560519554476581,2485735.084163911,2484822.489091194,912.5950727174059
2006-06-27,7.562914055554441,0.007562914055554441,1966357.6544441546,1965635.7399014188,721.9145427357871
2006-06-28,4.636354023304594,0.004636354023304594,1205452.0460591945,1205009.484981532,442.5610776625108
2006-06-29,9.074873789429438,0.009074873789429437,2359467.1852516537,2358600.947275927,866.2379757268354
2006-06-30,6.826166670435479,0.0068261666704354795,1774803.3343132248,1774151.7456591257,651.5886540990323
2006-07-01,9.538294708365042,0.009538294708365041,2479956.6241749106,2479046.150564833,910.473610077519
2006-07-02,8.890140618321272,0.008890140618321272,2311436.560763531,2310587.9564091526,848.6043543783017
2006-07-03,7.781899490580099,0.007781899490580099,2023293.8675508257,2022551.049852371,742.8176984547172
2006-07-04,8.894844016475954,0.008894844016475953,2312659.444283748,2311810.390968625,849.0533151230775
2006-07-05,7.994690452045983,0.007994690452045983,2078619.5175319556,2077856.3879684557,763.1295634999406
2006-07-06,8.4450862036737,0.0084450862036737,2195722.412955162,2194916.2910687695,806.1218863925897
2006-07-07,9.353275505953732,0.009353275505953731,2431851.63154797,2430958.81886223,892.8126857401803
2006-07-08,8.398642201888686,0.008398642201888686,2183646.9724910585,2182845.2838958637,801.6885951948352
2006-07-09,10.300084959238005,0.010300084959238004,2678022.089401881,2677038.899447736,983.1899541453458
2006-07-10,9.826026207286663,0.009826026207286663,2554766.8138945326,2553828.87500428,937.938890252728
2006-07-11,10.695300935551368,0.010695300935551367,2780778.2432433553,2779757.328126828,1020.9151165271178
2006-07-12,11.09138772923438,0.01109138772923438,2883760.809600939,2882702.0861985525,1058.7234023865312
2006-07-13,10.831722452063005,0.010831722452063005,2816247.8375363816,2815213.9003656586,1033.9371707229875
2006-07-14,10.12539167120172,0.01012539167120172,2632601.834512447,2631635.3198271496,966.5146852973849
2006-07-15,8.929354484337413,0.008929354484337413,2321632.1659277272,2320779.8184314934,852.3474962338805
2006-07-16,9.15489179665937,0.00915489179665937,2380271.8671314362,2379397.9910729975,873.8760584387928
2006-07-17,10.278407489073189,0.010278407489073188,2672385.947159029,2671404.826418,981.12074102927
2006-07-18,10.410959816503881,0.010410959816503881,2706849.552291009,2705855.7788274786,993.773463530466
2006-07-19,10.183332334767767,0.010183332334767767,2647666.4070396195,2646694.3616544707,972.0453851488419
2006-07-20,9.108533816591102,0.009108533816591102,2368218.7923136866,2367349.3413352813,869.450978405308
2006-07-21,9.818857219442632,0.009818857219442633,2552902.8770550843,2551965.622477326,937.2545777582563
2006-07-22,8.230248109538564,0.008230248109538565,2139864.508480027,2139078.893866803,785.6146132238209
2006-07-23,8.203057693351667,0.008203057693351667,2132795.0002714335,2132011.9811070967,783.0191643368453
2006-07-24,9.905621609011018,0.009905621609011017,2575461.6183428643,2574516.081709517,945.5366333471611
2006-07-25,9.330316877106625,0.009330316877106625,2425882.3880477226,2424991.7668675217,890.6211802009493
2006-07-26,9.245778368573582,0.009245778368573583,2403902.3758291313,2403019.824234051,882.5515950801782
2006-07-27,10.933969792469897,0.010933969792469897,2842832.1460421733,2841788.4488977874,1043.697144385893
2006-07-28,8.43106447011732,0.00843106447011732,2192076.7622305034,2191271.9787823497,804.7834481536411
2006-07-29,9.707970410427823,0.009707970410427823,2524072.306711234,2523145.6367837097,926.6699275244027
2006-07-30,11.051965747928774,0.011051965747928775,2873511.0944614816,2872456.1340665016,1054.9603949799202
2006-07-31,10.665611808632777,0.010665611808632777,2773059.0702445223,2772040.989090186,1018.0811543362215
2006-08-01,10.638976262852884,0.010638976262852883,2766133.8283417495,2765118.2896713964,1015.5386703531258
2006-08-02,8.515053254633182,0.008515053254633182,2213913.8462046273,2213101.0456450107,812.8005596166477
2006-08-03,5.681823399223539,0.0056818233992235396,1477274.0837981203,1476731.7279137317,542.3558843885548
2006-08-04,7.060635667953392,0.007060635667953391,1835765.2736678817,1835091.3038816047,673.9697862770408
2006-08-05,8.419009709726165,0.008419009709726165,2188942.524528803,2188138.8917623535,803.6327664493583
2006-08-06,9.197535785863879,0.009197535785863879,2391359.3043246083,2390481.357703455,877.9466211535037
2006-08-07,8.119079040562163,0.008119079040562163,2110960.5505461623,2110185.547526169,775.0030199931934
2006-08-08,9.662719951153832,0.009662719951153833,2512307.1872999966,2511384.8367346087,922.3505653878674
2006-08-09,9.819055879518485,0.009819055879518486,2552954.5286748065,2552017.2551340405,937.2735407659784
2006-08-10,10.069989023178321,0.010069989023178322,2618197.1460263636,2617235.9197757915,961.2262505721301
2006-08-11,10.16992297051418,0.01016992297051418,2644179.972333687,2643209.206933342,970.7654003449716
2006-08-12,10.071239935375212,0.010071239935375212,2618522.3831975553,2617561.0375417247,961.345655830577
2006-08-13,9.178972799270376,0.009178972799270376,2386532.927810298,2385656.7531106393,876.174699658528
2006-08-14,7.661702895000137,0.007661702895000137,1992042.7527000355,1991311.408313283,731.344386752462
2006-08-15,8.166033505780302,0.008166033505780301,2123168.7115028785,2122389.2264656313,779.4850372471847
2006-08-16,8.413292469138307,0.008413292469138307,2187456.04197596,2186652.954946127,803.0870298333466
2006-08-17,9.422437889941856,0.009422437889941855,2449833.8513848823,2448934.43683504,899.4145498424768
2006-08-18,9.573268754712656,0.009573268754712656,2489049.876225291,2488136.0641834275,913.8120418633334
2006-08-19,8.836869294271384,0.008836869294271384,2297586.0165105597,2296742.49714634,843.5193642196245
2006-08-20,7.774248877385551,0.007774248877385551,2021304.7081202432,2020562.620707613,742.0874126302078
2006-08-21,8.790286710972538,0.008790286710972537,2285474.54485286,2284635.4720080737,839.0728447861038
2006-08-22,8.779888988080623,0.008779888988080624,2282771.1369009623,2281933.056566115,838.0803348473273
2006-08-23,8.845942177459005,0.008845942177459005,2299944.9661393412,2299100.5807271576,844.3854121835902
2006-08-24,9.36387456003049,0.00936387456003049,2434607.3856079276,2433713.5611942713,893.8244136562571
2006-08-25,9.439519814496741,0.009439519814496741,2454275.151769153,2453374.1066719233,901.0450972295366
2006-08-26,9.108279726887767,0.009108279726887767,2368152.7289908193,2367283.302266432,869.4267243873328
2006-08-27,9.2127618732543,0.0092127618732543,2395318.087046118,2394438.687025675,879.400020442903
2006-08-28,6.928457641420705,0.006928457641420705,1801398.9867693833,1800737.6339768844,661.3527924988884
2006-08-29,6.173187368984252,0.006173187368984251,1605028.7159359052,1604439.4571258796,589.2588100256398
2006-08-30,7.087287075955198,0.007087287075955197,1842694.6397483512,1842018.1259639696,676.513784381561
2006-08-31,8.719689515734725,0.008719689515734725,2267119.2740910286,2266286.9400696037,832.3340214248747
2006-09-01,8.449730117311628,0.008449730117311628,2196929.830501023,2196123.2653319533,806.565169069916
2006-09-02,8.603217202630253,0.008603217202630253,2236836.4726838656,2236015.256474443,821.216209422797
2006-09-03,7.939850455927684,0.007939850455927685,2064361.118541198,2063603.22370474,757.8948364581447
2006-09-04,7.809702919948367,0.007809702919948367,2030522.7591865754,2029777.2875243376,745.4716622377746
2006-09-05,4.290290057805851,0.004290290057805852,1115475.4150295213,1115065.8873312646,409.5276982567739
2006-09-06,8.305677476199513,0.008305677476199513,2159476.143811873,2158683.329122549,792.8146893242374
2006-09-07,7.893700511224472,0.00789370051122447,2052362.1329183625,2051608.6433040162,753.4896143462975
2006-09-08,3.505535283025933,0.003505535283025933,911439.1735867426,911104.5543008033,334.6192859392613
2006-09-09,7.145136740861896,0.007145136740861896,1857735.552624093,1857053.5168260958,682.035797997145
2006-09-10,6.623113164618134,0.006623113164618134,1722009.4228007148,1721377.2165272334,632.2062734814826
2006-09-11,7.695457858356553,0.0076954578583565535,2000819.0431727038,2000084.4767211815,734.5664515222888
2006-09-12,7.458277959063635,0.007458277959063635,1939152.269356545,1938440.3428051043,711.9265514407307
2006-09-13,6.557136954553727,0.006557136954553727,1704855.608183969,1704229.6996397981,625.908544170903
2006-09-14,8.54644656582791,0.00854644656582791,2222076.1071152566,2221260.3099213094,815.7971939472482
2006-09-15,7.6871039132026215,0.007687103913202622,1998647.0174326818,1997913.248403218,733.7690294636413
2006-09-16,5.792104876092741,0.005792104876092741,1505947.2677841126,1505394.3850311968,552.8827529158443
2006-09-17,3.7927068833442314,0.0037927068833442314,986103.7896695002,985741.7585482541,362.03112124605104
2006-09-18,6.504516007329481,0.006504516007329481,1691174.161905665,1690553.2762702266,620.8856354383752
2006-09-19,7.323652194700224,0.007323652194700224,1904149.5706220581,1903450.4947121039,699.0759099542629
2006-09-20,8.842211415938507,0.008842211415938507,2298974.9681440117,2298130.938849983,844.0292940288782
2006-09-21,8.18167492704762,0.00818167492704762,2127235.4810323813,2126454.5029503372,780.9780820440501
2006-09-22,8.060386808164612,0.008060386808164613,2095700.5701227994,2094931.169543321,769.4005794783588
2006-09-23,8.370880357494784,0.008370880357494784,2176428.892948644,2175629.854347757,799.0386008867063
2006-09-24,5.319376843695116,0.005319376843695115,1383037.97936073,1382530.2206484734,507.7587122565601
2006-09-25,7.182075564712419,0.00718207556471242,1867339.646825229,1866654.0850484977,685.5617767313961
2006-09-26,8.098581118556211,0.00809858111855621,2105631.0908246147,2104858.0444245017,773.0464001130313
2006-09-27,8.162035346699305,0.008162035346699304,2122129.190141819,2121350.08674704,779.103394778911
2006-09-28,7.639669233752594,0.007639669233752594,1986314.0007756744,1985584.759602097,729.2411735772621
2006-09-29,7.544894353364672,0.007544894353364672,1961672.5318748145,1960952.3373946066,720.1944802079815
2006-09-30,7.29597128422638,0.00729597128422638,1896952.5338988588,1896256.1002577022,696.4336411566474
2006-10-01,7.492630027591618,0.007492630027591618,1948083.8071738207,1947368.6015612057,715.2056126149837
2006-10-02,7.517976110048481,0.007517976110048482,1954673.7886126053,1953956.1636011458,717.6250114594586
2006-10-03,8.074365760603879,0.008074365760603879,2099335.0977570084,2098564.3628229434,770.7349340650253
2006-10-04,7.503983177499841,0.007503983177499842,1951035.626149959,1950319.3368275512,716.2893224076834
2006-10-05,7.420219693471543,0.007420219693471543,1929257.120302601,1928548.8265857,708.293716900982
2006-10-06,7.3768467961380395,0.0073768467961380394,1917980.1669958902,1917276.0134192996,704.1535765905865
2006-10-07,6.846629454178434,0.0068466294541784335,1780123.6580863928,1779470.1161665209,653.5419198719319
2006-10-08,7.080558701104458,0.007080558701104458,1840945.2622871592,1840269.390756758,675.8715304012876
2006-10-09,5.121920090268744,0.005121920090268744,1331699.2234698734,1331210.3129027649,488.9105671085417
2006-10-10,6.3640488914955124,0.006364048891495513,1654652.7117888334,1654045.234378446,607.4774103874806
2006-10-11,6.077579959856848,0.006077579959856848,1580170.7895627804,1579590.6569147785,580.1326480018906
2006-10-12,6.655727060434635,0.006655727060434635,1730489.035713005,1729853.71629484,635.3194181651343
2006-10-13,3.8809587299279866,0.0038809587299279864,1009049.2697812765,1008678.8146199046,370.4551613718504
2006-10-14,3.832481868583752,0.0038324818685837522,996445.2858317756,996079.4580072918,365.8278244838584
2006-10-15,4.0916380280927775,0.004091638028092778,1063825.8873041223,1063435.3218455713,390.56545855104923
2006-10-16,7.295747632811795,0.007295747632811795,1896894.3845310668,1896197.9722384547,696.4122926120181
2006-10-17,7.084688993565086,0.007084688993565086,1842019.1383269222,1841342.872541321,676.2657856012229
2006-10-18,5.881188874319061,0.005881188874319061,1529109.1073229557,1528547.7210972551,561.3862257006112
2006-10-19,6.864225710554872,0.006864225710554872,1784698.6847442666,1784043.4631816957,655.2215625708923
2006-10-20,6.858503306128746,0.006858503306128746,1783210.8595934738,1782556.184260431,654.6753330428619
2006-10-21,6.887319395478309,0.006887319395478309,1790703.0428243603,1790045.6168645334,657.4259598269127
2006-10-22,4.522768570621191,0.004522768570621192,1175919.8283615098,1175488.1095318927,431.7188296171371
2006-10-23,4.925448632890166,0.004925448632890166,1280616.6445514432,1280146.4880784934,470.1564729497768
2006-10-24,3.7280428649558908,0.0037280428649558908,969291.1448885316,968935.2862419327,355.8586465989938
2006-10-25,3.966030695359913,0.0039660306953599135,1031167.9807935775,1030789.4051261978,378.5756673796568
2006-10-26,4.0748293668187365,0.004074829366818736,1059455.6353728715,1059066.6743774847,388.9609953868203
2006-10-27,7.1910268804648965,0.007191026880464897,1869666.9889208733,1868980.5727003426,686.4162205306347
2006-10-28,5.899213146830415,0.005899213146830415,1533795.418175908,1533232.3114514218,563.1067244862206
2006-10-29,6.706543204724123,0.006706543204724123,1743701.2332282718,1743061.0631780224,640.170050249435
2006-10-30,5.114077873855568,0.0051140778738555685,1329660.2472024478,1329172.0852105622,488.1619918856304
2006-10-31,5.850028985536825,0.005850028985536824,1521007.5362395742,1520449.124366973,558.4118726011366
2006-11-01,4.580400301910284,0.004580400301910284,1190904.0784966738,1190466.858456196,437.2200404778123
2006-11-02,2.6415856404647653,0.002641585640464765,686812.266520839,686560.1151575252,252.15136331378017
2006-11-03,4.21062572514367,0.00421062572514367,1094762.688537354,1094360.7651619634,401.92337539070286
2006-11-04,5.0926744268038355,0.0050926744268038355,1324095.3509689972,1323609.2320334755,486.11893552169204
2006-11-05,4.229049140153914,0.004229049140153914,1099552.7764400176,1099149.0944658746,403.68197414302267
2006-11-06,4.948146460296754,0.004948146460296754,1286518.0796771562,1286045.7565933508,472.323083805386
2006-11-07,5.4730513195017405,0.005473051319501741,1422993.3430704526,1422470.9154305689,522.4276398837101
2006-11-08,5.77340640419904,0.00577340640419904,1501085.6650917502,1500534.567193017,551.0978987331036
2006-11-09,5.471233388674754,0.0054712333886747545,1422520.6810554361,1421998.4269453178,522.2541101183742
2006-11-10,6.586488997553487,0.0065864889975534874,1712487.1393639068,1711858.4290337386,628.710330168251
2006-11-11,5.341820439998117,0.0053418204399981175,1388873.3143995106,1388363.4133439136,509.9010555970017
2006-11-12,5.927040565203148,0.005927040565203148,1541030.5469528185,1540464.7839746894,565.7629781290889
2006-11-13,4.132171266479281,0.004132171266479281,1074364.529284613,1073970.0947441126,394.4345405003987
2006-11-14,6.114820140731985,0.006114820140731985,1589853.236590316,1589269.5491976812,583.6873926348053
2006-11-15,6.434842183033763,0.006434842183033763,1673058.9675887784,1672444.7326367456,614.2349520327989
2006-11-16,4.9879809613646975,0.004987980961364697,1296875.0499548214,1296398.9244867216,476.12546809972264
2006-11-17,5.0489968587780965,0.005048996858778096,1312739.183282305,1312257.233569297,481.9497130080126
2006-11-18,4.968312319258125,0.004968312319258125,1291761.2030071125,1291286.955000355,474.2480067575816
2006-11-19,4.482449791312623,0.004482449791312623,1165436.945741282,1165009.0755225196,427.87021876242943
2006-11-20,4.4622120445761,0.0044622120445761,1160175.131589786,1159749.193155991,425.9384337950032
2006-11-21,5.307539725057867,0.005307539725057867,1379960.3285150453,1379453.699709598,506.6288054473698
2006-11-22,4.969063807611099,0.004969063807611099,1291956.5899788856,1291482.270239147,474.3197397387121
2006-11-23,5.158771330519384,0.005158771330519384,1341280.5459350399,1340788.1177494498,492.4281855900772
2006-11-24,5.218875248919562,0.005218875248919562,1356907.564719086,1356409.399341132,498.1653779540211
2006-11-25,4.566888277905403,0.004566888277905403,1187390.9522554048,1186955.021999071,435.9302563339006
2006-11-26,4.025882697726206,0.0040258826977262055,1046729.5014088134,1046345.212595601,384.2888132124208
2006-11-27,4.426783080373114,0.004426783080373114,1150963.6008970095,1150541.0443189784,422.5565780310426
2006-11-28,4.615764063901623,0.004615764063901623,1200098.656614422,1199658.0609420277,440.59567239438184
2006-11-29,3.5220729641887303,0.0035220729641887304,915738.97068907,915402.7728062504,336.19788281957153
2006-11-30,5.42421931036151,0.00542421931036151,1410297.0206939925,1409779.2542914692,517.7664025232662
2006-12-01,4.254406488095099,0.004254406488095099,1106145.6869047256,1105739.5844563963,406.1024483293295
2006-12-02,4.51576322579041,0.00451576322579041,1174098.4387055065,1173667.3885679138,431.0501375927124
2006-12-03,2.660052580837619,0.0026600525808376193,691613.671017781,691359.756901021,253.91411676001735
2006-12-04,3.6233217346202338,0.0036233217346202337,942063.6510012607,941717.7884628241,345.86253843666054
2006-12-05,4.128244746545145,0.004128244746545146,1073343.634101738,1072949.5743654233,394.05973631469533
2006-12-06,3.6832655194442103,0.0036832655194442105,957649.0350554948,957297.4506101722,351.5844453225145
2006-12-07,2.9592238003091507,0.0029592238003091505,769398.1880803792,769115.7167100898,282.471370289335
2006-12-08,1.9373244059927295,0.0019373244059927295,503704.3455581097,503519.4191326063,184.92642550339224
2006-12-09,3.119391745047945,0.003119391745047945,811041.8537124656,810744.0935834072,297.76012905838434
2006-12-10,2.3698862678627455,0.0023698862678627453,616170.4296443138,615944.2132218035,226.21642251021694
2006-12-11,2.9993476567460062,0.0029993476567460064,779830.3907539616,779544.0893790921,286.30137486953754
2006-12-12,4.850514683479225,0.004850514683479225,1261133.8177045984,1260670.8140179196,463.00368667882867
2006-12-13,4.350444393045662,0.004350444393045662,1131115.5421918721,1130700.272488735,415.2697031372227
2006-12-14,4.671389017101084,0.004671389017101083,1214561.1444462817,1214115.2391191223,445.90532715944573
2006-12-15,2.8649710764032204,0.0028649710764032206,744892.4798648374,744619.0053457062,273.4745191311231
2006-12-16,3.6695121111780438,0.003669512111178044,954073.1489062915,953722.8772863385,350.2716199529823
2006-12-17,3.651203733430766,0.003651203733430766,949312.9706919992,948964.4466899687,348.52400203049183
2006-12-18,4.064425289054048,0.004064425289054048,1056750.5751540526,1056362.6072752061,387.96787884645164
2006-12-19,3.1140592265027855,0.0031140592265027855,809655.3988907242,809358.1477748131,297.25111591105815
2006-12-20,5.123574136403815,0.005123574136403815,1332129.2754649918,1331640.207011657,489.06845333473757
2006-12-21,4.51888225215967,0.00451888225215967,1174909.3855615142,1174478.0376986691,431.3478628450539
2006-12-22,4.3945409446381545,0.004394540944638155,1142580.6456059203,1142161.1666863824,419.4789195379708
2006-12-23,2.367150084970585,0.002367150084970585,615459.022092352,615233.066850943,225.95524140901398
2006-12-24,4.066751976226536,0.004066751976226536,1057355.5138188994,1056967.3238471807,388.1899717187043
2006-12-25,5.287843140940425,0.0052878431409404255,1374839.2166445106,1374334.4679675973,504.74867691332474
2006-12-26,4.248517025077765,0.004248517025077766,1104614.426520219,1104208.88624792,405.54027229896747
2006-12-27,4.669061617023401,0.0046690616170234015,1213956.0204260843,1213510.3372598472,445.68316623708233
2006-12-28,3.2804213014153123,0.0032804213014153124,852909.5383679812,852596.4072354051,313.13113257614896
2006-12-29,2.221493568353712,0.002221493568353712,577588.3277719651,577376.276107513,212.0516644520685
2006-12-30,4.084836443022494,0.004084836443022494,1062057.4751858485,1061667.5589695259,389.9162163226865
2006-12-31,4.548170350508715,0.004548170350508716,1182524.2911322662,1182090.1475872314,434.1435450348072
2007-01-01,3.975459710069591,0.0039754597100695906,1033619.5246180935,1033240.0489083766,379.47570971690584
2007-01-02,3.656103500139098,0.003656103500139098,950586.9100361655,950237.9183291185,348.9917070469819
2007-01-03,1.7112536129971194,0.0017112536129971195,444925.93937925104,444762.59243910905,163.34694014198612
2007-01-04,3.6559802407875246,0.0036559802407875245,950554.8626047564,950205.8826633751,348.97994138125796
2007-01-05,4.811363001709951,0.0048113630017099515,1250954.3804445874,1250495.1139639954,459.26648059207946
2007-01-06,2.9943587109300704,0.0029943587109300704,778533.2648418183,778247.4396845166,285.82515730161685
2007-01-07,5.074764239063698,0.0050747642390636975,1319438.7021565614,1318954.2928299152,484.40932664624415
2007-01-08,4.18757752854713,0.004187577528547129,1088770.1574222536,1088370.4341020512,399.7233202024363
2007-01-09,3.951956863454323,0.003951956863454323,1027508.784498124,1027131.5522420076,377.23225611646194
2007-01-10,4.984825394511311,0.004984825394511311,1296054.6025729408,1295578.778318049,475.82425489183515
2007-01-11,3.3943599439433583,0.0033943599439433584,882533.5854252732,882209.5783310748,324.0070941983722
2007-01-12,2.631343810479878,0.002631343810479878,684149.3907247683,683898.2169907064,251.17373406188563
2007-01-13,3.0552021026584484,0.0030552021026584485,794352.5466911966,794060.9137554388,291.6329357578652
2007-01-14,2.335340195265284,0.002335340195265284,607188.4507689738,606965.5319262085,222.9188427652698
2007-01-15,3.1128626922625586,0.0031128626922625586,809344.2999882653,809047.1630869893,297.1369012759533
2007-01-16,1.8942574324213433,0.0018942574324213432,492506.9324295492,492326.11694254185,180.81548700737767
2007-01-17,1.9737061876754418,0.001973706187675442,513163.6087956149,512975.2095635856,188.39923202933278
2007-01-18,2.081307282315557,0.002081307282315557,541139.8934020448,540941.2231561623,198.67024588247295
2007-01-19,1.7980284656239922,0.0017980284656239922,467487.401062238,467315.7710677607,171.6299944772618
2007-01-20,2.29160087050456,0.00229160087050456,595816.2263311855,595597.4826058951,218.74372529040556
2007-01-21,4.059096900070034,0.004059096900070034,1055365.194018209,1054977.7347583245,387.45925988443196
2007-01-22,2.4022092002465123,0.0024022092002465123,624574.3920640931,624345.0902706822,229.30179341090843
2007-01-23,2.208105685342257,0.002208105685342257,574107.4781889868,573896.7044588563,210.77373013051692
2007-01-24,1.9274656755944424,0.0019274656755944423,501141.075654555,500957.09028970567,183.98536484932993
2007-01-25,4.488046881339566,0.004488046881339566,1166892.1891482873,1166463.7846618262,428.4044864610769
2007-01-26,4.297012841957587,0.004297012841957587,1117223.3389089727,1116813.1694903935,410.1694185792003
2007-01-27,5.646845826214676,0.005646845826214676,1468179.9148158156,1467640.8976998487,539.0171159668826
2007-01-28,4.353800786117273,0.004353800786117273,1131988.2043904911,1131572.6143043702,415.5900861208793
2007-01-29,3.3258255510806647,0.0033258255510806647,864714.6432809728,864397.1781062676,317.4651747052558
2007-01-30,4.178563822608563,0.0041785638226085635,1086426.5938782266,1086027.7309572503,398.8629209762439
2007-01-31,3.2332951411021864,0.0032332951411021865,840656.7366865685,840348.103960324,308.632726244512
2007-02-01,4.904275691795088,0.004904275691795088,1275111.6798667228,1274643.5444472951,468.13541942765005
2007-02-02,4.796726000532564,0.004796726000532564,1247148.7601384665,1246690.890826206,457.86931226053275
2007-02-03,4.73870163324174,0.00473870163324174,1232062.4246428525,1231610.0940203445,452.33062250795774
2007-02-04,4.246569400349368,0.004246569400349368,1104108.0440908356,1103702.6897281746,405.35436266101897
2007-02-05,5.373659463644928,0.005373659463644927,1397151.4605476812,1396638.5203124732,512.9402352080215
2007-02-06,5.2790758977638275,0.005279075897763827,1372559.733418595,1372055.8216149164,503.91180367860943
2007-02-07,4.727960110035237,0.004727960110035238,1229269.6286091618,1228818.3233138965,451.3052952652797
2007-02-08,3.1327712173756037,0.0031327712173756035,814520.516517657,814221.479257115,299.0372605419252
2007-02-09,4.301477809503507,0.004301477809503507,1118384.2304709118,1117973.6348508736,410.59562003822066
2007-02-10,2.592693741764647,0.002592693741764647,674100.3728588083,673852.8884495858,247.48440922249574
2007-02-11,3.7378299671999504,0.0037378299671999506,971835.7914719871,971478.9986019672,356.7928700199118
2007-02-12,5.466221998335804,0.005466221998335804,1421217.7195673091,1420695.9438171904,521.7757501187734
2007-02-13,5.503069099488182,0.005503069099488182,1430797.9658669273,1430272.672893423,525.2929735044017
2007-02-14,4.2939665218290735,0.004293966521829074,1116431.2956755592,1116021.417042091,409.87863346817903
2007-02-15,4.4459322482766295,0.00444593224827663,1155942.3845519237,1155518.000098726,424.38445319770835
2007-02-16,5.359755345205491,0.005359755345205491,1393536.3897534276,1393024.7767295605,511.61302386713214
2007-02-17,6.044852345883163,0.006044852345883162,1571661.6099296222,1571084.6012812192,577.0086484029889
2007-02-18,5.711470304245564,0.005711470304245564,1484982.2791038468,1484437.0932875397,545.1858163070865
2007-02-19,6.101357848805495,0.0061013578488054955,1586353.0406894288,1585770.6383337849,582.4023556439206
2007-02-20,2.828071008072138,0.002828071008072138,735298.4620987559,735028.5098589684,269.9522397874389
2007-02-21,6.495009932084815,0.006495009932084815,1688702.582342052,1688082.6041047294,619.9782373225316
2007-02-22,5.993943202661265,0.005993943202661265,1558425.232691929,1557853.0835527813,572.1491391477175
2007-02-23,3.906003178760655,0.0039060031787606546,1015560.8264777702,1015187.9807098551,372.84576791513246
2007-02-24,7.993584325824867,0.007993584325824867,2078331.9247144654,2077568.900735744,763.0239787213504
2007-02-25,6.276287194161329,0.006276287194161329,1631834.6704819454,1631235.5703247087,599.1001572366804
2007-02-26,6.26181949443209,0.00626181949443209,1628073.0685523434,1627475.349402845,597.7191494985018
2007-02-27,6.808659630229798,0.006808659630229798,1770251.5038597474,1769601.586332258,649.9175274893641
2007-02-28,5.3114212282577915,0.005311421228257791,1380969.5193470258,1380462.520034445,506.99931258079596
2007-03-01,7.551060045215387,0.007551060045215387,1963275.6117560007,1962554.8287324638,720.7830235369038
2007-03-02,5.990023684749373,0.005990023684749372,1557406.1580348369,1556834.3830314998,571.7750033370685
2007-03-03,6.620340107583196,0.006620340107583196,1721288.427971631,1720656.4863990555,631.9415725755971
2007-03-04,6.051567408197737,0.006051567408197738,1573407.5261314118,1572829.876499771,577.6496316408738
2007-03-05,6.443176956331897,0.006443176956331897,1675226.008646293,1674610.9781022426,615.0305440505035
2007-03-06,6.9830940161993045,0.0069830940161993045,1815604.4442118192,1814937.8761288614,666.5680829577614
2007-03-07,6.780737585466109,0.006780737585466109,1762991.7722211883,1762344.519979861,647.2522413271945
2007-03-08,6.871874378111387,0.006871874378111387,1786687.3383089607,1786031.3866462854,655.9516626752447
2007-03-09,6.686026101395885,0.006686026101395884,1738366.78636293,1737728.574763505,638.211599424947
2007-03-10,7.98493505618571,0.007984935056185711,2076083.1146082848,2075320.9162416873,762.1983665975276
2007-03-11,4.505940835616045,0.004505940835616045,1171544.6172601718,1171114.5047143933,430.11254577850923
2007-03-12,6.8357439819152255,0.006835743981915225,1777293.4352979586,1776640.9324459212,652.5028520373162
2007-03-13,5.1025074814831,0.0051025074814831,1326651.945185606,1326164.8876402944,487.05754531151615
2007-03-14,7.442444705617897,0.007442444705617897,1935035.6234606532,1934325.2082652636,710.4151953896508
2007-03-15,6.33427199058089,0.006334271990580891,1646910.7175510316,1646306.0824812618,604.6350697698072
2007-03-16,3.6938408864908463,0.0036938408864908463,960398.63048762,960046.0365754161,352.5939122039126
2007-03-17,7.176935265763431,0.007176935265763431,1866003.169098492,1865318.0979866735,685.0711118185427
2007-03-18,5.388848993254235,0.005388848993254235,1401100.738246101,1400586.3481012096,514.3901448913384
2007-03-19,6.357749278691758,0.006357749278691757,1653014.812459857,1652407.936376162,606.8760836948641
2007-03-20,5.923573567026813,0.005923573567026813,1540129.1274269714,1539563.6953895863,565.4320373851806
2007-03-21,6.657593921859687,0.0066575939218596865,1730974.4196835186,1730338.92206494,635.4976185786072
2007-03-22,5.139372374141273,0.005139372374141273,1336236.8172767311,1335746.2408097538,490.57646697736345
2007-03-23,6.043461321465371,0.006043461321465372,1571299.9435809967,1570723.0677122008,576.8758687959053
2007-03-24,5.913442505297096,0.0059134425052970955,1537495.0513772448,1536930.5863957778,564.4649814669974
2007-03-25,3.989640711753885,0.003989640711753885,1037306.58505601,1036925.7557051872,380.829350822838
2007-03-26,5.427977515767858,0.005427977515767858,1411274.154099643,1410756.0289593213,518.1251403216738
2007-03-27,7.762708412089388,0.007762708412089389,2018304.187143241,2017563.2013205094,740.985822731629
2007-03-28,5.866890615746709,0.005866890615746709,1525391.5600941444,1524831.538702253,560.0213918914087
2007-03-29,7.220199892537134,0.007220199892537134,1877251.9720596548,1876562.7711424432,689.2009172115941
2007-03-30,5.228312131121886,0.005228312131121886,1359361.1540916902,1358862.087920411,499.06617127917707
2007-03-31,8.232130295993612,0.008232130295993612,2140353.876958339,2139568.082681858,785.7942764810286
2007-04-01,8.278605833707001,0.008278605833707,2152437.5167638203,2151647.2861858937,790.2305779266171
2007-04-02,6.099463043350308,0.006099463043350308,1585860.3912710801,1585278.1697832346,582.221487845527
2007-04-03,7.514417180971311,0.007514417180971311,1953748.4670525407,1953031.1817570478,717.2852954929695
2007-04-04,5.5815816291608895,0.00558158162916089,1451211.2235818312,1450678.4362302946,532.7873515365645
2007-04-05,6.991476729345906,0.006991476729345906,1817783.9496299354,1817116.5813788832,667.3682510522194
2007-04-06,4.684215704533338,0.004684215704533338,1217896.0831786678,1217448.9534858572,447.1296928105876
2007-04-07,2.6910010940622704,0.0026910010940622703,699660.2844561903,699403.4161630891,256.86829310120083
2007-04-08,4.1856597782946166,0.004185659778294617,1088271.5423566003,1087872.0020943815,399.5402622187976
2007-04-09,5.460468461917358,0.005460468461917358,1419721.800098513,1419200.5735496124,521.2265489005949
2007-04-10,8.382699746545114,0.008382699746545114,2179501.9341017297,2178701.7672864036,800.1668153260835
2007-04-11,8.701093389798316,0.008701093389798317,2262284.2813475626,2261453.7224109336,830.5589366289787
2007-04-12,9.580061897330935,0.009580061897330936,2490816.093306043,2489901.6328278217,914.460478221532
2007-04-13,9.06665097738093,0.009066650977380929,2357329.2541190414,2356463.801048122,865.4530709194951
2007-04-14,8.687811381520472,0.008687811381520472,2258830.959195323,2258001.6680867905,829.2911085323431
2007-04-15,8.766689510014954,0.008766689510014955,2279339.2726038885,2278502.452219254,836.8203846346587
2007-04-16,6.38327495789045,0.00638327495789045,1659651.4890515169,1659042.1764256519,609.3126258649863
2007-04-17,9.294364251853574,0.009294364251853574,2416534.7054819292,2415647.5161433215,887.1893386077136
2007-04-18,8.478119154471651,0.008478119154471652,2204310.9801626294,2203501.7051308495,809.2750317798927
2007-04-19,6.463502715294426,0.006463502715294426,1680510.705976551,1679893.735246366,616.9707301850431
2007-04-20,9.620150681296053,0.009620150681296053,2501239.177136974,2500320.890001999,918.2871349747293
2007-04-21,5.744003337234505,0.005744003337234505,1493440.8676809713,1492892.5764387052,548.2912422660738
2007-04-22,7.627555217202299,0.007627555217202299,1983164.3564725977,1982436.2716369948,728.0848356029019
2007-04-23,7.503509018766907,0.0075035090187669075,1950912.344879396,1950196.1008175958,716.2440618001856
2007-04-24,4.555250859013283,0.004555250859013283,1184365.2233434536,1183930.40393168,434.81941177370027
2007-04-25,9.510406387055546,0.009510406387055546,2472705.660634442,2471797.84909147,907.8115429724567
2007-04-26,8.43148721352148,0.00843148721352148,2192186.6755155846,2191381.85171465,804.8238009344786
2007-04-27,5.798860469836118,0.005798860469836118,1507703.7221573908,1507150.1945523275,553.527605063282
2007-04-28,5.091623626976869,0.005091623626976869,1323822.1430139858,1323336.1243820868,486.0186318990309
2007-04-29,6.50594346947435,0.00650594346947435,1691545.302063331,1690924.280170139,621.0218931920826
2007-04-30,5.800115255712203,0.005800115255712203,1508029.9664851727,1507476.3191050908,553.6473800819367
2007-05-01,7.700929054294788,0.007700929054294788,2002241.554116645,2001506.4654145872,735.0887020577211
2007-05-02,4.6808851409251515,0.004680885140925152,1217030.1366405394,1216583.3248651726,446.8117753667757
2007-05-03,7.908135456298852,0.007908135456298851,2056115.2186377014,2055360.3511421976,754.8674955037422
2007-05-04,7.561385447810678,0.007561385447810678,1965960.2164307763,1965238.4478006018,721.7686301744543
2007-05-05,6.293871438317971,0.006293871438317971,1636406.5739626724,1635805.7953093578,600.77865331457
2007-05-06,6.358985230432552,0.006358985230432552,1653336.1599124635,1652729.165851554,606.9940609096084
2007-05-07,3.9512990429362116,0.003951299042936212,1027337.7511634151,1026960.5816992589,377.16946415626444
2007-05-08,8.521466508655067,0.008521466508655066,2215581.292250317,2214767.8795164363,813.412733880803
2007-05-09,6.882306863751999,0.006882306863751998,1789399.7845755196,1788742.837084643,656.9474908765405
2007-05-10,8.890015449582082,0.008890015449582081,2311404.016891341,2310555.4244848886,848.5924064526334
2007-05-11,8.833974556887156,0.008833974556887156,2296833.3847906603,2295990.1417422895,843.2430483708158
2007-05-12,8.040489312455678,0.008040489312455679,2090527.2212384765,2089759.7199654572,767.5012730192393
2007-05-13,8.725601540192809,0.008725601540192808,2268656.40045013,2267823.502099083,832.898351047188
2007-05-14,9.321686708920083,0.009321686708920083,2423638.5443192217,2422748.7469278243,889.7973913974129
2007-05-15,8.563308564820046,0.008563308564820045,2226460.226853212,2225642.8201047727,817.4067484391853
2007-05-16,6.591601095123525,0.006591601095123525,1713816.2847321166,1713187.0864289855,629.1983031311538
2007-05-17,3.7984018243677973,0.0037984018243677974,987584.4743356273,987221.8996063599,362.5747292673914
2007-05-18,4.175843596552203,0.004175843596552203,1085719.3351035728,1085320.7318405453,398.60326302750036
2007-05-19,4.191939161594619,0.004191939161594619,1089904.182014601,1089504.0423566876,400.13965791347437
2007-05-20,4.49370794173888,0.00449370794173888,1168364.0648521087,1167935.119991686,428.94486042275093
2007-05-21,7.731179430077701,0.0077311794300777,2010106.6518202021,2009368.6755821973,737.9762380048633
2007-05-22,8.767861723342607,0.008767861723342606,2279644.0480690775,2278807.1157913497,836.9322777278721
2007-05-23,5.451820872485857,0.005451820872485857,1417473.4268463226,1416953.0257491625,520.4010971600655
2007-05-24,7.108692223124453,0.007108692223124453,1848259.9780123576,1847581.4210093282,678.5570030293893
2007-05-25,8.155693944121087,0.008155693944121087,2120480.425471483,2119701.9273924204,778.4980790624395
2007-05-26,6.529768037401781,0.006529768037401781,1697739.689724463,1697116.3936679082,623.2960565548856
2007-05-27,5.889327322643135,0.005889327322643135,1531225.103887215,1530662.9408096082,562.1630776068196
2007-05-28,7.982729062292168,0.007982729062292167,2075509.5561959634,2074747.568401516,761.9877944474574
2007-05-29,8.431416590949858,0.008431416590949859,2192168.3136469633,2191363.4965872746,804.8170596887358
2007-05-30,9.370624770347472,0.009370624770347473,2436362.440290343,2435467.971538412,894.4687519310974
2007-05-31,8.477253942576121,0.008477253942576122,2204086.025069792,2203276.832626422,809.1924433698878
2007-06-01,9.387427839399798,0.009387427839399798,2440731.2382439477,2439835.1655626553,896.0726812924258
2007-06-02,5.2646116433585375,0.005264611643358537,1368799.0272732198,1368296.4961484075,502.531124812318
2007-06-03,8.81295825089593,0.00881295825089593,2291369.145232942,2290527.90828656,841.2369463820942
2007-06-04,8.456925717072592,0.008456925717072591,2198800.686438874,2197993.434417081,807.2520217928104
2007-06-05,8.293804001355673,0.008293804001355673,2156389.040352475,2155597.359040325,791.6813121498562
2007-06-06,9.849850604385523,0.009849850604385523,2560961.157140236,2560020.9441029266,940.2130373092368
2007-06-07,7.40991943724144,0.00740991943724144,1926579.0536827745,1925871.7431721764,707.3105105981231
2007-06-08,4.5546458635391005,0.004554645863539101,1184207.9245201661,1183773.162857962,434.7616622040514
2007-06-09,7.244347140886843,0.007244347140886843,1883530.2566305792,1882838.750748691,691.5058818883263
2007-06-10,7.007778876324101,0.007007778876324101,1822022.5078442662,1821353.583479143,668.9243651232682
2007-06-11,8.219020471420773,0.008219020471420773,2136945.322569401,2136160.779685299,784.5428841020912
2007-06-12,5.29744365269959,0.0052974436526995895,1377335.3497018933,1376829.6846124695,505.6650894237682
2007-06-13,9.18565555269895,0.00918565555269895,2388270.443701727,2387393.6311028604,876.8125988664106
2007-06-14,9.276224073019963,0.009276224073019963,2411818.25898519,2410932.8012091536,885.4577760365792
2007-06-15,9.61841564308278,0.00961841564308278,2500788.0672015226,2499869.945683836,918.121517686639
2007-06-16,7.748732145746825,0.007748732145746825,2014670.3578941745,2013930.7061696292,739.6517245452851
2007-06-17,7.986364128262927,0.007986364128262927,2076454.6733483612,2075692.3385703345,762.3347780266777
2007-06-18,8.590947531942968,0.008590947531942967,2233646.3583051716,2232826.3132916186,820.0450135529973
2007-06-19,10.05373922552168,0.01005373922552168,2613972.198635637,2613012.5235021547,959.6751334820874
2007-06-20,4.068912451051426,0.004068912451051425,1057917.2372733706,1057528.841074504,388.39619886665605
2007-06-21,7.719339615334383,0.007719339615334383,2007028.2999869396,2006291.4539130996,736.8460738400463
2007-06-22,7.241072342783965,0.007241072342783965,1882678.8091238309,1881987.6158363153,691.1932875155471
2007-06-23,6.311259467248936,0.006311259467248936,1640927.4614847235,1640325.0230649665,602.4384197569452
2007-06-24,7.188820769671587,0.007188820769671586,1869093.4001146124,1868407.1944773905,686.2056372219231
2007-06-25,8.338170489142493,0.008338170489142493,2167924.327177048,2167128.41088186,795.9162951880135
2007-06-26,8.054369384004518,0.008054369384004518,2094136.0398411746,2093367.2136521996,768.8261889750138
2007-06-27,7.838873903560135,0.007838873903560134,2038107.214925635,2037358.9587603416,748.2561652932782
2007-06-28,8.65482242218684,0.008654822422186839,2250253.829768578,2249427.687606248,826.142162329983
2007-06-29,7.296386268127922,0.007296386268127922,1897060.4297132597,1896363.956460002,696.4732532575727
2007-06-30,7.5508355618270375,0.007550835561827038,1963217.2460750297,1962496.4844794532,720.7615955765359
2007-07-01,8.245012404659596,0.008245012404659595,2143703.2252114946,2142916.2012791536,787.0239323410206
2007-07-02,6.227891165712436,0.006227891165712436,1619251.7030852335,1618657.2225490173,594.4805362161715
2007-07-03,7.244016550040863,0.0072440165500408625,1883444.3030106244,1882752.8286851358,691.4743254885543
2007-07-04,7.668992708840311,0.0076689927088403114,1993938.104298481,1993206.0640658436,732.0402326374315
2007-07-05,8.65420268240587,0.00865420268240587,2250092.697425526,2249266.614420177,826.0830053491518
2007-07-06,7.722365854174555,0.007722365854174555,2007815.1220853843,2007077.9871432835,737.134942100849
2007-07-07,8.050407581578028,0.008050407581578028,2093105.9712102872,2092337.523193372,768.4480169152375
2007-07-08,7.251665415592499,0.007251665415592499,1885433.0080540497,1884740.8036095572,692.2044444924686
2007-07-09,9.120161985404508,0.009120161985404508,2371242.116205172,2370371.5552651687,870.5609400034882
2007-07-10,7.666069844633371,0.00766606984463337,1993178.1596046763,1992446.3983727205,731.7612319558393
2007-07-11,8.44611758261713,0.008446117582617131,2195990.571480454,2195184.3511442505,806.2203362034634
2007-07-12,8.996557772077455,0.008996557772077456,2339105.020740139,2338246.2583844494,858.762355689425
2007-07-13,9.619463670988624,0.009619463670988624,2501060.5544570424,2500142.332900326,918.2215567165986
2007-07-14,6.303840915652224,0.006303840915652224,1638998.6380695782,1638396.9077843109,601.7302852673456
2007-07-15,9.153587323994062,0.009153587323994062,2379932.704238456,2379058.952697866,873.7515405900776
2007-07-16,9.464236940336706,0.009464236940336705,2460701.6044875435,2459798.200028239,903.4044593046419
2007-07-17,8.227138108361444,0.008227138108361445,2139055.9081739755,2138270.5904245083,785.3177494672127
2007-07-18,7.573072885294465,0.0075730728852944655,1968998.950176561,1968276.0659273244,722.8842492366675
2007-07-19,5.7345337081630445,0.005734533708163045,1490978.7641223916,1490431.3767992882,547.3873231033795
2007-07-20,7.052254883840774,0.007052254883840774,1833586.2697986013,1832913.0999962837,673.1698023176286
2007-07-21,5.0362457958694895,0.005036245795869489,1309423.906926067,1308943.1743600054,480.7325660616625
2007-07-22,7.026354872583546,0.0070263548725835465,1826852.2668717222,1826181.5693432721,670.6975284500513
2007-07-23,8.715771200473839,0.008715771200473838,2266100.512123198,2265268.5521227852,831.9600004125386
2007-07-24,7.027955071616005,0.0070279550716160055,1827268.3186201614,1826597.468345436,670.8502747253515
2007-07-25,7.740534475405158,0.007740534475405158,2012538.963605341,2011800.0943857129,738.8692196281627
2007-07-26,6.076336500752934,0.006076336500752934,1579847.4901957628,1579267.4762415877,580.0139541751705
2007-07-27,6.251790847953464,0.006251790847953464,1625465.6204679005,1624868.8585983186,596.7618695818819
2007-07-28,5.394589472390332,0.005394589472390332,1402593.2628214862,1402078.3247217536,514.9380997326225
2007-07-29,5.23128000772598,0.00523128000772598,1360132.8020087548,1359633.452540156,499.34946859884076
2007-07-30,3.5943441820198077,0.003594344182019808,934529.48732515,934186.390825899,343.09649925108533
2007-07-31,7.500337878556126,0.007500337878556126,1950087.8484245928,1949371.907062548,715.941362044774
2007-08-01,8.805827130928291,0.008805827130928291,2289515.054041356,2288674.497792807,840.5562485489063
2007-08-02,6.886472240015447,0.006886472240015447,1790482.7824040162,1789825.4373090311,657.3450949850958
2007-08-03,8.388996655184197,0.008388996655184198,2181139.1303478912,2180338.362463997,800.7678838940337
2007-08-04,8.793839751678119,0.008793839751678119,2286398.3354363106,2285558.92343763,839.4119986807927
2007-08-05,8.841223040666536,0.008841223040666537,2298717.9905732996,2297874.0556241856,843.9349491139874
2007-08-06,9.70820804009288,0.00970820804009288,2524134.090424149,2523207.397813792,926.6926103569567
2007-08-07,9.550279637943278,0.009550279637943278,2483072.7058652523,2482161.088239139,911.6176261133514
2007-08-08,9.104682387425342,0.009104682387425341,2367217.4207305885,2366348.3373886133,869.0833419752307
2007-08-09,9.091663892555854,0.009091663892555854,2363832.6120645218,2362964.77139709,867.8406674317084
2007-08-10,9.39721522146294,0.00939721522146294,2443275.9575803643,2442378.950648941,897.0069314232096
2007-08-11,9.138926715838139,0.009138926715838139,2376120.946117916,2375248.593999051,872.3521188651212
2007-08-12,8.6935788864358,0.0086935788864358,2260330.510473308,2259500.668830201,829.8416431071237
2007-08-13,8.085928218890842,0.008085928218890842,2102341.336911619,2101569.4982883246,771.8386232946068
2007-08-14,8.474913249849376,0.008474913249849376,2203477.4449608377,2202668.4759472343,808.9690136034042
2007-08-15,8.12973539232703,0.00812973539232703,2113731.202005028,2112955.1817877935,776.0202172342688
2007-08-16,7.6994054602681565,0.007699405460268156,2001845.4196697206,2001110.476401642,734.9432680786122
2007-08-17,7.5602159842459,0.0075602159842459,1965656.155903934,1964934.4989043756,721.6569995584432
2007-08-18,8.496308745395805,0.008496308745395805,2209040.2738029095,2208229.2624919494,811.0113109601662
2007-08-19,9.58762923859184,0.00958762923859184,2492783.602033878,2491868.419218517,915.1828153613023
2007-08-20,9.765907053358292,0.009765907053358292,2539135.833873156,2538203.633629568,932.2002435880713
2007-08-21,8.716134783529494,0.008716134783529493,2266195.0437176684,2265363.0490115997,831.9947060686536
2007-08-22,8.51562725184326,0.00851562725184326,2214063.0854792474,2213250.2301289863,812.8553502610885
2007-08-23,9.343760994297915,0.009343760994297914,2429377.8585174577,2428485.954035127,891.9044823306613
2007-08-24,9.55283014617919,0.00955283014617919,2483735.8380065896,2482823.9769228655,911.8610837240703
2007-08-25,8.66750802377881,0.00866750802377881,2253552.0861824905,2252724.733121794,827.353060696274
2007-08-26,8.145927564122523,0.008145927564122524,2117941.1666718563,2117163.6008381825,777.5658336738124
2007-08-27,9.04727596345811,0.00904727596345811,2352291.750499109,2351428.1468613856,863.6036377232522
2007-08-28,8.54511744688137,0.00854511744688137,2221730.536189156,2220914.865865657,815.6703234990127
2007-08-29,6.164927642930107,0.006164927642930107,1602881.187161828,1602292.7167802195,588.4703816084657
2007-08-30,6.5878699989569025,0.006587869998956902,1712846.1997287946,1712217.3575757616,628.8421530330088
2007-08-31,7.117289570077295,0.007117289570077295,1850495.2882200966,1849815.9105611998,679.3776588968467
2007-09-01,7.569743602194159,0.007569743602194159,1968133.3365704815,1967410.7701164584,722.5664540231228
2007-09-02,6.9694393225455205,0.006969439322545521,1812054.2238618354,1811388.9591814885,665.2646803469397
2007-09-03,3.5471376563225623,0.0035471376563225624,922255.7906438662,921917.2002221881,338.5904216780327
2007-09-04,6.197866909679355,0.006197866909679355,1611445.3965166323,1610853.7819322047,591.6145844275597
2007-09-05,6.621066288139916,0.0066210662881399165,1721477.2349163783,1720845.224026566,632.0108898123726
2007-09-06,6.745259839894636,0.0067452598398946365,1753767.5583726056,1753123.692643446,643.8657291596755
2007-09-07,7.891390063474309,0.007891390063474309,2051761.4165033204,2051008.1474317198,753.2690716006327
2007-09-08,8.138962571614545,0.008138962571614545,2116130.268619782,2115353.3676263196,776.9009934621863
2007-09-09,8.421894350009161,0.008421894350009161,2189692.531002382,2188888.622883898,803.9081184836105
2007-09-10,7.960034001557279,0.00796003400155728,2069608.8404048928,2068849.0189572095,759.8214476832654
2007-09-11,5.940043831277023,0.005940043831277024,1544411.396132026,1543844.3919330114,567.0041990147438
2007-09-12,6.130266553578606,0.006130266553578606,1593869.3039304377,1593284.1421074464,585.1618229912128
2007-09-13,7.747297456159714,0.007747297456159714,2014297.3386015256,2013557.8238246264,739.5147768992465
2007-09-14,8.173681185929857,0.008173681185929857,2125157.108341763,2124376.8932986637,780.2150430991314
2007-09-15,8.085030381888977,0.008085030381888977,2102107.899291134,2101336.1463704645,771.7529206695035
2007-09-16,7.873263494311168,0.007873263494311169,2047048.5085209038,2046296.9697127694,751.5388081343845
2007-09-17,7.64755483049166,0.00764755483049166,1988364.2559278316,1987634.262038182,729.9938896496315
2007-09-18,7.805531553139146,0.007805531553139147,2029438.203816178,2028693.1303298734,745.0734863046091
2007-09-19,7.319750734519294,0.007319750734519294,1903135.1909750164,1902436.4874771803,698.7034978361335
2007-09-20,7.404583810146765,0.007404583810146765,1925191.7906381588,1924484.9894374332,706.8012007256038
2007-09-21,7.936779432524984,0.007936779432524984,2063562.652456496,2062805.0507631886,757.6016933072824
2007-09-22,8.006503504919312,0.008006503504919313,2081690.9112790213,2080926.654105899,764.2571731223725
2007-09-23,8.075807774115153,0.008075807774115153,2099710.02126994,2098939.148689127,770.8725808127783
2007-09-24,7.973041969380491,0.007973041969380491,2072990.9120389277,2072229.8489215556,761.0631173721049
2007-09-25,7.402857885864831,0.007402857885864832,1924743.0503248563,1924036.413871453,706.6364534033928
2007-09-26,7.672904645725946,0.007672904645725946,1994955.207888746,1994222.794243941,732.4136448048521
2007-09-27,7.394756346997791,0.0073947563469977905,1922636.6502194256,1921930.7870947528,705.8631246727891
2007-09-28,7.817227031892827,0.007817227031892826,2032479.0282921349,2031732.8384191922,746.1898729426321
2007-09-29,7.041170760000295,0.007041170760000295,1830704.3976000766,1830032.2858277902,672.1117722864728
2007-09-30,6.7582280834244814,0.0067582280834244815,1757139.3016903652,1756494.1980833812,645.1036069840193
2007-10-01,7.292316364326852,0.007292316364326852,1896002.2547249815,1895306.1699625517,696.0847624298185
2007-10-02,7.171685557849642,0.007171685557849642,1864638.2450409068,1863953.6750375843,684.5700033225585
2007-10-03,7.354287295553817,0.007354287295553817,1912114.6968439925,1911412.6966743334,702.0001696590334
2007-10-04,7.797859734007116,0.007797859734007116,2027443.5308418502,2026699.1896655732,744.3411762770265
2007-10-05,7.792681504398345,0.007792681504398345,2026097.1911435698,2025353.3442528595,743.8468907102942
2007-10-06,7.710591508736569,0.0077105915087365695,2004753.7922715081,2004017.781244229,736.0110272790771
2007-10-07,7.385566817406095,0.007385566817406095,1920247.3725255847,1919542.3865833054,704.9859422792215
2007-10-08,6.91032151086178,0.0069103215108617805,1796683.592824063,1796023.971207709,659.6216163539793
2007-10-09,4.647591599731139,0.004647591599731138,1208373.815930096,1207930.1821746551,443.63375544082373
2007-10-10,5.8447977820639405,0.00584479778206394,1519647.4233366244,1519089.5108061861,557.912530438276
2007-10-11,6.843115087474621,0.006843115087474622,1779209.9227434017,1778556.716285815,653.2064575867262
2007-10-12,7.548389246421329,0.007548389246421329,1962581.2040695455,1961860.6759859005,720.5280836450402
2007-10-13,8.068685239851199,0.008068685239851199,2097858.1623613117,2097087.9696587876,770.1927025241312
2007-10-14,5.604336360354098,0.005604336360354098,1457127.4536920653,1456592.4942979477,534.9593941175845
2007-10-15,4.517683952381509,0.0045176839523815085,1174597.8276191922,1174166.5941395108,431.2334796814248
2007-10-16,5.763640911034855,0.005763640911034856,1498546.6368690624,1497996.4711310654,550.165737997042
2007-10-17,7.60594907149838,0.00760594907149838,1977546.7585895788,1976820.736158848,726.0224307307508
2007-10-18,7.178482987324826,0.007178482987324826,1866405.5767044548,1865720.3578555742,685.2188488806132
2007-10-19,6.5198980118145275,0.006519898011814527,1695173.483071777,1694551.1291540533,622.3539177237544
2007-10-20,7.502533813976802,0.007502533813976802,1950658.7916339685,1949942.6406599006,716.1509740678594
2007-10-21,6.461566772133711,0.006461566772133711,1680007.3607547649,1679390.5748191592,616.7859356056433
2007-10-22,7.326765967256756,0.007326765967256756,1904959.1514867567,1904259.7783530506,699.3731337061618
2007-10-23,6.5989380430259335,0.006598938043025934,1715723.8911867428,1715093.9925385658,629.8986481770407
2007-10-24,6.80747328301555,0.006807473283015551,1769943.0535840432,1769293.249298791,649.804285252234
2007-10-25,6.207323268537333,0.006207323268537334,1613904.0498197067,1613311.5325828188,592.517236887943
2007-10-26,6.5598760162041385,0.006559876016204139,1705567.764213076,1704941.5942130133,626.1700000627898
2007-10-27,6.148243897571631,0.006148243897571631,1598543.4133686242,1597956.5355263879,586.8778422363102
2007-10-28,5.392342960609919,0.0053923429606099185,1402009.1697585788,1401494.4460986129,514.7236599659082
2007-10-29,5.679563377697795,0.005679563377697794,1476686.4782014266,1476144.3380463712,542.1401550553273
2007-10-30,6.282082520774146,0.0062820825207741465,1633341.455401278,1632741.8020537589,599.6533475192264
2007-10-31,5.82237366648485,0.00582237366648485,1513817.153286061,1513261.3812394396,555.7720466214232
2007-11-01,5.499008240660545,0.005499008240660545,1429742.1425717417,1429217.2372256813,524.9053460604046
2007-11-02,5.945941884979948,0.005945941884979948,1545944.8900947866,1545377.3228997218,567.5671950648539
2007-11-03,4.115209734936976,0.004115209734936977,1069954.5310836139,1069561.7155984403,392.8154851736035
2007-11-04,6.12302564360318,0.00612302564360318,1591986.667336827,1591402.1966916244,584.4706452025566
2007-11-05,5.549526812364137,0.005549526812364137,1442876.9712146756,1442347.2436411874,529.7275734881405
2007-11-06,4.451713393801999,0.004451713393801999,1157445.4823885197,1157020.5460986889,424.9362898308318
2007-11-07,5.28542767168352,0.00528542767168352,1374211.1946377151,1373706.6765283279,504.5181093872525
2007-11-08,5.597846075570441,0.0055978460755704415,1455439.9796483149,1454905.6397813978,534.3398669171147
2007-11-09,5.302300171015234,0.0053023001710152335,1378598.0444639607,1378091.915797776,506.12866618460976
2007-11-10,4.676676184064384,0.004676676184064384,1215935.8078567397,1215489.3978454475,446.4100112922024
2007-11-11,4.129557245239079,0.004129557245239079,1073684.8837621605,1073290.6987418763,394.18502028426155
2007-11-12,4.975370278762695,0.004975370278762695,1293596.2724783006,1293121.3507572087,474.9217210919596
2007-11-13,5.520269441605053,0.005520269441605053,1435270.0548173138,1434743.1199929272,526.9348243866116
2007-11-14,5.797247215640937,0.005797247215640937,1507284.2760666437,1506730.9024540305,553.3736126131844
2007-11-15,4.872873743864775,0.004872873743864775,1266947.1734048415,1266482.0354441598,465.13796068169177
2007-11-16,5.127431165329371,0.005127431165329371,1333132.1029856363,1332642.6663613487,489.43662428762764
2007-11-17,4.861396063986697,0.004861396063986697,1263962.976636541,1263498.9342726043,464.04236393678
2007-11-18,4.633406264247229,0.00463340626424723,1204685.6287042797,1204243.3490036256,442.2797006540932
2007-11-19,3.5750114696674817,0.003575011469667482,929502.9821135453,929161.7310096134,341.25110393192153
2007-11-20,4.677970546984277,0.0046779705469842765,1216272.342215912,1215825.8086517924,446.53356411959976
2007-11-21,5.3586917030070635,0.005358691703007064,1393259.8427818366,1392748.3312874548,511.5114943818189
2007-11-22,3.1032341266835632,0.0031032341266835632,806840.8729377264,806544.6551268257,296.21781090076547
2007-11-23,3.007652369451249,0.003007652369451249,781989.6160573248,781702.5219598578,287.09409746702295
2007-11-24,2.2998484725570156,0.002299848472557016,597960.6028648241,597741.0718684078,219.53099641634617
2007-11-25,3.604174350864161,0.003604174350864161,937085.3312246818,936741.2963911069,344.0348335749004
2007-11-26,4.3349592279701215,0.004334959227970121,1127089.3992722316,1126675.6076985274,413.79157370422035
2007-11-27,4.02036314555577,0.00402036314555577,1045294.4178445,1044910.6558976452,383.7619468548801
2007-11-28,3.4719897874240266,0.0034719897874240266,902717.3447302469,902385.9275144278,331.41721581912134
2007-11-29,4.218608282653523,0.004218608282653523,1096838.1534899161,1096435.4681431064,402.6853468096815
2007-11-30,3.8830912841417518,0.0038830912841417518,1009603.7338768555,1009233.075153485,370.6587233704049
2007-12-01,3.5410709435066083,0.0035410709435066082,920678.4453117182,920340.4339853699,338.01132634829264
2007-12-02,5.117404354452641,0.005117404354452641,1330525.1321576866,1330036.6526380992,488.4795195874758
2007-12-03,4.327207444788001,0.004327207444788,1125073.9356448802,1124660.8840141357,413.05163074447773
2007-12-04,4.413215001706041,0.0044132150017060405,1147435.9004435705,1147014.6390003557,421.26144321472384
2007-12-05,4.844246546064798,0.0048442465460647975,1259504.1019768473,1259041.696612392,462.40536445518956
2007-12-06,3.2212406158658937,0.0032212406158658937,837522.5601251323,837215.0780581456,307.4820669867331
2007-12-07,4.069150794639553,0.004069150794639553,1057979.2066062838,1057590.7876564376,388.4189498461783
2007-12-08,2.709460743932683,0.002709460743932683,704459.7934224976,704201.1630718617,258.63035063585266
2007-12-09,2.188899212295045,0.0021888992122950446,569113.7951967116,568904.8548117843,208.94038492720574
2007-12-10,2.6903713281997477,0.0026903713281997478,699496.5453319345,699239.7371528491,256.80817908537574
2007-12-11,3.1863095887221857,0.0031863095887221856,828440.4930677683,828136.3453261888,304.14774157945067
2007-12-12,2.832253588532677,0.002832253588532677,736385.933018496,736115.5815323812,270.3514861147851
2007-12-13,4.202101442049188,0.004202101442049188,1092546.3749327888,1092145.265238988,401.1096938007977
2007-12-14,2.379613623369907,0.002379613623369907,618699.5420761758,618472.3971333425,227.14494283334352
2007-12-15,5.018573595094592,0.005018573595094592,1304829.134724594,1304350.0890504695,479.0456741244998
2007-12-16,4.061378165474406,0.004061378165474406,1055958.3230233456,1055570.6460063031,387.67701704241335
2007-12-17,3.2593534460595537,0.003259353446059554,847431.895975484,847120.7758655183,311.1201099657919
2007-12-18,3.902625388319819,0.003902625388319819,1014682.600963153,1014310.0776206976,372.52334245538805
2007-12-19,2.8780208721494303,0.00287802087214943,748285.4267588519,748010.7065773663,274.7201814855216
2007-12-20,5.147432519470883,0.005147432519470883,1338332.4550624297,1337841.1092179231,491.3458445065189
2007-12-21,4.011172613587945,0.004011172613587945,1042904.8795328656,1042521.9948640857,382.8846687799087
2007-12-22,5.5658204383690375,0.005565820438369037,1447113.3139759498,1446582.0311017563,531.2828741935082
2007-12-23,4.246520514479182,0.0042465205144791825,1104095.3337645875,1103689.9840683052,405.3496962822974
2007-12-24,4.403933265840195,0.004403933265840195,1145022.6491184507,1144602.2736591378,420.375459312927
2007-12-25,4.911901757941484,0.0049119017579414845,1277094.457064786,1276625.5937026613,468.8633621246554
2007-12-26,5.067380782460492,0.005067380782460492,1317519.003439728,1317035.2988975944,483.7045421334915
2007-12-27,4.874170344370428,0.004874170344370428,1267284.2895363113,1266819.0278092145,465.26172709674574
2007-12-28,4.163648172950876,0.004163648172950876,1082548.5249672276,1082151.0858128476,397.4391543800011
2007-12-29,4.191878560439206,0.004191878560439206,1089888.4257141936,1089488.291840936,400.1338732575532
2007-12-30,4.369611980283905,0.004369611980283904,1136099.114873815,1135682.0155373018,417.0993365133181
2007-12-31,4.866049648234052,0.004866049648234051,1265172.9085408533,1264708.4219711355,464.48656971775927
2008-01-01,3.9944015279403366,0.003994401527940336,1038544.3972644875,1038163.1134721074,381.2837923800107
2008-01-02,3.0815084201173684,0.0030815084201173686,801192.1892305159,800898.0452371154,294.14399340050295
2008-01-03,4.4161909161153625,0.004416190916115363,1148209.6381899943,1147788.092682215,421.5455077793449
2008-01-04,4.082246790366669,0.004082246790366668,1061384.1654953337,1060994.496473135,389.66902219876647
2008-01-05,4.050675644748149,0.004050675644748149,1053175.6676345188,1052789.0122217548,386.65541276405565
2008-01-06,3.9791465123397147,0.003979146512339714,1034578.0932083257,1034198.2655765646,379.8276317610871
2008-01-07,3.509504905441101,0.003509504905441101,912471.2754146863,912136.2772102337,334.99820445256773
2008-01-08,5.224403758479854,0.0052244037584798534,1358344.977204762,1357846.2841054269,498.69309933506884
2008-01-09,4.706757550779104,0.0047067575507791035,1223756.9632025668,1223307.6817880117,449.2814145551529
2008-01-10,5.087847296360852,0.005087847296360852,1322840.2970538216,1322354.6388898545,485.6581639670767
2008-01-11,4.390737064285621,0.004390737064285621,1141591.6367142615,1141172.5208924033,419.1158218581695
2008-01-12,5.370958005128883,0.005370958005128883,1396449.0813335096,1395936.3989648032,512.6823687064461
2008-01-13,4.54925154272363,0.004549251542723631,1182805.4011081439,1182371.154358395,434.2467497489415
2008-01-14,3.7745881261857397,0.0037745881261857395,981392.9128082923,981032.6112048212,360.3016034711618
2008-01-15,2.391865342616008,0.002391865342616008,621884.9890801621,621656.6746550059,228.31442515621893
2008-01-16,3.802224004390089,0.003802224004390089,988578.2411414231,988215.3015676894,362.93957373371813
2008-01-17,2.573290976397373,0.002573290976397373,669055.653863317,668810.0215362925,245.63232702447567
2008-01-18,2.5926739363440046,0.0025926739363440047,674095.2234494413,673847.7409307362,247.48251870507374
2008-01-19,4.131296745930938,0.004131296745930938,1074137.153942044,1073742.8028785072,394.3510635367129
2008-01-20,4.828957986207857,0.004828957986207857,1255529.0764140429,1255068.1304121586,460.9460018842947
2008-01-21,4.347304523343851,0.0043473045233438515,1130299.1760694014,1129884.2060811073,414.9699882941786
2008-01-22,2.75076809570152,0.00275076809570152,715199.7048823951,714937.1315571672,262.57332522794604
2008-01-23,2.0829244043069965,0.0020829244043069966,541560.3451198192,541361.5205122879,198.82460753130727
2008-01-24,2.42726752622992,0.00242726752622992,631089.5568197792,630857.8630951879,231.693724591285
2008-01-25,2.383113977809139,0.002383113977809139,619609.6342303761,619382.1551627918,227.4790675842669
2008-01-26,4.067109171090582,0.004067109171090582,1057448.3844835514,1057060.1604159584,388.2240675929934
2008-01-27,5.140317778871931,0.005140317778871931,1336482.6225067019,1335991.9557965433,490.6667101585772
2008-01-28,3.5990791069801085,0.0035990791069801086,935760.5678148282,935417.0193454552,343.548469373025
2008-01-29,6.1274921526084505,0.00612749215260845,1593147.959678197,1592563.0626843963,584.8969938007649
2008-01-30,6.091204371860712,0.006091204371860713,1583713.1366837854,1583131.7035236938,581.4331600915175
2008-01-31,6.070472212888723,0.0060704722128887235,1578322.775351068,1577743.3211698402,579.454181227833
2008-02-01,5.404102672961121,0.005404102672961121,1405066.6949698913,1404550.8487918982,515.8461779931094
2008-02-02,4.056979731304576,0.004056979731304576,1054814.7301391899,1054427.4729726932,387.25716649671085
2008-02-03,4.753364106136082,0.004753364106136081,1235874.6675953812,1235420.9373731506,453.7302222305443
2008-02-04,4.974102320276541,0.004974102320276541,1293266.6032719007,1292791.802583213,474.80068868771195
2008-02-05,6.684027541225424,0.006684027541225424,1737847.1607186103,1737209.139890843,638.0208277672064
2008-02-06,5.375901544067191,0.005375901544067191,1397734.4014574697,1397221.2472054884,513.1542519812938
2008-02-07,5.90098648393317,0.00590098648393317,1534256.4858226243,1533693.2098250464,563.2759975779336
2008-02-08,6.2410782203906745,0.006241078220390674,1622680.3373015753,1622084.5980010154,595.7393005599733
2008-02-09,5.953172252332516,0.0059531722523325165,1547824.7856064544,1547256.528239942,568.2573665124364
2008-02-10,4.860475690005167,0.004860475690005167,1263723.6794013435,1263259.7248912891,463.95451005431823
2008-02-11,4.4934519320990125,0.004493451932099012,1168297.5023457431,1167868.581922605,428.9204231381882
2008-02-12,6.361879938825466,0.006361879938825466,1654088.7840946212,1653481.5137206304,607.2703739907593
2008-02-13,6.5123240529633435,0.006512324052963344,1693204.2537704695,1692582.6228215643,621.6309489051346
2008-02-14,5.062024247478297,0.005062024247478297,1316126.3043443572,1315643.1111078493,483.19323650794104
2008-02-15,3.142384614847485,0.0031423846148474852,817019.9998603462,816720.0449572938,299.9549030524213
2008-02-16,5.34718695148153,0.00534718695148153,1390268.607385198,1389758.1940716729,510.4133135250304
2008-02-17,6.824853718621925,0.006824853718621925,1774461.9668417005,1773810.5035148235,651.463326876983
2008-02-18,5.583864633862439,0.005583864633862439,1451804.804804234,1451271.7995295157,533.0052747183945
2008-02-19,5.4054681221382195,0.00540546812213822,1405421.7117559372,1404905.73523961,515.9765163271222
2008-02-20,3.9988148191815984,0.003998814819181598,1039691.8529872155,1039310.1479261148,381.70506110065617
2008-02-21,6.608096033256737,0.006608096033256737,1718104.9686467515,1717474.1958267565,630.7728199949488
2008-02-22,6.694348722324095,0.006694348722324096,1740530.667804265,1739891.661772821,639.0060314438306
2008-02-23,6.13987345371499,0.00613987345371499,1596367.0979658973,1595781.0191205959,586.0788453014102
2008-02-24,6.844930510103023,0.006844930510103022,1779681.9326267857,1779028.5528788525,653.3797479332425
2008-02-25,8.054018736547924,0.008054018736547925,2094044.8715024604,2093276.0787843799,768.7927180805709
2008-02-26,6.8576144704334805,0.00685761447043348,1782979.762312705,1782325.1718230715,654.5904896333814
2008-02-27,6.485929208950309,0.006485929208950309,1686341.5943270803,1685722.48288608,619.1114410003647
2008-02-28,7.068213285167076,0.007068213285167076,1837735.4541434397,1837060.7610391364,674.6931043032091
2008-03-01,5.86003543794427,0.00586003543794427,1523609.2138655102,1523049.8468315173,559.367033992894
2008-03-02,6.519041631448311,0.006519041631448311,1694950.8241765609,1694328.552004238,622.2721723229624
2008-03-03,7.600265601535367,0.007600265601535367,1976069.0563991955,1975343.5764815211,725.4799176743254
2008-03-04,6.871266698480196,0.0068712666984801956,1786529.341604851,1785873.44794796,655.8936568908393
2008-03-05,6.851434144363351,0.006851434144363351,1781372.8775344712,1780718.8769850694,654.0005494018551
2008-03-06,5.6106430268999326,0.005610643026899932,1458767.1869939824,1458231.6255998604,535.5613941219635
2008-03-07,6.5753729618115315,0.006575372961811532,1709596.9700709982,1708969.3208169972,627.6492540009785
2008-03-08,7.337283143821923,0.007337283143821922,1907693.6173936997,1906993.2403476583,700.3770460414235
2008-03-09,7.038462920002871,0.007038462920002871,1830000.3592007465,1829328.505904103,671.8532966435887
2008-03-10,5.984318972711439,0.00598431897271144,1555922.9329049743,1555351.7024423464,571.230462627951
2008-03-11,7.106027005294956,0.0071060270052949554,1847567.0213766885,1846888.7187808224,678.3025958661456
2008-03-12,7.535567173436026,0.007535567173436026,1959247.4650933668,1958528.160934903,719.3041584638413
2008-03-13,7.8746324074838645,0.007874632407483864,2047404.4259458047,2046652.7564686823,751.6694771223702
2008-03-14,9.034884962254893,0.009034884962254892,2349070.090186272,2348207.669325968,862.4208603040315
2008-03-15,8.67839261519013,0.00867839261519013,2256382.079949434,2255553.6879049847,828.3920444492251
2008-03-16,8.109932625634633,0.008109932625634633,2108582.4826650047,2107808.3527119146,774.1299530901015
2008-03-17,6.155700896448976,0.006155700896448976,1600482.2330767338,1599894.6434300402,587.5896466935519
2008-03-18,4.072355207289935,0.004072355207289936,1058812.3538953834,1058423.6290697763,388.72482560714707
2008-03-19,7.153662051809978,0.007153662051809978,1859952.1334705942,1859269.283892894,682.8495777002536
2008-03-20,8.090676093309545,0.008090676093309546,2103575.784260482,2102803.492430981,772.2918295012787
2008-03-21,7.077667234108744,0.007077667234108744,1840193.4808682734,1839517.8853415472,675.5955267262179
2008-03-22,7.827659245617275,0.007827659245617275,2035191.4038604917,2034444.2181853035,747.1856751882005
2008-03-23,3.5306142011874644,0.0035306142011874643,917959.6923087407,917622.679126004,337.0131827367004
2008-03-24,7.390172346446159,0.007390172346446159,1921444.8100760013,1920739.3845150294,705.4255609719548
2008-03-25,8.217553723773749,0.008217553723773748,2136563.9681811747,2135779.5653048065,784.4028763682581
2008-03-26,7.8749572333277555,0.007874957233327755,2047488.8806652164,2046737.18018199,751.7004832264502
2008-03-27,6.5157678379482284,0.006515767837948229,1694099.6378665394,1693477.6781926951,621.9596738442779
2008-03-28,3.4308842291088504,0.0034308842291088503,892029.899568301,891702.4060649711,327.49350332992617
2008-03-29,3.0828320515228715,0.0030828320515228717,801536.3333959467,801242.0630559087,294.2703400379978
2008-03-30,6.397007194722686,0.0063970071947226865,1663221.8706278985,1662611.2471975735,610.6234303249512
2008-03-31,8.484610699673294,0.008484610699673293,2205998.781915056,2205188.887235763,809.8946792930365
2008-04-01,6.305056038270616,0.006305056038270616,1639314.56995036,1638712.7236761125,601.8462742476258
2008-04-02,5.939318540587527,0.005939318540587527,1544222.820552757,1543655.8855860373,566.9349667197093
2008-04-03,5.911145274401217,0.005911145274401217,1536897.7713443164,1536333.5256439862,564.2457003302407
2008-04-04,8.866710465074723,0.008866710465074723,2305344.720919428,2304498.3530797376,846.3678396902978
2008-04-05,8.726407568595404,0.008726407568595404,2268865.967834805,2268032.9925446813,832.9752901238389
2008-04-06,8.41670317394073,0.008416703173940731,2188342.82522459,2187539.4126274716,803.4125971184112
2008-04-07,7.463555758059344,0.007463555758059344,1940524.4970954293,1939812.066754071,712.4303413582966
2008-04-08,8.457672401859924,0.008457672401859923,2198994.82448358,2198187.5011873282,807.3232962517068
2008-04-09,8.303292623755592,0.008303292623755593,2158856.082176454,2158063.4951321417,792.587044312153
2008-04-10,9.564149061521277,0.009564149061521277,2486678.755995532,2485765.81446986,912.9415256720968
2008-04-11,9.14749091178773,0.00914749091178773,2378347.63706481,2377474.467454491,873.1696103187278
2008-04-12,8.172779808146757,0.008172779808146758,2124922.750118157,2124142.621115667,780.1290024900809
2008-04-13,8.206076113513726,0.008206076113513726,2133579.789513569,2132796.4822273,783.3072862690315
2008-04-14,8.807699362451974,0.008807699362451973,2290001.834237513,2289161.0992759503,840.73496156279
2008-04-15,9.717941999416025,0.009717941999416025,2526664.9198481664,2525737.298087122,927.6217610444874
2008-04-16,8.376193417578918,0.008376193417578918,2177810.2885705186,2177010.7428138833,799.5457566352561
2008-04-17,8.7608389078852,0.0087608389078852,2277818.1160501516,2276981.8541320986,836.261918053031
2008-04-18,8.609837490437746,0.008609837490437746,2238557.747513814,2237735.8993678107,821.8481460032053
2008-04-19,9.75259529105592,0.00975259529105592,2535674.775674539,2534743.8460992044,930.9295753347687
2008-04-20,8.47462939727601,0.00847462939727601,2203403.6432917626,2202594.701373178,808.9419185845181
2008-04-21,4.933294544207121,0.004933294544207122,1282656.5814938517,1282185.6760929837,470.9054008680396
2008-04-22,7.465480541918591,0.007465480541918592,1941024.9408988338,1940312.3268281023,712.614070731448
2008-04-23,6.485485140980422,0.006485485140980422,1686226.1366549097,1685607.0676022167,619.0690526929684
2008-04-24,6.906133769968909,0.006906133769968909,1795594.7801919163,1794935.5583144764,659.2218774398789
2008-04-25,8.230057013036125,0.008230057013036125,2139814.8233893923,2139029.2270171987,785.5963721936569
2008-04-26,6.986116682372702,0.006986116682372702,1816390.3374169027,1815723.4808067116,666.8566101910546
2008-04-27,3.5919905858631807,0.0035919905858631807,933917.552324427,933574.6804866332,342.871837793733
2008-04-28,8.476076666331458,0.008476076666331458,2203779.933246179,2202970.853179181,809.0800669980235
2008-04-29,9.852693815862352,0.009852693815862353,2561700.392124212,2560759.9076894363,940.4844347755425
2008-04-30,8.902777139232931,0.008902777139232931,2314722.056200562,2313872.245632792,849.8105677701533
2008-05-01,9.640683918169591,0.009640683918169591,2506577.818724094,2505657.571598274,920.2471258197911
2008-05-02,9.820819141489107,0.009820819141489107,2553412.9767871676,2552475.5349350274,937.4418521402404
2008-05-03,6.11793550654731,0.00611793550654731,1590663.2317023005,1590079.24693383,583.9847684705164
2008-05-04,4.748498232035586,0.004748498232035586,1234609.5403292524,1234156.2745768346,453.2657524177339
2008-05-05,6.945280893007668,0.0069452808930076685,1805773.0321819938,1805110.0735336188,662.9586483750027
2008-05-06,7.507985952799801,0.007507985952799802,1952076.3477279486,1951359.6763224339,716.6714055147022
2008-05-07,10.471671692165847,0.010471671692165847,2722634.63996312,2721635.0712749404,999.568688179832
2008-05-08,9.356454320403119,0.009356454320403119,2432678.123304811,2431785.007186774,893.1161180366762
2008-05-09,7.858948209070385,0.007858948209070385,2043326.5343583003,2042576.3620092482,750.172349052038
2008-05-10,9.83071981819719,0.00983071981819719,2555987.1527312696,2555048.7658145092,938.3869167603552
2008-05-11,9.138500909366986,0.009138500909366985,2376010.236435416,2375137.924961715,872.3114737011492
2008-05-12,9.788184625912926,0.009788184625912926,2544928.0027373605,2543993.6759981536,934.3267392069101
2008-05-13,9.420154080823917,0.009420154080823917,2449240.0610142183,2448340.864464343,899.1965498751961
2008-05-14,6.515278373718058,0.006515278373718058,1693972.377166695,1693350.4642144376,621.9129522573203
2008-05-15,8.32978980675526,0.00832978980675526,2165745.3497563675,2164950.2334354287,795.1163209388033
2008-05-16,4.465807413028902,0.0044658074130289015,1161109.9273875144,1160683.6457594486,426.28162806574255
2008-05-17,3.7699189705929474,0.0037699189705929473,980178.9323541663,979819.0764428318,359.8559113345109
2008-05-18,9.494278633548053,0.009494278633548053,2468512.4447224936,2467606.1726469425,906.2720755510963
2008-05-19,9.693182744312745,0.009693182744312745,2520227.5135213137,2519302.255143774,925.2583775394596
2008-05-20,9.904036696783832,0.009904036696783832,2575049.541163796,2574104.155817529,945.3853462669067
2008-05-21,10.570052867710398,0.010570052867710398,2748213.7456047037,2747204.7859858805,1008.9596188231371
2008-05-22,10.594458801641105,0.010594458801641105,2754559.2884266875,2753547.999150472,1011.2892762152478
2008-05-23,10.322652271454503,0.010322652271454503,2683889.590578171,2682904.246471438,985.3441067328677
2008-05-24,9.127047865399897,0.009127047865399897,2373032.4450039733,2372161.2267754073,871.2182285659947
2008-05-25,10.08767622411825,0.010087676224118249,2622795.8182707448,2621832.9036964015,962.9145743432455
2008-05-26,7.682913845447687,0.007682913845447687,1997557.5998163987,1996824.2307479586,733.3690684400499
2008-05-27,8.598422537767567,0.008598422537767566,2235589.8598195673,2234769.1012827116,820.7585368556902
2008-05-28,9.658392850247681,0.009658392850247681,2511182.141064397,2510260.2035404705,921.9375239266083
2008-05-29,10.454345640912322,0.010454345640912322,2718129.866637204,2717131.951799415,997.9148377887905
2008-05-30,10.50804741806377,0.010508047418063769,2732092.32869658,2731089.2877799263,1003.0409166538157
2008-05-31,10.88039643706514,0.010880396437065142,2828903.073636937,2827864.4903129763,1038.5833239606582
2008-06-01,11.067510553536016,0.011067510553536015,2877552.7439193637,2876496.299701991,1056.4442173726857
2008-06-02,11.088882898927375,0.011088882898927375,2883109.5537211173,2882051.0694161756,1058.484304941725
2008-06-03,11.183294859046528,0.011183294859046528,2907656.6633520974,2906589.1669961764,1067.49635592103
2008-06-04,11.695353786361729,0.011695353786361728,3040791.9844540493,3039675.609744672,1116.3747093770653
2008-06-05,10.569982395023555,0.010569982395023554,2748195.422706124,2747186.469814239,1008.9528918848373
2008-06-06,7.857882935442092,0.007857882935442092,2043049.563214944,2042299.4925511046,750.0706638393458
2008-06-07,10.403804727033119,0.010403804727033119,2704989.229028611,2703996.138550912,993.0904776989482
2008-06-08,10.154424240296265,0.010154424240296266,2640150.302477029,2639181.0165009717,969.2859760574065
2008-06-09,9.797560982256378,0.009797560982256379,2547365.8553866586,2546430.633631595,935.2217550636269
2008-06-10,9.927362484031914,0.009927362484031914,2581114.2458482976,2580166.633949552,947.6118987454101
2008-06-11,11.443615838121342,0.011443615838121342,2975340.117911549,2974247.7727342355,1092.345177313313
2008-06-12,11.151125912233184,0.011151125912233184,2899292.737180628,2898228.3114969847,1064.4256836432032
2008-06-13,10.100075896640467,0.010100075896640467,2626019.7331265216,2625055.634947042,964.0981794795953
2008-06-14,10.299227573258696,0.010299227573258695,2677799.1690472607,2676816.0609345064,983.1081127543002
2008-06-15,10.91018216610711,0.01091018216610711,2836647.3631878486,2835605.936680585,1041.4265072634444
2008-06-16,11.095043145545501,0.011095043145545502,2884711.2178418306,2883652.145513332,1059.072328498587
2008-06-17,10.195566129484165,0.010195566129484164,2650847.1936658826,2649873.9805093887,973.2131564938463
2008-06-18,9.797096262094584,0.009797096262094584,2547245.028144592,2546309.8507491816,935.1773954103701
2008-06-19,10.88110349137685,0.01088110349137685,2829086.907757981,2828048.2569424706,1038.6508155106567
2008-06-20,8.565316101728476,0.008565316101728476,2226982.186449404,2226164.5880724364,817.5983769674785
2008-06-21,8.615603132183344,0.008615603132183344,2240056.814367669,2239234.4158649393,822.3985027298331
2008-06-22,9.408023707416282,0.009408023707416282,2446086.163928233,2445188.1252776687,898.0386505643837
2008-06-23,10.347250005998987,0.010347250005998987,2690285.0015597367,2689297.3094873712,987.692072365433
2008-06-24,10.579658292799028,0.010579658292799029,2750711.1561277476,2749701.279627414,1009.8765003336594
2008-06-25,10.261746628841342,0.010261746628841342,2668054.123498749,2667074.5931126024,979.5303861466236
2008-06-26,10.775166098267515,0.010775166098267515,2801543.185549554,2800514.646940019,1028.5386095349677
2008-06-27,10.317860685082016,0.010317860685082015,2682643.778121324,2681658.8913933025,984.8867280213162
2008-06-28,10.412341558406334,0.010412341558406334,2707208.8051856468,2706214.8998285676,993.9053570791148
2008-06-29,7.9858730397970445,0.007985873039797045,2076326.9903472317,2075564.7024458325,762.2879013991915
2008-06-30,7.4401033993824015,0.007440103399382401,1934426.8838394242,1933716.692132363,710.191707061138
2008-07-01,6.815752596636638,0.006815752596636638,1772095.6751255258,1771445.0805421341,650.5945833916776
2008-07-02,8.7439730175137,0.0087439730175137,2273432.984553562,2272598.332561451,834.6519921110012
2008-07-03,8.494173856359588,0.008494173856359588,2208485.202653493,2207674.3951274008,810.807526092045
2008-07-04,9.53192709222801,0.009531927092228009,2478301.0439792825,2477391.178187125,909.8657921575941
2008-07-05,8.655228376319107,0.008655228376319107,2250359.377842968,2249533.1969304695,826.1809124983847
2008-07-06,7.94023938285548,0.00794023938285548,2064462.2395424247,2063704.3075811225,757.9319613021798
2008-07-07,6.7160696616375795,0.00671606966163758,1746178.1120257708,1745537.0326318827,641.0793938881252
2008-07-08,7.40655036859495,0.00740655036859495,1925703.0958346871,1924996.1069170136,706.9889176734723
2008-07-09,8.161321310897575,0.008161321310897576,2121943.54083337,2121164.5055965553,779.035236814525
2008-07-10,10.123325941175182,0.010123325941175182,2632064.744705547,2631098.4272035756,966.3175019714981
2008-07-11,10.09138436823653,0.01009138436823653,2623759.9357414977,2622796.6672079335,963.2685335641727
2008-07-12,10.76641204646089,0.010766412046460888,2799267.132079831,2798239.4290843545,1027.702995476313
2008-07-13,9.158729968616525,0.009158729968616525,2381269.7918402962,2380395.549410888,874.2424294082448
2008-07-14,10.104983815172885,0.010104983815172884,2627295.79194495,2626331.2252823254,964.5666626244783
2008-07-15,10.539694043678654,0.010539694043678655,2740320.45135645,2739314.3896254525,1006.0617309976369
2008-07-16,8.584322731624734,0.008584322731624735,2231923.910222431,2231104.497576198,819.4126462331042
2008-07-17,9.765906677691701,0.009765906677691701,2539135.7361998423,2538203.5359921134,932.2002077288926
2008-07-18,10.42383363899569,0.01042383363899569,2710196.7461388796,2709201.7438104423,995.0023284372874
2008-07-19,9.869595605304935,0.009869595605304935,2566094.857379283,2565152.759591836,942.0977874468081
2008-07-20,10.091147040445541,0.010091147040445541,2623698.2305158405,2622734.9846362933,963.2458795472048
2008-07-21,10.463170443536118,0.010463170443536118,2720424.315319391,2719425.5581140565,998.757205334492
2008-07-22,9.925855886981168,0.009925855886981168,2580722.530615104,2579775.062527899,947.468087204732
2008-07-23,8.29055874120256,0.00829055874120256,2155545.2727126656,2154753.901175357,791.3715373086743
2008-07-24,6.902559455410296,0.006902559455410296,1794665.458406677,1794006.5777138178,658.8806928591803
2008-07-25,6.645611984179613,0.006645611984179613,1727859.1158866994,1727224.7619985663,634.3538881330751
2008-07-26,9.216198271849482,0.009216198271849482,2396211.5506808655,2395331.822640548,879.7280403175391
2008-07-27,10.214440070879629,0.010214440070879629,2655754.418428703,2654779.4036686644,975.0147600388154
2008-07-28,10.061511556906789,0.010061511556906788,2615993.004795765,2615032.587757904,960.417037860956
2008-07-29,9.775138413246154,0.009775138413246153,2541535.987444,2540602.906025126,933.0814188737422
2008-07-30,8.036685604313066,0.008036685604313065,2089538.257121397,2088771.1189296192,767.1381917777471
2008-07-31,8.50564710888174,0.00850564710888174,2211468.2483092523,2210656.3456090265,811.9027002258226
2008-08-01,9.324441045445877,0.009324441045445877,2424354.671815928,2423464.6115105827,890.0603053453378
2008-08-02,8.749580841691444,0.008749580841691444,2274891.0188397756,2274055.831555343,835.1872844328173
2008-08-03,9.769414771682644,0.009769414771682644,2540047.8406374874,2539115.305566232,932.5350712551735
2008-08-04,9.601355797591797,0.009601355797591797,2496352.507373867,2495436.014296021,916.493077846244
2008-08-05,9.20797556125278,0.00920797556125278,2394073.645925723,2393194.702780529,878.9431451940909
2008-08-06,5.478020191659207,0.005478020191659207,1424285.2498313938,1423762.3478900641,522.9019413297065
2008-08-07,9.929335799142796,0.009929335799142796,2581627.3077771273,2580679.50751648,947.8002606472
2008-08-08,10.27853799722554,0.010278537997225539,2672419.8792786403,2671438.7460800144,981.1331986258738
2008-08-09,9.870553914433899,0.009870553914433899,2566344.0177528136,2565401.828490402,942.1892624115571
2008-08-10,9.606772003167904,0.009606772003167905,2497760.7208236554,2496843.710744354,917.010079301428
2008-08-11,7.519876228609755,0.007519876228609755,1955167.8194385364,1954450.0130521187,717.8063864177093
2008-08-12,6.4289678399890855,0.006428967839989085,1671531.638397162,1670917.9641778895,613.6742192725651
2008-08-13,8.815508597938594,0.008815508597938594,2292032.2354640346,2291190.755075428,841.4803886064328
2008-08-14,9.461342117269043,0.009461342117269043,2459948.9504899513,2459045.8223546743,903.1281352769583
2008-08-15,8.907689238772601,0.0089076892387726,2315999.202080876,2315148.9226308647,850.2794500114396
2008-08-16,7.690127381994857,0.0076901273819948565,1999433.1193186627,1998699.0616853521,734.0576333105564
2008-08-17,6.581259105930692,0.006581259105930692,1711127.36754198,1710499.1564287527,628.2111132272985
2008-08-18,7.872509776884583,0.007872509776884582,2046852.5419899914,2046101.0751276135,751.4668623779435
2008-08-19,7.42267758437294,0.00742267758437294,1929896.1719369644,1929187.6436031985,708.5283337659203
2008-08-20,8.363664497290538,0.008363664497290538,2174552.76929554,2173754.4194813278,798.3498142124154
2008-08-21,6.99063916699091,0.00699063916699091,1817566.1834176364,1816898.8951157203,667.2883019160945
2008-08-22,5.634550288632206,0.005634550288632206,1464983.0750443735,1464445.2315933888,537.8434509846848
2008-08-23,4.146964132498999,0.004146964132498999,1078210.6744497397,1077814.8278629,395.8465868397616
2008-08-24,7.6643660665108015,0.007664366066510802,1992735.1772928084,1992003.5786942232,731.5985985852312
2008-08-25,7.726630351863472,0.0077266303518634715,2008923.8914845025,2008186.3494767023,737.5420078001916
2008-08-26,8.449308766542842,0.008449308766542842,2196820.279301139,2196013.7543519163,806.5249492228031
2008-08-27,7.387500984719695,0.0073875009847196955,1920750.2560271209,1920045.085459775,705.1705673458055
2008-08-28,5.631080739449316,0.005631080739449316,1464080.9922568223,1463543.4799900868,537.5122667355463
2008-08-29,2.746822944234159,0.002746822944234159,714173.9655008813,713911.7687583035,262.19674257782754
2008-08-30,3.3462037814872554,0.0033462037814872554,870012.9831866864,869693.5728172087,319.41036947770044
2008-08-31,7.81837142642268,0.00781837142642268,2032776.5708698966,2032030.2717592914,746.2991106051486
2008-09-01,7.718316313088945,0.007718316313088945,2006762.2414031257,2006025.4930081388,736.7483949868474
2008-09-02,7.541108894616359,0.007541108894616359,1960688.3126002534,1959968.479459299,719.8331409543753
2008-09-03,6.179338726026709,0.00617933872602671,1606628.0687669446,1606038.222781913,589.8459850316867
2008-09-04,7.208894769208216,0.007208894769208216,1874312.639994136,1873624.518202362,688.1217917741742
2008-09-05,7.784294177614486,0.007784294177614486,2023916.4861797665,2023173.4398975433,743.046282223193
2008-09-06,8.439974633652614,0.008439974633652614,2194393.40474968,2193587.7707858933,805.6339637865312
2008-09-07,7.5868615514065425,0.007586861551406542,1972584.003365701,1971859.802925573,724.200440128101
2008-09-08,8.273489452565313,0.008273489452565314,2151107.2576669813,2150317.515470904,789.7421960774809
2008-09-09,6.197130433683708,0.006197130433683708,1611253.912757764,1610662.3684733198,591.5442844443023
2008-09-10,5.1541378124190595,0.00515413781241906,1340075.8312289554,1339583.8453337413,491.9858952141367
2008-09-11,5.982219063980112,0.0059822190639801116,1555376.956634829,1554805.9266180398,571.0300167892128
2008-09-12,6.470760308851229,0.006470760308851229,1682397.6803013196,1681780.016800822,617.6635004975833
2008-09-13,8.39039278462249,0.00839039278462249,2181502.1240018476,2180701.222851049,800.9011507984251
2008-09-14,3.8540612308395996,0.0038540612308396,1002055.920018296,1001688.0323455419,367.887672754121
2008-09-15,3.9146964135999056,0.003914696413599906,1017821.0675359755,1017447.3919592581,373.67557671735995
2008-09-16,4.740315878926315,0.004740315878926315,1232482.1285208417,1232029.6438112417,452.4847095999867
2008-09-17,4.570519798110148,0.004570519798110148,1188335.1475086384,1187898.870607185,436.2769014535006
2008-09-18,4.847085539281275,0.004847085539281274,1260242.2402131313,1259779.563853862,462.67635926930234
2008-09-19,7.066519080323787,0.007066519080323787,1837294.9608841846,1836620.429499439,674.5313847456127
2008-09-20,7.0977957063387365,0.007097795706338736,1845426.8836480714,1844749.3667671266,677.5168809448369
2008-09-21,7.14433263471404,0.00714433263471404,1857526.4850256504,1856844.525983242,681.9590424082708
2008-09-22,7.2641383703160916,0.007264138370316092,1888675.9762821838,1887982.5812374358,693.3950447479729
2008-09-23,7.051496626757522,0.007051496626757522,1833389.1229569556,1832716.025533725,673.0974232305307
2008-09-24,5.691881297376418,0.005691881297376418,1479889.1373178686,1479345.821361358,543.3159565106034
2008-09-25,5.700284632288221,0.005700284632288221,1482074.0043949373,1481529.886301891,544.1180930463597
2008-09-26,6.565056737915581,0.006565056737915582,1706914.7518580512,1706288.0873345393,626.6645235118922
2008-09-27,6.568552589013319,0.006568552589013319,1707823.673143463,1707196.6749250647,626.9982183983084
2008-09-28,6.317589414683418,0.006317589414683418,1642573.2478176886,1641970.2051756606,603.042642028071
2008-09-29,6.536055787081106,0.006536055787081106,1699374.5046410875,1698750.608390229,623.8962508584373
2008-09-30,6.839973956608505,0.006839973956608505,1778393.2287182114,1777740.3220958516,652.906622359762
2008-10-01,6.659993147997648,0.006659993147997648,1731598.2184793886,1730962.4918437635,635.7266356251203
2008-10-02,6.979807055661269,0.006979807055661268,1814749.8344719298,1814083.5801443045,666.2543276252691
2008-10-03,7.902294486090357,0.007902294486090356,2054596.5663834927,2053842.25643516,754.3099483326077
2008-10-04,8.025021776179116,0.008025021776179116,2086505.6618065701,2085739.6369802349,766.024826335255
2008-10-05,6.93078710706679,0.006930787107066789,1802004.6478373653,1801343.072686776,661.5751505892258
2008-10-06,6.484882417909577,0.006484882417909577,1686069.42865649,1685450.4171364554,619.0115200346336
2008-10-07,7.455662787416281,0.007455662787416281,1938472.324728233,1937760.64780682,711.6769214130472
2008-10-08,7.10329506660853,0.00710329506660853,1846856.717318218,1846178.6754983242,678.041819893755
2008-10-09,7.551354143047515,0.007551354143047515,1963352.077192354,1962631.2660958415,720.8110965124797
2008-10-10,7.179508719396675,0.007179508719396675,1866672.2670431356,1865986.9502834636,685.3167596720159
2008-10-11,6.175867976435858,0.006175867976435857,1605725.673873323,1605136.1591871248,589.5146861982066
2008-10-12,5.021910340667478,0.005021910340667479,1305696.6885735444,1305217.3243918796,479.36418166477233
2008-10-13,5.5536243151451306,0.0055536243151451305,1443942.321937734,1443412.2032389701,530.1186987638939
2008-10-14,5.425971688392861,0.005425971688392861,1410752.6389821437,1410234.7053071675,517.9336749762297
2008-10-15,5.025703495351492,0.005025703495351492,1306682.908791388,1306203.1825358572,479.7262555307243
2008-10-16,6.397765072014391,0.006397765072014391,1663418.9187237415,1662808.2229505824,610.6957731591538
2008-10-17,6.3299629233569075,0.006329962923356907,1645790.3600727958,1645186.13632309,604.2237497058231
2008-10-18,6.121271075047574,0.006121271075047573,1591530.479512369,1590946.1763487149,584.3031636541709
2008-10-19,6.8042494981686135,0.006804249498168613,1769104.8695238393,1768455.3729635125,649.4965603267774
2008-10-20,6.888066986379327,0.006888066986379327,1790897.416458625,1790239.9191378467,657.4973207784351
2008-10-21,6.616160879498264,0.006616160879498264,1720201.8286695487,1719570.286023301,631.5426462476607
2008-10-22,6.820637449685533,0.006820637449685533,1773365.7369182385,1772714.676053407,651.0608648315538
2008-10-23,4.910128997491268,0.004910128997491267,1276633.5393477294,1276164.8452036523,468.6941440771334
2008-10-24,5.847665034504298,0.005847665034504298,1520392.9089711176,1519834.7227483937,558.186222723918
2008-10-25,5.662264682512684,0.005662264682512684,1472188.8174532978,1471648.3285373722,540.4889159256127
2008-10-26,4.641694051485197,0.004641694051485196,1206840.453386151,1206397.3825785122,443.07080763881095
2008-10-27,5.140649188626883,0.005140649188626883,1336568.7890429895,1336078.0906982627,490.69834472681396
2008-10-28,5.949460804593534,0.005949460804593534,1546859.809194319,1546291.9061023728,567.9030919461511
2008-10-29,5.886260461795557,0.0058862604617955575,1530427.720066845,1529865.849735054,561.8703317909967
2008-10-30,5.679856603589486,0.005679856603589486,1476762.7169332665,1476220.548788466,542.1681448004674
2008-10-31,5.2539344143340445,0.0052539344143340445,1366022.9477268516,1365521.4357921097,501.51193474186584
2008-11-01,5.935808350223372,0.005935808350223372,1543310.1710580767,1542743.5711549916,566.5999030850362
2008-11-02,6.373384559505031,0.006373384559505031,1657079.985471308,1656471.6169289504,608.3685423575807
2008-11-03,5.958008723111604,0.005958008723111604,1549082.2680090172,1548513.5489793727,568.7190296445042
2008-11-04,5.708085130220641,0.005708085130220641,1484102.1338573666,1483557.271171316,544.8626860505901
2008-11-05,5.555726308672374,0.005555726308672374,1444488.8402548172,1443958.5209112111,530.3193436060101
2008-11-06,5.831026086844833,0.005831026086844833,1516066.7825796567,1515510.1846201608,556.597959495848
2008-11-07,5.317572172007908,0.0053175721720079075,1382568.764722056,1382061.1782739197,507.5864481362514
2008-11-08,5.229238769233648,0.005229238769233648,1359602.0800007484,1359102.9253776472,499.1546231012326
2008-11-09,5.634791861255393,0.0056347918612553935,1465045.8839264023,1464508.0174162122,537.8665101900697
2008-11-10,4.918222416031028,0.004918222416031028,1278737.8281680674,1278268.3614703817,469.46669768565334
2008-11-11,5.621582816184614,0.005621582816184614,1461611.5322079996,1461074.9265612361,536.6056467634626
2008-11-12,5.346938489219119,0.005346938489219119,1390204.007196971,1389693.617600299,510.38959667203017
2008-11-13,5.077048905868096,0.005077048905868096,1320032.715525705,1319548.0881172214,484.6274084835313
2008-11-14,5.745144430252651,0.005745144430252651,1493737.5518656892,1493189.1517009048,548.4001647843979
2008-11-15,5.0635811612916335,0.005063581161291634,1316531.1019358248,1316047.7600848125,483.3418510123156
2008-11-16,4.805502063097922,0.004805502063097922,1249430.5364054597,1248971.8293781136,458.7070273461286
2008-11-17,4.735972820259039,0.004735972820259038,1231352.93326735,1230900.863122452,452.0701448980253
2008-11-18,4.709384902885844,0.004709384902885845,1224440.0747503196,1223990.5425430567,449.5322072629351
2008-11-19,5.236697431289574,0.005236697431289575,1361541.3321352894,1361041.465548973,499.8665863163769
2008-11-20,5.419478213551509,0.005419478213551509,1409064.3355233923,1408547.021680122,517.3138432702981
2008-11-21,4.036331602287773,0.004036331602287773,1049446.216594821,1049060.9303861465,385.28620867454447
2008-11-22,4.545011683373191,0.00454501168337319,1181703.0376770294,1181269.1956411384,433.84203589102253
2008-11-23,3.795391963890515,0.003795391963890515,986801.9106115339,986439.623187138,362.2874243959086
2008-11-24,4.252735910591745,0.004252735910591745,1105711.3367538536,1105305.3937697448,405.9429841088131
2008-11-25,4.519060218236631,0.004519060218236631,1174955.656741524,1174524.2918910077,431.36485051643103
2008-11-26,3.366403848958703,0.003366403848958703,875265.0007292627,874943.6621714749,321.3385577878216
2008-11-27,2.6217901117895845,0.0026217901117895847,681665.429065292,681415.1672752203,250.2617900717305
2008-11-28,4.690637371144679,0.004690637371144679,1219565.7164976166,1219117.9738275222,447.74267009436153
2008-11-29,4.975784240919773,0.004975784240919773,1293703.902639141,1293228.9414034786,474.9612356624566
2008-11-30,4.800494551530472,0.004800494551530472,1248128.5833979228,1247670.3543603302,458.2290375926532
2008-12-01,4.3764493697818025,0.0043764493697818025,1137876.8361432687,1137459.0841468314,417.7519964373205
2008-12-02,4.685592369748133,0.004685592369748133,1218254.0161345145,1217806.755032748,447.26110176648945
2008-12-03,5.26696435828947,0.00526696435828947,1369410.7331552622,1368907.9774531096,502.7557021526154
2008-12-04,4.191405831535992,0.004191405831535992,1089765.5161993578,1089365.427450224,400.08874913374893
2008-12-05,3.4091909596641456,0.0034091909596641458,886389.6495126779,886064.2267305775,325.42278210038785
2008-12-06,4.470713927459484,0.0044707139274594845,1162385.621139466,1161958.8711622832,426.74997718282975
2008-12-07,4.962288106037842,0.004962288106037841,1290194.9075698387,1289721.234601631,473.6729682076257
2008-12-08,3.5689658723937234,0.0035689658723937236,927931.1268223681,927590.4527981915,340.67402417666744
2008-12-09,4.776201557802807,0.004776201557802807,1241812.40502873,1241356.4948678731,455.9101608567871
2008-12-10,4.817902901869981,0.00481790290186998,1252654.7544861948,1252194.863742389,459.89074380579405
2008-12-11,4.5886082859881965,0.004588608285988197,1193038.154356931,1192600.150827043,438.0035298881121
2008-12-12,4.70768193256918,0.00470768193256918,1223997.3024679867,1223547.9328169855,449.3696510011796
2008-12-13,4.605360775075537,0.004605360775075537,1197393.8015196396,1196954.1988884779,439.6026311616879
2008-12-14,4.811146266481918,0.004811146266481919,1250898.029285299,1250438.78349307,459.24579222896136
2008-12-15,2.7889213921122633,0.0027889213921122634,725119.5619491885,724853.3467182969,266.21523089159746
2008-12-16,3.2292277031037178,0.003229227703103718,839599.2028069666,839290.9583361779,308.244470788748
2008-12-17,3.5415648361731673,0.0035415648361731672,920806.8574050235,920468.798934374,338.0584706495283
2008-12-18,3.177114520596951,0.003177114520596951,826049.7753552073,825746.5053246995,303.27003050781786
2008-12-19,4.453020797451994,0.004453020797451994,1157785.4073375184,1157360.346250063,425.06108745536767
2008-12-20,3.9383347456597795,0.0039383347456597795,1023967.0338715427,1023591.101908523,375.9319630196551
2008-12-21,2.631961626102622,0.0026319616261026224,684310.0227866818,684058.7900793088,251.232707372983
2008-12-22,4.026182955260246,0.0040261829552602465,1046807.5683676641,1046423.2508935045,384.3174741596449
2008-12-23,2.5789146418248547,0.002578914641824855,670517.8068744623,670271.6377429963,246.1691314659547
2008-12-24,4.350543335077088,0.004350543335077088,1131141.2671200428,1130725.9879724386,415.27914760424756
2008-12-25,4.996242994628104,0.0049962429946281035,1299023.1786033069,1298546.2644865566,476.91411675023846
2008-12-26,4.551302471302347,0.004551302471302347,1183338.6425386101,1182904.2000184008,434.4425202093553
2008-12-27,5.169726014714443,0.005169726014714443,1344128.763825755,1343635.2899657367,493.47386001842096
2008-12-28,3.9408637545336576,0.003940863754533658,1024624.5761787511,1024248.4028103325,376.17336841858923
2008-12-29,4.315585833945993,0.004315585833945992,1122052.316825958,1121640.3745308234,411.9422951345332
2008-12-30,4.150885617097458,0.004150885617097458,1079230.2604453391,1078834.0395349595,396.2209103796631
2008-12-31,4.290920953131143,0.004290920953131143,1115639.4478140972,1115229.8598940123,409.5879200848285
2009-01-01,3.989278004496961,0.003989278004496961,1037212.2811692097,1036831.4864404442,380.794728765497
2009-01-02,3.6299503548636003,0.0036299503548636,943787.0922645361,943440.5969941502,346.4952703858726
2009-01-03,4.527038941890836,0.004527038941890836,1177030.1248916173,1176597.9984356407,432.12645597662777
2009-01-04,3.5599656213131072,0.0035599656213131073,925591.061541408,925251.24663213,339.8149092779495
2009-01-05,2.770103292109721,0.002770103292109721,720226.8559485275,719962.4369908659,264.4189576616045
2009-01-06,5.337905825526732,0.0053379058255267325,1387855.5146369503,1387345.9872491083,509.5273878420703
2009-01-07,5.136541903992074,0.0051365419039920744,1335500.8950379393,1335010.5887522108,490.3062857284676
2009-01-08,4.915813668857211,0.004915813668857212,1278111.553902875,1277642.317131062,469.2367718128953
2009-01-09,4.1124299290661,0.0041124299290661,1069231.781557186,1068839.2314171253,392.55014006071724
2009-01-10,4.587271292549675,0.004587271292549675,1192690.5360629156,1192252.660155132,437.8759077836294
2009-01-11,4.375322087848833,0.0043753220878488324,1137583.7428406964,1137166.0984484465,417.6443922498729
2009-01-12,4.799282922190541,0.00479928292219054,1247813.5597695406,1247355.4463874788,458.1133820617106
2009-01-13,4.342104291673751,0.0043421042916737505,1128947.1158351752,1128532.6422326446,414.4736025305465
2009-01-14,4.369209486196224,0.0043692094861962245,1135994.4664110183,1135577.405494396,417.0609166221693
2009-01-15,3.292106246770304,0.003292106246770304,855947.624160279,855633.3776465256,314.2465137534309
2009-01-16,2.988619810336324,0.002988619810336324,777041.1506874443,776755.8733343048,285.2773531394778
2009-01-17,4.237407966538778,0.004237407966538778,1101726.0713000824,1101321.591437945,404.4798621374648
2009-01-18,5.110208874441857,0.005110208874441856,1328654.3073548826,1328166.5146765872,487.79267829540186
2009-01-19,5.574916317970001,0.005574916317970001,1449478.2426722003,1448946.0915549307,532.1511172696482
2009-01-20,5.380997652933825,0.005380997652933825,1399059.3897627946,1398545.7490640448,513.6406987498049
2009-01-21,5.0061391631846535,0.005006139163184654,1301596.18242801,1301118.323676963,477.85875104693696
2009-01-22,4.499972678543238,0.004499972678543238,1169992.8964212418,1169563.3535631993,429.5428580425214
2009-01-23,4.440339831890035,0.004440339831890035,1154488.356291409,1154064.5056597898,423.85063161933795
2009-01-24,4.947289822254042,0.004947289822254042,1286295.353786051,1285823.112472243,472.24131380813196
2009-01-25,5.359374724517188,0.0053593747245171885,1393437.428374469,1392925.8516825777,511.57669189129956
2009-01-26,4.085100457746536,0.004085100457746536,1062126.1190140995,1061736.1775963707,389.94141772878356
2009-01-27,2.7110856367660565,0.0027110856367660563,704882.2655591747,704623.4801051279,258.7854540467961
2009-01-28,4.719184891432645,0.004719184891432645,1226988.0717724878,1226537.6041117478,450.4676607400179
2009-01-29,5.215932804101991,0.005215932804101991,1356142.5290665177,1355644.6445583038,497.88450821395963
2009-01-30,4.655919796784298,0.004655919796784298,1210539.1471639175,1210094.7184441914,444.4287197261583
2009-01-31,5.34358014534471,0.00534358014534471,1389330.8377896245,1388820.768762149,510.06902747554705
2009-02-01,6.0394253360116865,0.0060394253360116865,1570250.5873630384,1569674.0967474098,576.4906156286597
2009-02-02,5.3966389240556545,0.0053966389240556545,1403126.1202544703,1402610.9865252555,515.13372921478
2009-02-03,5.292232849572834,0.005292232849572834,1375980.5408889367,1375475.37319437,505.1676945667714
2009-02-04,5.5977569701624486,0.005597756970162448,1455416.8122422367,1454882.480880836,534.331361400662
2009-02-05,6.051070170106538,0.006051070170106538,1573278.2442277,1572700.6420596961,577.6021680037957
2009-02-06,6.482506616226907,0.006482506616226907,1685451.7202189958,1684832.935480037,618.7847389588133
2009-02-07,5.028335836663348,0.005028335836663348,1307367.3175324704,1306887.3400079897,479.97752448078245
2009-02-08,4.8650657101041075,0.0048650657101041075,1264917.084627068,1264452.6919787198,464.3926483481191
2009-02-09,5.584201303224761,0.005584201303224761,1451892.3388384378,1451359.3014270975,533.0374113402795
2009-02-10,6.659399847350458,0.006659399847350458,1731443.960311119,1730808.290308739,635.6700023799203
2009-02-11,6.435822884826091,0.006435822884826092,1673313.9500547838,1672699.6214903048,614.3285644790158
2009-02-12,6.624767772677839,0.006624767772677839,1722439.6208962381,1721807.2566828923,632.3642133458052
2009-02-13,5.99352065182338,0.0059935206518233804,1558315.369474079,1557743.2606693306,572.1088047483936
2009-02-14,4.614721557812746,0.004614721557812745,1199827.6050313138,1199387.108870867,440.496160446899
2009-02-15,5.356270505732422,0.005356270505732422,1392630.3314904296,1392119.0511103391,511.28038009046577
2009-02-16,2.9802107241992726,0.0029802107241992727,774854.7882918109,774570.3136241877,284.47466762317345
2009-02-17,4.873491445875759,0.004873491445875759,1267107.7759276973,1266642.5790045494,465.196923147887
2009-02-18,6.608044941600515,0.006608044941600515,1718091.684816134,1717460.91687307,630.7679430639837
2009-02-19,5.805377253627486,0.005805377253627486,1509398.0859431464,1508843.936281432,554.1496617144439
2009-02-20,6.657573224818676,0.006657573224818676,1730969.0384528558,1730333.5428099039,635.4956429519225
2009-02-21,5.523242312198706,0.0055232423121987055,1436043.0011716634,1435515.782573258,527.2185984053649
2009-02-22,5.974315830177263,0.005974315830177263,1553322.1158460884,1552751.8402289096,570.2756171787623
2009-02-23,6.520588935040745,0.006520588935040745,1695353.1231105938,1694730.7032411057,622.4198694881052
2009-02-24,6.614517667567585,0.006614517667567586,1719774.5935675723,1719143.2077733767,631.3857941955794
2009-02-25,6.283491246890217,0.006283491246890217,1633707.7241914563,1633107.9363746226,599.7878168337047
2009-02-26,5.583067792573872,0.005583067792573872,1451597.6260692067,1451064.6968566133,532.9292125934735
2009-02-27,6.478381695594143,0.006478381695594143,1684379.2408544773,1683760.849857953,618.3909965243656
2009-02-28,6.880713195620418,0.0068807131956204175,1788985.4308613085,1788328.635493303,656.7953680055216
2009-03-01,5.686051530557089,0.005686051530557089,1478373.3979448432,1477830.6384660893,542.7594787538983
2009-03-02,7.02046359241404,0.00702046359241404,1825320.5340276505,1824650.3988486861,670.1351789643522
2009-03-03,7.431923835098387,0.007431923835098387,1932300.1971255806,1931590.786195131,709.4109304496087
2009-03-04,7.694156576085902,0.007694156576085902,2000480.7097823345,1999746.267544123,734.442238211399
2009-03-05,6.3588239890432625,0.006358823989043263,1653294.2371512484,1652687.2584815628,606.9786696855444
2009-03-06,6.353237363949476,0.006353237363949476,1651841.7146268638,1651235.2692259515,606.4454009123147
2009-03-07,4.301108244283453,0.004301108244283453,1118288.143513698,1117877.5831703409,410.5603433570359
2009-03-08,4.703123066842771,0.004703123066842771,1222811.9973791204,1222363.0628925867,448.934486533748
2009-03-09,6.192369469216118,0.006192369469216118,1610016.0619961906,1609424.9721674577,591.0898287328891
2009-03-10,4.053797996291089,0.004053797996291089,1053987.4790356832,1053600.525580264,386.95345541927963
2009-03-11,2.9937105334952654,0.0029937105334952654,778364.738708769,778078.9754229514,285.76328581757843
2009-03-12,2.600870682738566,0.002600870682738566,676226.3775120272,675978.1125765999,248.26493542722892
2009-03-13,2.6328424301229174,0.0026328424301229176,684539.0318319586,684287.715047836,251.31678412260953
2009-03-14,5.417269565559752,0.005417269565559752,1408490.0870455357,1407972.984027761,517.1030177746434
2009-03-15,6.147379854984409,0.006147379854984409,1598318.7622959465,1597731.9669305047,586.7953654418234
2009-03-16,7.033223706336609,0.007033223706336609,1828638.1636475183,1827966.810457647,671.3531898711808
2009-03-17,7.904637602170693,0.007904637602170693,2055205.7765643802,2054451.2429549613,754.533609418897
2009-03-18,5.743568387470488,0.005743568387470488,1493327.780742327,1492779.531017994,548.2497243329417
2009-03-19,7.005084367344094,0.0070050843673440935,1821321.9355094642,1820653.2683474775,668.6671619866975
2009-03-20,7.78864657427775,0.00778864657427775,2025048.1093122151,2024304.6475739358,743.4617382793222
2009-03-21,6.8101978847378115,0.006810197884737811,1770651.450031831,1770001.3856709527,650.0643608781975
2009-03-22,6.082516165158419,0.0060825161651584195,1581454.202941189,1580873.5991099412,580.6038312478922
2009-03-23,6.170926042242323,0.006170926042242323,1604440.770983004,1603851.7280269004,589.0429561035708
2009-03-24,7.909145307104264,0.007909145307104265,2056377.779847109,2055622.8159567532,754.9638903557789
2009-03-25,6.199494373629698,0.006199494373629698,1611868.5371437215,1611276.7672104582,591.7699332633056
2009-03-26,8.332544173316805,0.008332544173316804,2166461.485062369,2165666.1058246153,795.3792377538048
2009-03-27,8.915320811776922,0.008915320811776923,2317983.411062,2317132.403143637,851.0079183629714
2009-03-28,8.045692553209397,0.008045692553209397,2091880.0638344432,2091112.0658884298,767.9979460134637
2009-03-29,8.582350279714092,0.008582350279714091,2231411.072725664,2230591.848358936,819.2243667277507
2009-03-30,8.214435080538328,0.008214435080538329,2135753.1209399654,2134969.0157522773,784.1051876880229
2009-03-31,7.339556653139891,0.007339556653139891,1908284.7298163716,1907584.135753526,700.5940628456883
2009-04-01,8.45686066532827,0.00845686066532827,2198783.7729853503,2197976.5271730428,807.2458123075776
2009-04-02,9.33022966876641,0.009330229668766411,2425859.7138792668,2424969.1010234985,890.6128557682969
2009-04-03,8.981416610560915,0.008981416610560915,2335168.318745838,2334311.0016828775,857.317062960472
2009-04-04,8.849292368972021,0.008849292368972021,2300816.0159327257,2299971.310729526,844.7052031997591
2009-04-05,8.788655331441303,0.008788655331441303,2285050.386174739,2284211.4690525485,838.9171221903525
2009-04-06,4.113112951182926,0.004113112951182926,1069409.3673075608,1069016.7519699326,392.6153376281727
2009-04-07,8.36796634849587,0.00836796634849587,2175671.250608926,2174872.4901634515,798.760445474647
2009-04-08,8.226944528906342,0.008226944528906342,2139005.577515649,2138220.2782442216,785.2992714275606
2009-04-09,9.780570078557892,0.009780570078557892,2542948.2204250516,2542014.6205290207,933.5998960309662
2009-04-10,6.86491157186807,0.006864911571868071,1784877.0086856985,1784221.721654546,655.2870311525185
2009-04-11,7.013020430156222,0.007013020430156221,1823385.3118406176,1822715.8871453423,669.4246952752583
2009-04-12,9.558061833477039,0.009558061833477039,2485096.07670403,2484183.7162319594,912.3604720705189
2009-04-13,8.703669452768038,0.008703669452768037,2262954.05771969,2262123.2528861347,830.8048335551284
2009-04-14,8.599691294542172,0.008599691294542171,2235919.7365809646,2235098.856935505,820.8796454598196
2009-04-15,7.213216049606326,0.007213216049606327,1875436.1728976448,1874747.6386200034,688.5342776414473
2009-04-16,7.271124826976347,0.007271124826976347,1890492.4550138502,1889798.3930800396,694.0619338105898
2009-04-17,8.85360572221667,0.00885360572221667,2301937.4877763344,2301092.37084395,845.1169323842041
2009-04-18,9.363589774798806,0.009363589774798805,2434533.3414476896,2433639.5442180787,893.7972296108492
2009-04-19,8.948480978837093,0.008948480978837093,2326605.0544976443,2325750.881290523,854.1732071214356
2009-04-20,8.017211599253958,0.008017211599253959,2084475.0158060293,2083709.7364966022,765.2793094271328
2009-04-21,9.317774823408431,0.009317774823408431,2422621.454086192,2421732.030102058,889.4239841341041
2009-04-22,10.293292826726423,0.010293292826726424,2676256.13494887,2675273.5933346637,982.5416142065078
2009-04-23,5.881527438242366,0.005881527438242366,1529197.1339430152,1528635.7153998483,561.4185431669466
2009-04-24,8.047195167024595,0.008047195167024596,2092270.7434263949,2091502.6020490588,768.1413773361128
2009-04-25,7.770282556121897,0.007770282556121897,2020273.4645916931,2019531.7557824664,741.7088092267513
2009-04-26,8.430480714404947,0.008430480714404947,2191924.985745286,2191120.25801927,804.7277260161936
2009-04-27,5.473824492852839,0.005473824492852839,1423194.368141738,1422671.8666989414,522.5014427965507
2009-04-28,5.515258358064232,0.005515258358064232,1433967.1730967003,1433440.7166030281,526.4564936722163
2009-04-29,7.956237066085145,0.007956237066085146,2068621.637182138,2067862.178169214,759.459012923995
2009-04-30,7.942332081168685,0.007942332081168684,2065006.341103858,2064248.2093849843,758.1317188737448
2009-05-01,8.086589217287202,0.008086589217287202,2102513.1964946724,2101741.2947760746,771.9017185978591
2009-05-02,5.162532179161772,0.005162532179161772,1342258.3665820607,1341765.5794063634,492.7871756972745
2009-05-03,8.613649888514159,0.008613649888514159,2239548.9710136815,2238726.758956943,822.2120567383245
2009-05-04,7.529901480301763,0.007529901480301763,1957774.3848784585,1957055.6215361718,718.7633422866929
2009-05-05,6.888349323571592,0.006888349323571592,1790970.8241286138,1790313.2998574662,657.5242711475585
2009-05-06,9.874589751645463,0.009874589751645462,2567393.33542782,2566450.7609263915,942.5745014287531
2009-05-07,9.164081539734454,0.009164081539734454,2382661.2003309582,2381786.447069748,874.7532612103969
2009-05-08,9.615312130685487,0.009615312130685488,2499981.1539782267,2499063.328704913,917.8252733135596
2009-05-09,8.313854483830095,0.008313854483830095,2161602.1657958245,2160808.570573933,793.5952218915336
2009-05-10,9.686323586604034,0.009686323586604035,2518444.132517049,2517519.528877308,924.6036397409625
2009-05-11,6.263432303353094,0.006263432303353094,1628492.3988718044,1627894.5257723592,597.8730994451325
2009-05-12,9.696512399905133,0.009696512399905132,2521093.2239753343,2520167.647767025,925.5762083092704
2009-05-13,8.477653698042063,0.008477653698042063,2204189.9614909366,2203380.7308890894,809.2306018471718
2009-05-14,7.23426326599303,0.00723426326599303,1880908.4491581877,1880217.9058280194,690.5433301683515
2009-05-15,9.230587792935529,0.009230587792935528,2399952.8261632374,2399071.7245776886,881.1015855488367
2009-05-16,7.818974413599277,0.007818974413599277,2032933.347535812,2032186.9908673384,746.356668473687
2009-05-17,9.231805617551672,0.009231805617551672,2400269.4605634348,2399388.2427309877,881.2178324470297
2009-05-18,9.359545665423807,0.009359545665423807,2433481.8730101897,2432588.4618092114,893.4112009783275
2009-05-19,9.066195106209644,0.009066195106209644,2357210.7276145075,2356345.318058565,865.4095559427515
2009-05-20,9.129743137117206,0.009129743137117206,2373733.2156504733,2372861.7401459636,871.475504509639
2009-05-21,6.834355767492294,0.006834355767492294,1776932.4995479963,1776280.1292073391,652.3703406571876
2009-05-22,5.031367420103331,0.005031367420103331,1308155.529226866,1307675.2623239583,480.2669029077515
2009-05-23,7.457151023595512,0.007457151023595512,1938859.2661348332,1938147.4471545082,711.8189803250134
2009-05-24,9.039457275052259,0.00903945727505226,2350258.8915135874,2349396.0342052323,862.8573083551601
2009-05-25,7.618510787850425,0.007618510787850425,1980812.8048411105,1980085.5833374232,727.221503687324
2009-05-26,7.285686139409101,0.007285686139409101,1894278.3962463662,1893582.944369059,695.4518773071468
2009-05-27,7.825046540006919,0.007825046540006918,2034512.1004017987,2033765.1641212434,746.9362805553246
2009-05-28,9.438281422018962,0.009438281422018961,2453953.16972493,2453052.2428378947,900.9268870353699
2009-05-29,8.22260736932294,0.00822260736932294,2137877.9160239645,2137093.0307541443,784.8852698202245
2009-05-30,7.676470440226579,0.007676470440226579,1995882.3144589104,1995149.5604428032,732.7540161071811
2009-05-31,7.388551584084572,0.0073885515840845725,1921023.411861989,1920318.1410101557,705.2708518332802
2009-06-01,8.729278868376616,0.008729278868376615,2269612.50577792,2268779.2564091734,833.249368746765
2009-06-02,8.950084074170377,0.008950084074170377,2327021.859284298,2326167.533054436,854.3262298619375
2009-06-03,9.076347615627856,0.009076347615627856,2359850.3800632427,2358984.0014041024,866.3786591403186
2009-06-04,9.27859029857908,0.00927859029857908,2412433.4776305608,2411547.7939875326,885.6836430281401
2009-06-05,9.839111375314786,0.009839111375314786,2558168.957581844,2557229.769652792,939.1879290523939
2009-06-06,10.857404083313156,0.010857404083313156,2822925.0616614204,2821888.6730621946,1036.3885992257856
2009-06-07,7.344193070729614,0.007344193070729614,1909490.1983896997,1908789.1617597085,701.0366299911402
2009-06-08,8.519747744509273,0.008519747744509273,2215134.413572411,2214321.164902385,813.2486700261943
2009-06-09,6.676001646665771,0.006676001646665771,1735760.4281331005,1735123.1734134709,637.2547196296509
2009-06-10,9.31759714241164,0.00931759714241164,2422575.2570270263,2421685.8500033515,889.4070236748084
2009-06-11,9.092868716329768,0.009092868716329769,2364145.8662457396,2363277.910572399,867.955673340708
2009-06-12,9.533777137023472,0.009533777137023473,2478782.0556261027,2477872.0132387555,910.0423873472027
2009-06-13,10.74485122945656,0.01074485122945656,2793661.3196587055,2792635.6747412705,1025.6449174350128
2009-06-14,11.280640600798542,0.011280640600798541,2932966.5562076205,2931889.767757921,1076.7884496995248
2009-06-15,10.220641469969353,0.010220641469969352,2657366.782192032,2656391.175480246,975.6067117857747
2009-06-16,10.525346342226996,0.010525346342226996,2736590.0489790193,2735585.3568013785,1004.6921776407398
2009-06-17,9.263481969297896,0.009263481969297896,2408505.312017453,2407621.0705331676,884.2414842853323
2009-06-18,8.125726043501434,0.008125726043501433,2112688.7713103727,2111913.1338037187,775.6375066540204
2009-06-19,7.984978799751358,0.007984978799751359,2076094.4879353533,2075332.2853932336,762.2025421196595
2009-06-20,7.589926960589476,0.0075899269605894755,1973381.0097532636,1972656.5167058876,724.4930473759305
2009-06-21,8.825359115444781,0.008825359115444782,2294593.370015643,2293750.9493503408,842.4206653023139
2009-06-22,9.722088790559196,0.009722088790559196,2527743.0855453913,2526815.067954273,928.0175911183469
2009-06-23,10.220244062551759,0.010220244062551759,2657263.4562634574,2656287.887486017,975.5687774405815
2009-06-24,9.420536069277102,0.009420536069277102,2449339.378012046,2448440.144999636,899.2330124103464
2009-06-25,9.484294129324873,0.009484294129324873,2465916.473624467,2465011.154615253,905.3190092137083
2009-06-26,9.425334149959731,0.009425334149959731,2450586.8789895303,2449687.1879784972,899.6910110330209
2009-06-27,9.599084645080039,0.009599084645080039,2495762.00772081,2494845.7314348,916.2762860096991
2009-06-28,9.447016697018388,0.009447016697018388,2456224.341224781,2455322.5805160184,901.7607087623328
2009-06-29,9.202622695935608,0.009202622695935608,2392681.9009432583,2391803.4687534035,878.4321898547933
2009-06-30,6.1914746222186565,0.006191474622218657,1609783.4017768507,1609192.3973653335,591.0044115171768
2009-07-01,8.677823556780911,0.00867782355678091,2256234.1247630366,2255405.7870378005,828.3377252360806
2009-07-02,9.597453882328145,0.009597453882328145,2495338.0094053177,2494421.8887830293,916.1206222884357
2009-07-03,10.572486691322625,0.010572486691322625,2748846.5397438826,2747837.3478055266,1009.1919383560307
2009-07-04,11.034007885246245,0.011034007885246245,2868842.0501640234,2867788.803928709,1053.246235314291
2009-07-05,9.727190181557706,0.009727190181557707,2529069.447205004,2528140.9426629134,928.5045420904644
2009-07-06,8.997913168181139,0.008997913168181139,2339457.423727096,2338598.531992684,858.89173441194
2009-07-07,9.216286290605678,0.009216286290605679,2396234.4355574767,2395354.6991153685,879.7364421081729
2009-07-08,10.767480534016173,0.010767480534016173,2799544.938844205,2798517.133856732,1027.8049874729477
2009-07-09,10.989266512231206,0.010989266512231206,2857209.2931801137,2856160.3177123372,1048.975467776414
2009-07-10,10.903161010663407,0.010903161010663407,2834821.8627724857,2833781.106466442,1040.756306043826
2009-07-11,10.16729002561945,0.01016729002561945,2643495.406661057,2642524.8925872766,970.5140737802722
2009-07-12,10.537146042663506,0.010537146042663507,2739657.971092512,2738652.1525797998,1005.8185127121396
2009-07-13,10.603322008721232,0.010603322008721232,2756863.72226752,2755851.5869578794,1012.1353096407838
2009-07-14,10.868085060393884,0.010868085060393884,2825702.1157024098,2824664.7075553443,1037.4081470654346
2009-07-15,11.138632751879314,0.011138632751879313,2896044.5154886213,2894981.282333953,1063.2331546684727
2009-07-16,10.431173000148732,0.010431173000148732,2712104.9800386704,2711109.2771348315,995.7029038388282
2009-07-17,9.922210820899124,0.009922210820899124,2579774.813433772,2578827.6932847025,947.1201490694657
2009-07-18,8.533427010687449,0.008533427010687449,2218691.022778737,2217876.468360541,814.5544181959704
2009-07-19,8.746000831767475,0.008746000831767475,2273960.2162595433,2273125.3707033396,834.8455562037416
2009-07-20,8.958433078705795,0.008958433078705795,2329192.6004635068,2328337.477283191,855.1231803158298
2009-07-21,9.88661353274562,0.009886613532745621,2570519.5185138616,2569575.7962878426,943.7222260190174
2009-07-22,9.748272486071299,0.009748272486071298,2534550.8463785374,2533620.329434599,930.5169439385645
2009-07-23,9.302678436714787,0.009302678436714788,2418696.3935458446,2417808.4105804786,887.9829653659835
2009-07-24,9.965802749317035,0.009965802749317035,2591108.714822429,2590157.433625536,951.2811968931928
2009-07-25,10.442439904788824,0.010442439904788823,2715034.375245094,2714037.596863965,996.7783811287954
2009-07-26,9.923257912811703,0.009923257912811703,2580047.057331043,2579099.837232288,947.2200987548567
2009-07-27,9.564214462703749,0.009564214462703748,2486695.7603029744,2485782.812534462,912.9477685121819
2009-07-28,10.13930092061878,0.01013930092061878,2636218.239360883,2635250.3969744695,967.8423864133656
2009-07-29,7.925198615687913,0.007925198615687913,2060551.6400788575,2059795.143827187,756.4962516706437
2009-07-30,7.041501507859386,0.007041501507859386,1830790.3920434404,1830118.2486997664,672.143343674019
2009-07-31,8.131108977698528,0.008131108977698528,2114088.334201617,2113312.1828694125,776.1513322046958
2009-08-01,6.5836141066845855,0.006583614106684585,1711739.6677379922,1711111.2318292323,628.4359087599441
2009-08-02,7.218206765553617,0.0072182067655536175,1876733.7590439406,1876044.7483797641,689.0106641764287
2009-08-03,9.64360829827783,0.00964360829827783,2507338.1575522358,2506417.6312810346,920.5262712012045
2009-08-04,9.45909293771319,0.00945909293771319,2459364.1638054294,2458461.25036457,902.9134408594109
2009-08-05,10.085628067447548,0.010085628067447549,2622263.2975363624,2621300.5784678883,962.7190684741363
2009-08-06,10.313531607857954,0.010313531607857954,2681518.218043068,2680533.744545156,984.473497911822
2009-08-07,10.586255207137205,0.010586255207137204,2752426.353855673,2751415.8476498635,1010.5062058097683
2009-08-08,10.801472520780898,0.010801472520780899,2808382.8554030336,2807351.8057258283,1031.049677205272
2009-08-09,10.554629088162221,0.010554629088162222,2744203.562922178,2743196.07557326,1007.4873489178717
2009-08-10,10.249606666519018,0.010249606666519018,2664897.7332949447,2663919.3617234146,978.3715715301223
2009-08-11,9.664452547779645,0.009664452547779645,2512757.662422708,2511835.146473092,922.515949615743
2009-08-12,9.554317863468185,0.009554317863468186,2484122.644501728,2483210.6414086223,912.0030931057408
2009-08-13,8.3101299284152,0.0083101299284152,2160633.781387952,2159840.541691814,793.2396961380728
2009-08-14,9.753851611817105,0.009753851611817105,2536001.4190724473,2535070.3695755824,931.0494968649
2009-08-15,9.898894278520565,0.009898894278520564,2573712.5124153467,2572767.617936291,944.894479055889
2009-08-16,10.134162006109596,0.010134162006109596,2634882.121588495,2633914.769734843,967.3518536519259
2009-08-17,9.996378462458459,0.009996378462458459,2599058.4002391994,2598104.2004514285,954.1997877708636
2009-08-18,10.302104342110876,0.010302104342110877,2678547.128948828,2677563.746235403,983.3827134249732
2009-08-19,10.143672866097038,0.010143672866097037,2637354.9451852296,2636386.6854767366,968.2597084930167
2009-08-20,9.522403895248699,0.009522403895248699,2475825.0127646616,2474916.056004967,908.956759694498
2009-08-21,8.978562135340123,0.008978562135340123,2334426.155188432,2333569.1105981134,857.0445903185755
2009-08-22,9.536985902211065,0.009536985902211064,2479616.334574877,2478705.985896299,910.3486785776913
2009-08-23,9.70281872299049,0.009702818722990489,2522732.867977527,2521806.689801998,926.1781755289994
2009-08-24,10.073333625245628,0.010073333625245628,2619066.7425638633,2618105.1970558125,961.5455080508254
2009-08-25,9.61087226629392,0.00961087226629392,2498826.7892364194,2497909.3877683547,917.401468064636
2009-08-26,9.429097209073928,0.00942909720907393,2451565.2743592216,2450665.2241470814,900.0502121401951
2009-08-27,8.892338779613464,0.008892338779613464,2312008.0826995005,2311159.26852063,848.8141788705252
2009-08-28,6.955448357770594,0.006955448357770594,1808416.5730203544,1807752.6438412261,663.9291791282594
2009-08-29,6.7886930773134955,0.006788693077313495,1765060.2001015088,1764412.188472303,648.0116292056628
2009-08-30,7.113683583314194,0.007113683583314195,1849557.7316616906,1848878.6982106303,679.0334510602988
2009-08-31,7.197715258278417,0.007197715258278417,1871405.9671523885,1870718.912495777,687.0546566115227
2009-09-01,8.114990299871481,0.00811499029987148,2109897.477966585,2109122.8652354865,774.6127310986631
2009-09-02,6.6868480858756145,0.006686848085875614,1738580.5023276596,1737942.2122660778,638.2900615818799
2009-09-03,7.438083547528001,0.007438083547528001,1933901.7223572803,1933191.723454265,709.9989030153956
2009-09-04,7.419675242070559,0.007419675242070559,1929115.5629383451,1928407.3211918066,708.2417465385515
2009-09-05,4.716753256631814,0.0047167532566318145,1226355.8467242718,1225905.6111741324,450.2355501393322
2009-09-06,7.317010124025717,0.0073170101240257164,1902422.6322466864,1901724.190352586,698.4418941002805
2009-09-07,8.381884524377769,0.00838188452437777,2179289.9763382203,2178489.8873395575,800.0889986627735
2009-09-08,7.011360169153321,0.007011360169153321,1822953.6439798635,1822284.3777640518,669.2662158117164
2009-09-09,6.229686986398197,0.0062296869863981965,1619718.616463531,1619123.964508063,594.6519554681145
2009-09-10,5.725012447342304,0.0057250124473423045,1488503.2363089991,1487956.7578335437,546.4784754554275
2009-09-11,5.761311747861866,0.005761311747861866,1497941.054444085,1497391.111035306,549.9434087791014
2009-09-12,7.040377913909512,0.007040377913909512,1830498.2576164731,1829826.2215249517,672.0360915213823
2009-09-13,6.911334453593699,0.006911334453593699,1796946.9579343616,1796287.2396280172,659.7183063444681
2009-09-14,7.776553099110576,0.007776553099110576,2021903.8057687497,2021161.4984076761,742.3073610735592
2009-09-15,7.44419996780306,0.00744419996780306,1935491.9916287956,1934781.4088856475,710.5827431480866
2009-09-16,7.591913638763486,0.007591913638763485,1973897.5460785062,1973172.863393663,724.6826848431956
2009-09-17,7.720902994933394,0.007720902994933394,2007434.7786826824,2006697.7833771494,736.9953055330552
2009-09-18,6.903623272201037,0.006903623272201037,1794942.0507722697,1794283.0685332597,658.9822390100453
2009-09-19,5.748682396850168,0.005748682396850168,1494657.4231810437,1494108.6853012568,548.7378797868732
2009-09-20,7.031183437095204,0.007031183437095204,1828107.693644753,1827436.53520786,671.1584368930198
2009-09-21,8.017291795468255,0.008017291795468255,2084495.8668217463,2083730.579857226,765.2869645203464
2009-09-22,4.315968849104926,0.004315968849104926,1122151.9007672807,1121739.9219116075,411.97885567322373
2009-09-23,4.3812322965276715,0.004381232296527672,1139120.3970971948,1138702.1885486469,418.2085485479329
2009-09-24,3.4602200733305004,0.0034602200733305005,899657.2190659301,899326.9253228499,330.2937430802267
2009-09-25,6.098688375942726,0.006098688375942726,1585658.9777451088,1585076.8302027904,582.1475423183292
2009-09-26,7.534482645169717,0.0075344826451697175,1958965.4877441265,1958246.287108818,719.2006353083998
2009-09-27,7.854507568975413,0.007854507568975414,2042171.9679336075,2041422.2194638485,749.7484697590116
2009-09-28,7.951262418722776,0.007951262418722776,2067328.2288679217,2066569.2447077134,758.9841602083761
2009-09-29,6.866217883591233,0.006866217883591233,1785216.6497337206,1784561.238009173,655.4117245476227
2009-09-30,6.724666385214262,0.006724666385214262,1748413.260155708,1747771.3601654568,641.8999902512878
2009-10-01,4.442199148775543,0.004442199148775542,1154971.778681641,1154547.7505697687,424.02811187226325
2009-10-02,5.8568956310355675,0.0058568956310355675,1522792.8640692476,1522233.796744104,559.0673251436092
2009-10-03,2.7557109142370444,0.0027557109142370443,716484.8377016315,716221.7925618944,263.045139737078
2009-10-04,5.224085977346763,0.005224085977346763,1358262.3541101585,1357763.6913444777,498.6627656808123
2009-10-05,7.140069045178645,0.007140069045178645,1856417.9517464477,1855736.3996830515,681.5520633962005
2009-10-06,4.239318918737574,0.004239318918737574,1102222.9188717692,1101818.2566005534,404.66227121581323
2009-10-07,6.279682915116978,0.006279682915116978,1632717.5579304143,1632118.1336361687,599.4242942456622
2009-10-08,6.4855475090249435,0.006485547509024943,1686242.3523464852,1685623.2773404787,619.0750060065184
2009-10-09,7.268514380496877,0.007268514380496877,1889813.738929188,1889119.9261743664,693.8127548217308
2009-10-10,5.613888624464887,0.005613888624464887,1459611.0423608706,1459075.1711597,535.8712011706084
2009-10-11,4.049079098328563,0.004049079098328563,1052760.5655654264,1052374.0625502793,386.50301514705643
2009-10-12,3.8459663062011584,0.0038459663062011583,999951.2396123011,999584.1246369195,367.1149753816426
2009-10-13,5.299989278321743,0.005299989278321743,1377997.2123636531,1377491.3042826862,505.90808096691035
2009-10-14,6.42978097626098,0.00642978097626098,1671743.0538278546,1671129.3019910266,613.7518368279561
2009-10-15,7.565562161034359,0.007565562161034359,1967046.1618689334,1966323.994552486,722.167316447245
2009-10-16,6.713858672527427,0.006713858672527427,1745603.2548571308,1744962.386512209,640.8683449218515
2009-10-17,6.409773354903352,0.006409773354903352,1666541.0722748716,1665929.230256497,611.8420183747075
2009-10-18,7.093731869099817,0.007093731869099817,1844370.2859659526,1843693.1569967545,677.1289691980928
2009-10-19,7.133231447770411,0.007133231447770411,1854640.176420307,1853959.2770366808,680.8993836261798
2009-10-20,6.913449368228803,0.006913449368228803,1797496.8357394887,1796836.9155549237,659.9201845650095
2009-10-21,4.052626412200436,0.004052626412200435,1053682.8671721132,1053296.0255497238,386.84162238938734
2009-10-22,6.692198860727605,0.006692198860727605,1739971.7037891774,1739332.9029718006,638.8008173767012
2009-10-23,5.267934932239585,0.005267934932239585,1369663.0823822923,1369160.2340344419,502.84834785037674
2009-10-24,6.610260393204807,0.006610260393204807,1718667.7022332498,1718036.7228152542,630.9794179955497
2009-10-25,5.142630955923002,0.005142630955923002,1337084.0485399805,1336593.161026552,490.8875134284608
2009-10-26,4.011982725822519,0.004011982725822519,1043115.508713855,1042732.5467161778,382.9619976771064
2009-10-27,5.945303715817515,0.0059453037158175145,1545778.9661125538,1545211.4598336378,567.5062789160293
2009-10-28,6.481775002104891,0.006481775002104891,1685261.5005472717,1684642.785644208,618.7149030636065
2009-10-29,6.198042963688868,0.006198042963688868,1611491.1705591057,1610899.5391695222,591.631389583461
2009-10-30,6.068165498701575,0.006068165498701574,1577723.0296624093,1577143.7956675417,579.2339948676527
2009-10-31,5.336750793869238,0.005336750793869238,1387555.206406002,1387045.7892711845,509.4171348174568
2009-11-01,5.8735212526569756,0.005873521252656976,1527115.5256908138,1526554.8713744732,560.6543163405731
2009-11-02,5.671855452733532,0.005671855452733532,1474682.4177107182,1474141.0133121563,541.404398561921
2009-11-03,5.155972204299857,0.005155972204299857,1340552.773117963,1340060.612121701,492.1609962619841
2009-11-04,5.655818258568598,0.005655818258568598,1470512.7472278355,1469972.8736523937,539.8735754417721
2009-11-05,5.720715901353339,0.005720715901353339,1487386.134351868,1486840.0660012679,546.0683506000787
2009-11-06,6.02236918613395,0.00602236918613395,1565815.9883948269,1565241.1258662755,574.8625285513699
2009-11-07,5.5247909306834595,0.00552479093068346,1436445.6419776995,1435918.2755566167,527.3664210827556
2009-11-08,3.237789671934305,0.003237789671934305,841825.3147029193,841516.2529532658,309.0617496535415
2009-11-09,4.027525205511497,0.004027525205511497,1047156.5534329893,1046772.1078349387,384.4455980506027
2009-11-10,4.891781331945366,0.004891781331945367,1271863.1463057953,1271396.2035298396,466.94277595565654
2009-11-11,4.952049751631389,0.004952049751631389,1287532.9354241611,1287060.2397534456,472.6956707155332
2009-11-12,5.090261636527458,0.005090261636527458,1323468.025497139,1322982.1368734227,485.88862371630967
2009-11-13,4.8841167345729115,0.004884116734572911,1269870.3509889569,1269404.139833679,466.2111552779097
2009-11-14,3.909973517202242,0.003909973517202242,1016593.1144725828,1016219.8897178064,373.2247547764564
2009-11-15,5.07914207975453,0.00507914207975453,1320576.9407361778,1320092.113524727,484.8272114507854
2009-11-16,5.540602549621172,0.005540602549621173,1440556.662901505,1440027.7871894832,528.8757120217197
2009-11-17,4.727233937342646,0.004727233937342646,1229080.823709088,1228629.5877303088,451.2359787791502
2009-11-18,5.286544180050832,0.0052865441800508325,1374501.4868132165,1373996.8621280277,504.6246851887554
2009-11-19,4.798476387687614,0.004798476387687614,1247603.8607987796,1247145.8244041044,458.0363946752623
2009-11-20,3.142756003847296,0.003142756003847296,817116.561000297,816816.5706464754,299.990353821544
2009-11-21,4.91604503321401,0.00491604503321401,1278171.7086356424,1277702.4497790495,469.2588565929327
2009-11-22,4.2901645971871245,0.004290164597187124,1115442.7952686523,1115033.2795461821,409.5157224701252
2009-11-23,2.6968913659740315,0.0026968913659740313,701191.7551532482,700934.3246069041,257.4305463441415
2009-11-24,4.714292692712615,0.004714292692712615,1225716.1001052798,1225266.0994271573,450.00067812250927
2009-11-25,4.291656125212303,0.004291656125212304,1115830.592555199,1115420.9344595955,409.65809560357593
2009-11-26,3.2673186869933057,0.003267318686993306,849502.8586182595,849190.9781898207,311.8804284388898
2009-11-27,3.1969879446625535,0.0031969879446625536,831216.8656122639,830911.6985730447,305.1670392191736
2009-11-28,4.642616751731667,0.004642616751731668,1207080.3554502337,1206637.19656666,443.15888357372023
2009-11-29,2.7906613350810883,0.002790661335081088,725571.9471210829,725305.5658047217,266.38131636125036
2009-11-30,2.199870593366497,0.002199870593366497,571966.3542752892,571756.366622141,209.98765314824414
2009-12-01,2.229643449039935,0.002229643449039935,579707.2967503831,579494.4671427539,212.8296076292172
2009-12-02,3.3233916815087627,0.003323391681508763,864081.8371922784,863764.604341493,317.2328507853672
2009-12-03,2.109670426833135,0.002109670426833135,548514.3109766151,548312.9333395928,201.3776370222913
2009-12-04,2.285236912081375,0.0022852369120813752,594161.5971411576,593943.460884642,218.13625651563052
2009-12-05,3.9664505386084543,0.0039664505386084545,1031277.1400381982,1030898.524294871,378.6157433271874
2009-12-06,4.233971267628898,0.004233971267628898,1100832.5295835135,1100428.377769917,404.15181359648705
2009-12-07,2.91350844299688,0.00291350844299688,757512.1951791889,757234.0875476685,278.10763152036816
2009-12-08,3.2004824101701743,0.0032004824101701745,832125.4266442454,831819.9260424006,305.5006018447457
2009-12-09,3.5907533728856547,0.0035907533728856546,933595.8769502701,933253.123210082,342.7537401882
2009-12-10,2.8212917205974737,0.0028212917205974737,733535.8473553432,733266.5422293774,269.3051259657368
2009-12-11,2.2799217542210166,0.0022799217542210167,592779.6560974644,592562.0271969399,217.62890052446164
2009-12-12,3.0150755569987644,0.0030150755569987643,783919.6448196787,783631.8421451997,287.8026744790841
2009-12-13,3.53683522655843,0.0035368352265584303,919577.1589051919,919239.5518972904,337.6070079015335
2009-12-14,2.649143710451205,0.002649143710451205,688777.3647173133,688524.4919018452,252.87281546811573
2009-12-15,3.3568796538848105,0.0033568796538848106,872788.7100100508,872468.2805799989,320.42943005193956
2009-12-16,2.942443410366474,0.002942443410366474,765035.2866952833,764754.4170895312,280.8696057520574
2009-12-17,3.701345596273411,0.003701345596273411,962349.8550310868,961996.5447602028,353.31027088407427
2009-12-18,3.931607396611091,0.003931607396611091,1022217.9231188837,1021842.6333119269,375.28980695689097
2009-12-19,2.1180700213060377,0.0021180700213060378,550698.2055395698,550496.0261230537,202.17941651609726
2009-12-20,4.186787284033136,0.004186787284033136,1088564.6938486155,1088165.0459608461,399.64788776938803
2009-12-21,3.921779546973486,0.003921779546973486,1019662.6822131063,1019288.3305190944,374.35169401194435
2009-12-22,2.526043203696987,0.0025260432036969867,656771.2329612166,656530.1106489792,241.12231223739218
2009-12-23,3.46453737162154,0.00346453737162154,900779.7166216004,900449.0107727633,330.7058488371549
2009-12-24,5.086599591909942,0.005086599591909942,1322515.8938965849,1322030.3548316823,485.5390649025794
2009-12-25,3.864329429146021,0.003864329429146021,1004725.6515779655,1004356.7837589832,368.867818982224
2009-12-26,3.7868930995294043,0.003786893099529404,984592.205877645,984230.7297085052,361.4761691398453
2009-12-27,3.5562804463704714,0.003556280446370471,924632.9160563225,924293.452913753,339.4631425695261
2009-12-28,3.622196593810521,0.003622196593810521,941771.1143907355,941425.3592521063,345.75513862923253
2009-12-29,2.1769691990810958,0.0021769691990810957,566011.9917610849,565804.1901501768,207.8016109081218
2009-12-30,3.903069814929321,0.003903069814929321,1014798.1518816234,1014425.586116627,372.565764996456
2009-12-31,5.02541729096028,0.00502541729096028,1306608.4956496728,1306128.7967136528,479.6989360200241
2010-01-01,4.044386148223662,0.004044386148223662,1051540.3985381522,1051154.3434864362,386.05505171604455
2010-01-02,4.038111106507752,0.004038111106507752,1049908.8876920154,1049523.43162157,385.45607044547796
2010-01-03,2.543631500077873,0.002543631500077873,661344.190020247,661101.3888251286,242.80119511845987
2010-01-04,2.888877687886542,0.0028888776878865418,751108.1988505009,750832.4423365764,275.75651392445434
2010-01-05,4.2569792196619245,0.004256979219661924,1106814.5971121003,1106408.2490848422,406.3480272581801
2010-01-06,2.98185679888262,0.00298185679888262,775282.7677094812,774998.1359165432,284.6317929379875
2010-01-07,3.5257731019822955,0.0035257731019822957,916701.0065153969,916364.4554375967,336.5510778002208
2010-01-08,2.0926213904147057,0.0020926213904147056,544081.5615078234,543881.8112788663,199.75022895715665
2010-01-09,3.616066347197075,0.003616066347197075,940177.2502712396,939832.0802925299,345.1699787096586
2010-01-10,4.23830200601025,0.00423830200601025,1101958.521562665,1101553.956360394,404.56520227110013
2010-01-11,3.654616705620369,0.0036546167056203693,950200.343461296,949851.4936755479,348.8497857481707
2010-01-12,1.9487459886967495,0.0019487459886967495,506673.9570611549,506487.94039363705,186.0166675178334
2010-01-13,2.957133869313868,0.0029571338693138677,768854.8060216056,768572.5341447348,282.27187687077094
2010-01-14,2.041178366971019,0.002041178366971019,530706.375412465,530511.5356540583,194.83975840662606
2010-01-15,2.5118025274756373,0.0025118025274756374,653068.6571436657,652828.8941687403,239.76297492545564
2010-01-16,4.5789389219130765,0.0045789389219130765,1190524.1196974,1190087.039152289,437.08054511086084
2010-01-17,4.461906048561801,0.004461906048561801,1160095.5726260683,1159669.6634009844,425.9092250838876
2010-01-18,3.201239032040854,0.003201239032040854,832322.1483306221,832016.5755057788,305.5728248433443
2010-01-19,2.1938286835244876,0.0021938286835244875,570395.4577163667,570186.0467909916,209.41092537518125
2010-01-20,3.4069756047310285,0.0034069756047310283,885813.6572300673,885488.4459136707,325.2113163965987
2010-01-21,5.243977689519105,0.005243977689519105,1363434.1992749674,1362933.6377548925,500.56152007495984
2010-01-22,4.89954810188372,0.00489954810188372,1273882.5064897672,1273414.8223402977,467.6841494694818
2010-01-23,4.752410767812167,0.004752410767812167,1235626.7996311632,1235173.1604094114,453.6392217518296
2010-01-24,6.224360691583094,0.006224360691583094,1618333.7798116044,1617739.6362752004,594.143536404008
2010-01-25,4.892637843537347,0.004892637843537348,1272085.8393197104,1271618.8147858279,467.02453388250433
2010-01-26,5.326124499676227,0.005326124499676226,1384792.3699158188,1384283.9671091104,508.40280670835637
2010-01-27,3.0216729585319833,0.0030216729585319834,785634.9692183157,785346.5367918552,288.43242646043655
2010-01-28,4.517027620842449,0.004517027620842449,1174427.1814190368,1173996.0105891859,431.1708298509475
2010-01-29,5.682525717393415,0.0056825257173934145,1477456.6865222878,1476914.2635984358,542.4229238519911
2010-01-30,4.697546700974653,0.004697546700974654,1221362.14225341,1220913.7400563597,448.40219705039635
2010-01-31,4.627103351940622,0.004627103351940622,1203046.8715045617,1202605.193445553,441.67805900867097
2010-02-01,2.8855030202805008,0.0028855030202805006,750230.7852729302,749955.3508863767,275.43438655347563
2010-02-02,2.7636943088320263,0.002763694308832026,718560.5202963267,718296.713105267,263.80719105969183
2010-02-03,2.531978699740336,0.002531978699740336,658314.4619324873,658072.773050158,241.68888232926838
2010-02-04,3.342011187480776,0.003342011187480776,868922.9087450018,868603.8985776899,319.010167311877
2010-02-05,5.402543075401669,0.0054025430754016685,1404661.1996044337,1404145.5022971209,515.6973073128611
2010-02-06,5.011045390599774,0.005011045390599774,1302871.8015559413,1302393.4744831743,478.32707276707515
2010-02-07,3.268424633249098,0.003268424633249098,849790.4046447654,849478.4186487267,311.9859960387694
2010-02-08,5.471705947107844,0.005471705947107844,1422643.5462480395,1422121.2470300694,522.2992179701105
2010-02-09,4.026492713650897,0.004026492713650897,1046888.1055492332,1046503.7585072264,384.3470420067897
2010-02-10,3.332967306965598,0.003332967306965598,866571.4998110555,866253.3529232703,318.146887785173
2010-02-11,2.779478622103701,0.002779478622103701,722664.4417469623,722399.1278714137,265.31387554854155
2010-02-12,4.85132551620214,0.00485132551620214,1261344.6342125565,1260881.5531282066,463.08108434989117
2010-02-13,5.089600314281691,0.0050896003142816915,1323296.08171324,1322810.2562157395,485.8254975003656
2010-02-14,5.414520118516258,0.0054145201185162575,1407775.230814227,1407258.3902436772,516.8405705497134
2010-02-15,4.928612452366829,0.004928612452366829,1281439.2376153755,1280968.7791414678,470.4584739077836
2010-02-16,4.815629733923504,0.004815629733923504,1252063.730820111,1251604.0570605241,459.67375958687626
2010-02-17,5.532027657680056,0.005532027657680056,1438327.1909968148,1437799.1337972274,528.057199587347
2010-02-18,5.452171278533601,0.005452171278533601,1417564.5324187363,1417044.0978737252,520.4345450110268
2010-02-19,4.536779585227227,0.004536779585227226,1179562.6921590788,1179129.6359143953,433.05624468345195
2010-02-20,5.418019632715941,0.005418019632715941,1408685.1045061445,1408167.9298910485,517.174615096068
2010-02-21,6.716169168997442,0.006716169168997442,1746203.983939335,1745562.895047017,641.0888923180755
2010-02-22,5.687773918200354,0.0056877739182003536,1478821.2187320918,1478278.2948436039,542.9238884879742
2010-02-23,3.117553371485782,0.003117553371485782,810563.8765863033,810266.2919383623,297.58464794105384
2010-02-24,5.682807941244295,0.005682807941244295,1477530.0647235166,1476987.6148601144,542.4498634021729
2010-02-25,5.880935745387026,0.005880935745387026,1529043.2938006266,1528481.9317372337,561.3620633929968
2010-02-26,6.616215904954616,0.0066162159049546155,1720216.1352882,1719584.5873895222,631.5478986778762
2010-02-27,5.935444607573268,0.0059354446075732675,1543215.5979690496,1542649.0327868548,566.5651821948122
2010-02-28,6.8652563810324825,0.006865256381032483,1784966.6590684454,1784311.33912369,655.319944755407
2010-03-01,6.113814842969779,0.006113814842969779,1589591.8591721423,1589008.2677397511,583.5914323912002
2010-03-02,5.775383945910746,0.005775383945910746,1501599.8259367938,1501048.5392727104,551.2866640833672
2010-03-03,6.3198779053593555,0.006319877905359356,1643168.2553934325,1642564.9943045613,603.2610888711642
2010-03-04,6.762378099645346,0.006762378099645346,1758218.30590779,1757572.8061628835,645.4997449065559
2010-03-05,3.4451976237469926,0.0034451976237469925,895751.3821742181,895422.5223922727,328.8597819453571
2010-03-06,3.164972489475075,0.003164972489475075,822892.8472635194,822590.7362451042,302.1110184151912
2010-03-07,3.7339152686107364,0.0037339152686107365,970817.9698387915,970461.5506445561,356.4191942354664
2010-03-08,6.60810036052811,0.0066081003605281095,1718106.0937373084,1717475.3205042556,630.7732330528088
2010-03-09,7.344613402655758,0.007344613402655758,1909599.4846904972,1908898.407937912,701.0767525851261
2010-03-10,7.873777939908457,0.007873777939908457,2047182.2643761989,2046430.6764618927,751.5879143062048
2010-03-11,7.863908385189327,0.007863908385189328,2044616.1801492253,2043865.5343288037,750.6458204216324
2010-03-12,7.2896328367553505,0.007289632836755351,1895304.5375563912,1894608.7089488728,695.8286075184587
2010-03-13,6.765264071233612,0.006765264071233612,1758968.658520739,1758322.8832967188,645.775224020239
2010-03-14,7.249734040330266,0.007249734040330267,1884930.8504858695,1884238.8303999295,692.0200859399047
2010-03-15,2.8686400083272323,0.002868640008327232,745846.4021650803,745572.5774297108,273.8247353695333
2010-03-16,4.9735393706291395,0.004973539370629139,1293120.2363635763,1292645.4894109927,474.7469525835477
2010-03-17,7.173848260724711,0.007173848260724711,1865200.5477884249,1864515.7713452769,684.7764431480318
2010-03-18,7.326517013492222,0.007326517013492222,1904894.4235079777,1904195.0741380407,699.3493699370883
2010-03-19,6.677350422733891,0.006677350422733891,1736111.1099108115,1735473.726444372,637.3834664395545
2010-03-20,6.633659570205228,0.006633659570205228,1724751.4882533592,1724118.2752774996,633.212975859642
2010-03-21,7.702956526847082,0.007702956526847082,2002768.6969802412,2002033.4147467075,735.2822335336823
2010-03-22,7.3401701447808065,0.007340170144780806,1908444.2376430098,1907743.5850195966,700.6526234131306
2010-03-23,7.160630220335481,0.007160630220335481,1861763.857287225,1861080.342566148,683.5147210771684
2010-03-24,6.54004171538646,0.00654004171538646,1700410.8460004795,1699786.5692746362,624.276725843316
2010-03-25,7.551807477782293,0.007551807477782293,1963469.944223396,1962749.0898540213,720.8543693746906
2010-03-26,8.495537214873526,0.008495537214873526,2208839.675867117,2208028.7382022543,810.9376648627222
2010-03-27,8.533441799396185,0.008533441799396184,2218694.8678430077,2217880.3120131623,814.5558298453689
2010-03-28,7.940950972744133,0.007940950972744134,2064647.2529134748,2063889.2530276815,757.9998857933097
2010-03-29,7.871788974410592,0.007871788974410591,2046665.133346754,2045913.7352882503,751.3980585036334
2010-03-30,8.57117339276968,0.00857117339276968,2228505.082120117,2227686.9246380804,818.1574820363894
2010-03-31,8.776695632779008,0.008776695632779007,2281940.864522542,2281103.0890079816,837.775514560286
2010-04-01,5.464966302561089,0.005464966302561089,1420891.2386658832,1420369.582777637,521.6558882461395
2010-04-02,8.143246841094467,0.008143246841094466,2117244.178684561,2116466.868738092,777.3099464690313
2010-04-03,8.045833017157921,0.008045833017157921,2091916.5844610597,2091148.5731071234,768.0113539362792
2010-04-04,7.787387033902611,0.007787387033902611,2024720.6288146789,2023977.2873052568,743.3415094220545
2010-04-05,6.166506420508371,0.006166506420508372,1603291.6693321767,1602703.048249068,588.6210831087083
2010-04-06,4.807534800996401,0.004807534800996402,1249959.0482590643,1249500.147197641,458.9010614233557
2010-04-07,9.229507290729225,0.009229507290729225,2399671.8955895985,2398790.897142899,880.9984466992319
2010-04-08,7.7321573574914035,0.007732157357491404,2010360.9129477649,2009622.8433621407,738.0695856241509
2010-04-09,8.325133132298673,0.008325133132298672,2164534.614397655,2163739.9425774715,794.6718201832846
2010-04-10,8.531561829442513,0.008531561829442513,2218206.0756550534,2217391.69927689,814.3763781632297
2010-04-11,4.142619458117594,0.004142619458117594,1077081.0591105744,1076685.6272426639,395.43186791054904
2010-04-12,4.975059850750619,0.004975059850750619,1293515.561195161,1293040.6691058348,474.8920893261675
2010-04-13,4.221331681307061,0.00422133168130706,1097546.2371398357,1097143.2918322384,402.94530759728514
2010-04-14,4.240001379685408,0.004240001379685408,1102400.3587182062,1101995.631302989,404.7274152170867
2010-04-15,6.687115705560342,0.006687115705560342,1738650.083445689,1738011.767838591,638.3156070979312
2010-04-16,6.280079524891688,0.006280079524891688,1632820.676471839,1632221.2143193865,599.4621524524409
2010-04-17,6.599138543935515,0.006599138543935516,1715776.0214232341,1715146.1036363335,629.9177869006526
2010-04-18,7.478510065821066,0.007478510065821066,1944412.6171134773,1943698.7593154311,713.8577980461996
2010-04-19,6.419608192658065,0.006419608192658065,1669098.130091097,1668485.3492927297,612.7807983672246
2010-04-20,6.677640046175,0.006677640046175,1736186.4120055,1735549.0008931856,637.411112314323
2010-04-21,8.193481504138395,0.008193481504138395,2130305.1910759825,2129523.086002459,782.1050735237077
2010-04-22,6.758565374019284,0.006758565374019284,1757226.9972450137,1756581.8614421084,645.1358029053081
2010-04-23,8.52553255551973,0.00852553255551973,2216638.46443513,2215824.6635785834,813.8008565464988
2010-04-24,9.589675420105001,0.009589675420105002,2493315.6092273006,2492400.231094608,915.3781326925382
2010-04-25,8.604718816547482,0.008604718816547481,2237226.892302345,2236405.5327570443,821.3595453007147
2010-04-26,7.9337385793954995,0.0079337385793955,2062772.0306428298,2062014.7192127835,757.3114300463349
2010-04-27,5.5107693654062615,0.005510769365406261,1432800.035005628,1432274.0070067209,526.0279989070259
2010-04-28,9.225103348922719,0.009225103348922719,2398526.870719907,2397646.2926494824,880.5780704244971
2010-04-29,9.398696430680397,0.009398696430680397,2443661.0719769034,2442763.9236573237,897.1483195796609
2010-04-30,8.973817500335251,0.008973817500335251,2333192.550087165,2332335.9583938364,856.5916933286935
2010-05-01,8.956140507502408,0.008956140507502408,2328596.531950626,2327741.6276066583,854.9043439677916
2010-05-02,9.14113710773257,0.00914113710773257,2376695.648010468,2375823.0848996434,872.5631108246744
2010-05-03,9.64021381290847,0.00964021381290847,2506455.591356202,2505535.389104068,920.2022521342151
2010-05-04,9.725017960492348,0.009725017960492348,2528504.6697280104,2527576.3725342997,928.2971937106922
2010-05-05,9.622325930202946,0.009622325930202945,2501804.741852766,2500886.24708039,918.494772376027
2010-05-06,8.300294048367915,0.008300294048367915,2158076.452575658,2157284.151759004,792.300816653762
2010-05-07,9.016694688852471,0.009016694688852472,2344340.6191016426,2343479.9345856644,860.6845159782097
2010-05-08,5.3460754511490745,0.005346075451149074,1389979.6172987593,1389469.310082996,510.30721576325595
2010-05-09,7.048100097223424,0.007048100097223424,1832506.02527809,1831833.252069051,672.7732090391219
2010-05-10,8.413561266275552,0.008413561266275552,2187525.9292316437,2186722.8165439013,803.1126877423376
2010-05-11,8.297260964903629,0.008297260964903628,2157287.850874943,2156495.8395799003,792.011295042932
2010-05-12,6.801244706254164,0.006801244706254164,1768323.6236260827,1767674.41388681,649.2097392727155
2010-05-13,6.152203127895136,0.0061522031278951365,1599572.8132527354,1598985.557483958,587.2557687773369
2010-05-14,7.543893108501937,0.007543893108501937,1961412.2082105037,1960692.1093036714,720.0989068322815
2010-05-15,6.76569516998327,0.00676569516998327,1759080.74419565,1758434.9278212937,645.8163743563928
2010-05-16,6.398068079996972,0.006398068079996972,1663497.7007992128,1662886.9761025636,610.7246966492385
2010-05-17,8.083839246455724,0.008083839246455725,2101798.2040784885,2101026.5648571136,771.6392213748768
2010-05-18,9.570537301462231,0.00957053730146223,2488339.69838018,2487426.147067952,913.5513122281991
2010-05-19,7.436860318008392,0.007436860318008392,1933583.682682182,1932873.8005419874,709.8821401945315
2010-05-20,7.410339760813032,0.007410339760813032,1926688.3378113883,1925980.9871789936,707.350632394664
2010-05-21,6.040118718203221,0.006040118718203221,1570430.8667328376,1569854.3099307253,576.5568021123763
2010-05-22,6.8096128943458405,0.006809612894345841,1770499.3525299185,1769849.3440090339,650.0085208846722
2010-05-23,8.338232122264536,0.008338232122264536,2167940.3517887793,2167144.4296104293,795.9221783499233
2010-05-24,7.31249906899288,0.00731249906899288,1901249.757938149,1900551.746644768,698.0112933809869
2010-05-25,7.4196399493942495,0.007419639949394249,1929106.3868425048,1928398.1484648127,708.2383776921779
2010-05-26,7.309776079038528,0.007309776079038528,1900541.7805500173,1899844.0291784115,697.7513716057874
2010-05-27,8.924043776786608,0.008924043776786607,2320251.3819645178,2319399.5413994724,851.8405650453642
2010-05-28,9.14889313312841,0.009148893133128411,2378712.214613387,2377838.911154664,873.3034587227739
2010-05-29,9.492731937538382,0.009492731937538383,2468110.3037599795,2467204.179323597,906.12443638267
2010-05-30,8.604143029346933,0.008604143029346933,2237077.1876302026,2236255.883046409,821.304583793506
2010-05-31,9.433196501476806,0.009433196501476806,2452631.0903839697,2451730.6488757264,900.4415082433261
2010-06-01,9.217968797766144,0.009217968797766143,2396671.8874191972,2395791.9903741283,879.8970450689085
2010-06-02,8.243017838686159,0.008243017838686159,2143184.638058401,2142397.8045164538,786.833541947417
2010-06-03,9.088829764772477,0.009088829764772478,2363095.738840844,2362228.1687037987,867.5701370453462
2010-06-04,9.87974982493607,0.00987974982493607,2568734.954483378,2567791.887429486,943.067053892184
2010-06-05,10.211199118496028,0.010211199118496028,2654911.7708089673,2653937.0654125735,974.7053963937797
2010-06-06,6.976722389650742,0.0069767223896507425,1813947.821309193,1813281.8614269674,665.9598822256085
2010-06-07,8.673534216924383,0.008673534216924383,2255118.8964003394,2254290.9681121004,827.9282882390544
2010-06-08,9.58904407218062,0.00958904407218062,2493151.4587669615,2492236.1408992996,915.3178676618263
2010-06-09,7.248717780891949,0.007248717780891949,1884666.6230319068,1883974.6999525523,691.9230793544557
2010-06-10,8.206744755219239,0.008206744755219238,2133753.636357002,2132970.2652458414,783.3711111606099
2010-06-11,8.566199822655465,0.008566199822655465,2227211.953890421,2226394.271158272,817.6827321490273
2010-06-12,8.86841670969884,0.00886841670969884,2305788.3445216985,2304941.813813199,846.5307084997185
2010-06-13,7.642653170121788,0.007642653170121788,1987089.8242316649,1986360.2982277903,729.5260038746055
2010-06-14,8.618085683776684,0.008618085683776684,2240702.2777819377,2239879.642308368,822.6354735698551
2010-06-15,8.749520386701086,0.008749520386701086,2274875.3005422824,2274040.1190285534,835.1815137290396
2010-06-16,9.363210535207266,0.009363210535207266,2434434.739153889,2433540.978124422,893.7610294669867
2010-06-17,9.589119416945499,0.009589119416945499,2493171.04840583,2492255.7233461672,915.325059662573
2010-06-18,10.252094622825101,0.010252094622825102,2665544.6019345266,2664565.9928762517,978.6090582748875
2010-06-19,9.57153348889412,0.00957153348889412,2488598.707112471,2487685.0607096218,913.6464028493501
2010-06-20,10.091243471878332,0.010091243471878333,2623723.3026883667,2622760.0476040007,963.255084366072
2010-06-21,10.58943964256465,0.010589439642564652,2753254.3070668094,2752243.496892155,1010.8101746542379
2010-06-22,10.553153073285266,0.010553153073285266,2743819.799054169,2742812.452597584,1007.3464565849863
2010-06-23,10.234864525419255,0.010234864525419255,2661064.7766090063,2660087.8122418914,976.9643671149388
2010-06-24,9.770524141478457,0.009770524141478457,2540336.2767843986,2539403.6358187506,932.6409656479955
2010-06-25,9.788591379541158,0.009788591379541158,2545033.7586807013,2544099.3931150106,934.3655656906776
2010-06-26,10.321939478677617,0.010321939478677617,2683704.2644561804,2682718.98838876,985.2760674203746
2010-06-27,6.666755295786827,0.006666755295786827,1733356.3769045752,1732720.0047911892,636.3721133859362
2010-06-28,7.559696431680552,0.007559696431680553,1965521.0722369438,1964799.4648310405,721.6074059032835
2010-06-29,8.215658134301734,0.008215658134301734,2136071.114918451,2135286.8929847185,784.2219337322749
2010-06-30,8.046869688443353,0.008046869688443353,2092186.1189952716,2091418.0086863465,768.1103089251556
2010-07-01,5.489906402453228,0.005489906402453228,1427375.6646378392,1426851.6281036309,524.0365342083387
2010-07-02,5.521600105021149,0.0055216001050211495,1435616.027305499,1435088.9654632374,527.0618422615808
2010-07-03,6.406069104237138,0.0064060691042371375,1665577.9671016557,1664966.4786708541,611.4884308015462
2010-07-04,5.451300184369675,0.005451300184369675,1417338.0479361154,1416817.696541004,520.3513951112982
2010-07-05,5.638226762378975,0.005638226762378975,1465938.9582185333,1465400.763831409,538.1943871243857
2010-07-06,8.241897996184742,0.008241897996184742,2142893.479008033,2142106.752360145,786.7266478878446
2010-07-07,8.555888323584663,0.008555888323584662,2224530.964132012,2223714.265679346,816.6984526659362
2010-07-08,7.206297521755449,0.007206297521755449,1873637.3556564169,1872949.4817837242,687.8738726926968
2010-07-09,6.278206800891256,0.006278206800891257,1632333.7682317267,1631734.4848392971,599.2833924295846
2010-07-10,8.635463668477069,0.008635463668477068,2245220.5538040376,2244396.259522793,824.2942812447436
2010-07-11,9.608144518954918,0.009608144518954918,2498117.5749282786,2497200.433836103,917.1410921756178
2010-07-12,9.14469937905847,0.00914469937905847,2377621.838555202,2376748.9354093783,872.9031458236277
2010-07-13,6.227657714903388,0.0062276577149033875,1619191.0058748808,1618596.5476226062,594.4582522746641
2010-07-14,9.044719315773671,0.00904471931577367,2351627.0221011546,2350763.6625070805,863.3595940740779
2010-07-15,8.192245313967621,0.008192245313967622,2129983.7816315815,2129201.7945580315,781.9870735500008
2010-07-16,8.840118484029938,0.008840118484029939,2298430.805847784,2297586.9763336247,843.8295141593553
2010-07-17,8.930034238947526,0.008930034238947527,2321808.902126357,2320956.4897444537,852.4123819032684
2010-07-18,9.028046035123078,0.009028046035123078,2347291.969132,2346430.2010783944,861.7680536056869
2010-07-19,9.352164997249593,0.009352164997249593,2431562.899284894,2430670.1926022605,892.7066826336086
2010-07-20,8.485803159526172,0.008485803159526172,2206308.8214768046,2205498.812971795,810.0085050095804
2010-07-21,8.802890402126346,0.008802890402126347,2288751.50455285,2287911.2286284217,840.2759244283661
2010-07-22,8.830198236657715,0.008830198236657715,2295851.541531006,2295008.6589495754,842.8825814304873
2010-07-23,8.354606945384193,0.008354606945384193,2172197.8057998903,2171400.320570201,797.4852296891622
2010-07-24,8.212224891862244,0.008212224891862244,2135178.4718841836,2134394.5776690566,783.8942151269875
2010-07-25,8.83319718021297,0.00883319718021297,2296631.266855372,2295788.0980111402,843.16884423187
2010-07-26,8.51428628484139,0.00851428628484139,2213714.434058761,2212901.706709899,812.7273488622159
2010-07-27,8.68625136925518,0.00868625136925518,2258425.3560063466,2257596.21380808,829.1421982664615
2010-07-28,8.09871569785344,0.00809871569785344,2105666.081441894,2104893.0221955753,773.0592463188805
2010-07-29,8.775096541604844,0.008775096541604844,2281525.1008172594,2280687.4779432244,837.6228740350343
2010-07-30,9.643629105923443,0.009643629105923443,2507343.567540095,2506423.03928271,920.5282573853619
2010-07-31,9.531646250423053,0.009531646250423053,2478228.0251099938,2477318.186125464,909.8389845299534
2010-08-01,9.680188055928447,0.009680188055928447,2516848.8945413963,2515924.8765659626,924.0179754337296
2010-08-02,9.553372476022146,0.009553372476022146,2483876.843765758,2482964.9309141836,911.912851574365
2010-08-03,9.56922554925397,0.00956922554925397,2487998.642806032,2487085.216706518,913.426099514123
2010-08-04,9.25259283231778,0.009252592832317781,2405674.1364026233,2404790.9343359866,883.2020666366443
2010-08-05,9.052618373108928,0.009052618373108928,2353680.777008321,2352816.6634132997,864.113595021423
2010-08-06,8.662118342736429,0.00866211834273643,2252150.7691114717,2251323.9305203436,826.8385911281221
2010-08-07,9.663400730134825,0.009663400730134825,2512484.1898350543,2511561.7742862166,922.4155488377437
2010-08-08,9.128715115778997,0.009128715115778997,2373465.9301025392,2372594.552727342,871.3773751971312
2010-08-09,8.980694492829905,0.008980694492829904,2334980.568135775,2334123.320002236,857.2481335392222
2010-08-10,9.319514484758814,0.009319514484758814,2423073.766037292,2422184.17599457,889.5900427219458
2010-08-11,9.049666059905515,0.009049666059905516,2352913.175575434,2352049.343792135,863.8317832993343
2010-08-12,9.086667478763879,0.009086667478763879,2362533.5444786083,2361666.1807415965,867.363737011794
2010-08-13,8.980967603059508,0.008980967603059508,2335051.5767954723,2334194.30259232,857.2742031523958
2010-08-14,9.669473488433445,0.009669473488433444,2514063.1069926955,2513140.111771459,922.995221236255
2010-08-15,8.851248203029543,0.008851248203029544,2301324.5327876816,2300479.6408912255,844.8918964560144
2010-08-16,9.037448075975679,0.009037448075975679,2349736.4997536764,2348873.8342325105,862.6655211658217
2010-08-17,8.785928443932983,0.008785928443932983,2284341.3954225755,2283502.7385941995,838.6568283759989
2010-08-18,8.962333083793723,0.008962333083793723,2330206.601786368,2329351.106332829,855.4954535388388
2010-08-19,9.263958251090436,0.009263958251090436,2408629.1452835132,2407744.858335965,884.2869475483894
2010-08-20,9.810505089362273,0.009810505089362273,2550731.323234191,2549794.8659052346,936.4573289565742
2010-08-21,9.516348024495137,0.009516348024495138,2474250.486368736,2473342.107669447,908.3786992887035
2010-08-22,9.565961106949903,0.009565961106949903,2487149.887806975,2486236.7733133254,913.1144936494529
2010-08-23,9.19190666270064,0.00919190666270064,2389895.7323021665,2389018.3230064204,877.4092957461253
2010-08-24,7.579941572848583,0.007579941572848583,1970784.8089406316,1970061.269043929,723.5398967026267
2010-08-25,5.80730872404081,0.0058073087240408106,1509900.2682506107,1509345.934221261,554.3340293497313
2010-08-26,7.639602016003247,0.007639602016003247,1986296.5241608443,1985567.2894035068,729.2347573374864
2010-08-27,7.882463831293655,0.007882463831293655,2049440.5961363502,2048688.1791142079,752.4170221423265
2010-08-28,9.148980742257734,0.009148980742257734,2378734.9929870106,2377861.681165598,873.3118214127608
2010-08-29,9.380185128508,0.009380185128508,2438848.13341208,2437952.752080482,895.3813315979205
2010-08-30,9.08358529810709,0.009083585298107091,2361732.177507844,2360865.1079789936,867.0695288502611
2010-08-31,9.15055919323782,0.00915055919323782,2379145.3902418334,2378271.9277500957,873.4624917376786
2010-09-01,9.143665454649385,0.009143665454649385,2377353.01820884,2376480.213755803,872.8044530367479
2010-09-02,8.912488781299341,0.00891248878129934,2317247.0831378284,2316396.3455496547,850.7375881737098
2010-09-03,7.144503293522082,0.007144503293522082,1857570.8563157413,1856888.8809831738,681.9753325674683
2010-09-04,8.19454831485289,0.00819454831485289,2130582.561861751,2129800.354956293,782.2069054581225
2010-09-05,8.597143163087015,0.008597143163087014,2235257.222402624,2234436.5859879004,820.6364147234708
2010-09-06,9.088745380393227,0.009088745380393228,2363073.798902239,2362206.236820067,867.5620821723714
2010-09-07,6.212214990693225,0.006212214990693224,1615175.8975802383,1614582.9134062228,592.9841740154661
2010-09-08,7.648643744717457,0.007648643744717457,1988647.3736265388,1987917.275795074,730.0978314648382
2010-09-09,7.756695469913244,0.007756695469913244,2016740.8221774434,2016000.4103173893,740.411860054126
2010-09-10,6.889476486494639,0.006889476486494639,1791263.8864886062,1790606.2546246313,657.6318639749661
2010-09-11,8.000657558590516,0.008000657558590517,2080170.9652335346,2079407.2660825767,763.6991509578656
2010-09-12,8.760482263035886,0.008760482263035886,2277725.3883893304,2276889.1605146504,836.2278746799566
2010-09-13,8.601400521451371,0.00860140052145137,2236364.1355773564,2235543.0927784145,821.042798941955
2010-09-14,8.901393764003755,0.008901393764003755,2314362.3786409763,2313512.7001226633,849.6785183129832
2010-09-15,8.920655340189793,0.008920655340189793,2319370.388449346,2318518.8713259846,851.5171233615838
2010-09-16,8.707213182054515,0.008707213182054516,2263875.427334174,2263044.2842355417,831.1430986323394
2010-09-17,8.343629133201821,0.008343629133201821,2169343.5746324733,2168547.1372848838,796.4373475895263
2010-09-18,8.011417580282295,0.008011417580282294,2082968.5708733965,2082203.8446294314,764.7262439650949
2010-09-19,6.164164530211175,0.006164164530211175,1602682.7778549055,1602094.3803158766,588.3975390288979
2010-09-20,4.702922841414911,0.004702922841414911,1222759.9387678767,1222311.0233937707,448.91537410602905
2010-09-21,5.509041157476661,0.005509041157476661,1432350.700943932,1431824.8379103318,525.8630336001515
2010-09-22,7.027481739533585,0.007027481739533586,1827145.2522787324,1826474.447185707,670.805093025323
2010-09-23,7.126884979886478,0.007126884979886478,1852990.0947704844,1852309.8011860815,680.2935844028834
2010-09-24,7.309719002521693,0.007309719002521693,1900526.94065564,1899829.1947322474,697.7459233927075
2010-09-25,7.272996520542181,0.007272996520542181,1890979.095340967,1890284.854745493,694.2405954739079
2010-09-26,6.64671467787512,0.0066467146778751195,1728145.816247531,1727511.3571022695,634.4591452614404
2010-09-27,7.138604747971274,0.007138604747971274,1856037.2344725314,1855355.8221829631,681.4122895682231
2010-09-28,7.174466844656519,0.007174466844656518,1865361.3796106947,1864676.544120897,684.8354897976387
2010-09-29,7.388002190296104,0.007388002190296105,1920880.5694769872,1920175.3510672897,705.2184096975252
2010-09-30,7.377294048578196,0.007377294048578196,1918096.4526303308,1917392.2563614608,704.1962688700296
2010-10-01,6.772962432031514,0.006772962432031514,1760970.2323281937,1760323.7222606232,646.5100675704889
2010-10-02,7.035032448282169,0.007035032448282169,1829108.436553364,1828436.910710848,671.5258425159846
2010-10-03,6.770008813356623,0.006770008813356623,1760202.2914727218,1759556.063341487,646.2281312348787
2010-10-04,7.121276621918801,0.0071212766219188005,1851531.921698888,1850852.16345776,679.7582411281765
2010-10-05,6.220423588291323,0.006220423588291323,1617310.132955744,1616716.3652337552,593.7677219887264
2010-10-06,7.103545211774756,0.007103545211774757,1846921.7550614367,1846243.6893640494,678.0656973873265
2010-10-07,7.090510986455454,0.007090510986455454,1843532.856478418,1842856.034957117,676.8215213010553
2010-10-08,7.278013516296411,0.007278013516296411,1892283.5142370667,1891588.794746531,694.7194905357901
2010-10-09,7.293318610487526,0.007293318610487526,1896262.8387267569,1895566.658295373,696.1804313838948
2010-10-10,6.973509414941208,0.006973509414941207,1813112.447884714,1812446.794695537,665.6531891769264
2010-10-11,5.963926391702782,0.005963926391702782,1550620.8618427233,1550051.577944698,569.2838980252855
2010-10-12,6.6998716347333165,0.006699871634733317,1741966.6250306624,1741327.091812111,639.5332185514271
2010-10-13,6.711394714653623,0.006711394714653623,1744962.625809942,1744321.9926610051,640.6331489367876
2010-10-14,6.304661259491212,0.006304661259491212,1639211.9274677152,1638610.1188768975,601.8085908177309
2010-10-15,6.128931090185266,0.006128931090185266,1593522.0834481693,1592937.0491012326,585.0343469367363
2010-10-16,6.831254904777152,0.006831254904777153,1776126.2752420597,1775474.2008928515,652.0743492082693
2010-10-17,6.513047324614891,0.006513047324614891,1693392.3043998715,1692770.6044113978,621.6999884736724
2010-10-18,6.638286556428609,0.006638286556428609,1725954.5046714384,1725320.8500287002,633.6546427381691
2010-10-19,5.763237551380485,0.005763237551380486,1498441.7633589262,1497891.6361234426,550.127235483611
2010-10-20,6.121586452955186,0.006121586452955186,1591612.4777683485,1591028.1445004388,584.3332679097075
2010-10-21,5.4228067029177565,0.005422806702917757,1409929.7427586168,1409412.1111958984,517.6315627184231
2010-10-22,4.916597941164219,0.004916597941164219,1278315.4647026968,1277846.1530685253,469.3116341715213
2010-10-23,5.944580918359777,0.005944580918359777,1545591.038773542,1545023.6014889306,567.4372846113984
2010-10-24,6.6952211162959365,0.006695221116295937,1740757.4902369436,1740118.4009315276,639.0893054159824
2010-10-25,6.824981563242196,0.006824981563242196,1774495.206442971,1773843.7309127436,651.4755302274134
2010-10-26,6.815547405545182,0.0068155474055451816,1772042.3254417472,1771391.7504447785,650.5749969687313
2010-10-27,6.7006010760758095,0.006700601076075809,1742156.2797797103,1741516.6769326653,639.6028470450547
2010-10-28,5.8369433018164925,0.005836943301816493,1517605.258472288,1517048.0956877116,557.162784576416
2010-10-29,5.715609794808444,0.005715609794808444,1486058.5466501955,1485512.9657006878,545.5809495076537
2010-10-30,6.074088041852323,0.006074088041852323,1579262.890881604,1578683.0915530568,579.7993285472039
2010-10-31,5.931718403974638,0.0059317184039746375,1542246.7850334058,1541680.575534291,566.2094991146587
2010-11-01,6.083245158139587,0.0060832451581395875,1581643.7411162928,1581063.0676993495,580.6734169432893
2010-11-02,6.917202439003268,0.006917202439003268,1798472.6341408496,1797812.35570861,660.2784322395455
2010-11-03,6.867988232313825,0.006867988232313825,1785676.9404015944,1785021.3596892096,655.5807123847771
2010-11-04,6.097987673760312,0.006097987673760312,1585476.7951776811,1584894.714520573,582.0806571082212
2010-11-05,5.188100407070976,0.005188100407070976,1348906.1058384539,1348410.8780591183,495.2277793355752
2010-11-06,6.0061292657739065,0.006006129265773906,1561593.6091012156,1561020.2967469217,573.3123542938847
2010-11-07,5.969093803877473,0.005969093803877473,1551964.389008143,1551394.6118571244,569.777151018614
2010-11-08,6.026059070120164,0.006026059070120164,1566775.3582312427,1566200.1434864833,575.2147447594907
2010-11-09,5.353805139192434,0.005353805139192434,1391989.3361900328,1391478.2911403913,511.0450496415142
2010-11-10,3.8431914541219596,0.00384319145412196,999229.7780717096,998862.9279685789,366.8501031306805
2010-11-11,4.619500907864126,0.004619500907864125,1201070.2360446726,1200629.283673527,440.9523711455986
2010-11-12,5.355970453954216,0.005355970453954216,1392552.318028096,1392041.0662893127,511.25173878343776
2010-11-13,4.878666889814867,0.004878666889814867,1268453.3913518654,1267987.7004090557,465.6909428096842
2010-11-14,5.062166785965834,0.005062166785965834,1316163.3643511168,1315680.157508662,483.2068424548488
2010-11-15,5.857640887953065,0.005857640887953065,1522986.630867797,1522427.4924044912,559.1384633057751
2010-11-16,5.173297823586483,0.005173297823586483,1345057.4341324857,1344563.619327066,493.81480541964993
2010-11-17,5.797729949712089,0.005797729949712089,1507409.786925143,1506856.3672333674,553.4196917756926
2010-11-18,4.67033751352838,0.00467033751352838,1214287.7535173788,1213841.9485610176,445.80495636118576
2010-11-19,5.397047616971108,0.005397047616971107,1403232.380412488,1402717.2076716756,515.1727408124134
2010-11-20,4.8489143585622445,0.004848914358562244,1260717.7332261836,1260254.8822977964,462.850928387139
2010-11-21,4.7922181883083415,0.004792218188308341,1245976.7289601688,1245519.2899390864,457.43902108236216
2010-11-22,4.725733531937818,0.004725733531937818,1228690.7183038327,1228239.6255455732,451.09275825950317
2010-11-23,2.535891118780663,0.002535891118780663,659331.6908829723,659089.6285424519,242.06234052043874
2010-11-24,4.511439678090458,0.004511439678090458,1172974.316303519,1172543.6788682176,430.63743530143984
2010-11-25,5.290723215838915,0.005290723215838914,1375588.0361181176,1375083.0125249566,505.0235931610223
2010-11-26,4.7247706298557475,0.004724770629855747,1228440.3637624942,1227989.3629176177,451.00084487651475
2010-11-27,4.999789721785703,0.004999789721785703,1299945.3276642829,1299468.074996295,477.252667987952
2010-11-28,5.430107080667435,0.005430107080667435,1411827.8409735332,1411309.5125565566,518.3284169766121
2010-11-29,5.287064697516811,0.005287064697516811,1374636.8213543708,1374132.1469834226,504.67437094822526
2010-11-30,4.8145029655933955,0.004814502965593395,1251770.7710542828,1251311.2048498574,459.56620442541316
2010-12-01,4.5382781467366895,0.004538278146736689,1179952.3181515392,1179519.1188623442,433.1992891950067
2010-12-02,4.279834098753656,0.004279834098753656,1112756.8656759507,1112348.3360465392,408.5296294114087
2010-12-03,4.654730234648438,0.004654730234648438,1210229.8610085938,1209785.5458379835,444.31517061032355
2010-12-04,5.161480692267919,0.005161480692267919,1341984.9799896588,1341492.2931831677,492.6868064911105
2010-12-05,3.985462422474851,0.0039854624224748515,1036220.2298434614,1035839.7993293531,380.4305141082732
2010-12-06,3.8806375836541527,0.0038806375836541525,1008965.7717500797,1008595.3472435803,370.424506499432
2010-12-07,3.554830549141824,0.0035548305491418237,924255.9427768742,923916.6180335893,339.32474328484386
2010-12-08,4.370790657781428,0.004370790657781428,1136405.5710231713,1135988.3591765303,417.211846641032
2010-12-09,4.446515144047185,0.004446515144047185,1156093.937452268,1155669.497359018,424.4400932500139
2010-12-10,4.316107653629469,0.00431610765362947,1122187.9899436622,1121775.9978384657,411.99210519646294
2010-12-11,5.273790885610033,0.005273790885610034,1371185.6302586088,1370682.2229333764,503.4073252324015
2010-12-12,3.99280772919694,0.00399280772919694,1038130.0095912043,1037748.877934163,381.13165704137646
2010-12-13,4.355585433154542,0.004355585433154542,1132452.212620181,1132036.452181384,415.7604387970641
2010-12-14,4.4215269789329925,0.004421526978932992,1149597.0145225779,1149174.959663334,422.054859243799
2010-12-15,4.740616467022263,0.0047406164670222625,1232560.2814257883,1232107.7680236874,452.5134021008853
2010-12-16,4.784489766228039,0.004784489766228039,1243967.33921929,1243510.6379112443,456.7013080457691
2010-12-17,3.5125850631896185,0.0035125850631896184,913272.1164293007,912936.8242097825,335.2922195182182
2010-12-18,3.9316262900072547,0.003931626290007255,1022222.8354018863,1021847.5437914687,375.2916104175383
2010-12-19,4.159005179683225,0.004159005179683225,1081341.3467176387,1080944.3507580825,396.9959595561959
2010-12-20,4.056656862723454,0.004056656862723454,1054730.784308098,1054343.5579608758,387.22634722222574
2010-12-21,4.445947361308798,0.004445947361308798,1155946.3139402876,1155521.9280444821,424.3858958054334
2010-12-22,2.6971408330319178,0.002697140833031918,701256.6165882987,700999.1622291893,257.45435910939705
2010-12-23,3.1767932418354192,0.003176793241835419,825966.242877209,825663.0035142201,303.2393629888538
2010-12-24,5.065578144302532,0.005065578144302532,1317050.3175186582,1316566.7850465353,483.53247212292627
2010-12-25,4.40462528298601,0.00440462528298601,1145202.5735763626,1144782.1320608659,420.44151549669914
2010-12-26,4.221137737779833,0.0042211377377798336,1097495.8118227567,1097092.885027951,402.926794805564
2010-12-27,4.288261452013236,0.004288261452013236,1114947.9775234412,1114538.6434648335,409.3340586076956
2010-12-28,2.90807036505718,0.00290807036505718,756098.2949148668,755820.7063726181,277.58854224870447
2010-12-29,4.078696277272583,0.004078696277272583,1060461.0320908716,1060071.7019812954,389.330109576229
2010-12-30,4.531025221275018,0.004531025221275018,1178066.557531505,1177634.0505670316,432.50696447328664
2010-12-31,5.158176916383942,0.005158176916383942,1341125.998259825,1340633.6268137675,492.3714460574556
2011-01-01,4.328762957548552,0.004328762957548552,1125478.3689626234,1125065.1688511115,413.2001115118619
2011-01-02,3.9508904479418505,0.003950890447941851,1027231.5164648811,1026854.3860029754,377.1304619057337
2011-01-03,3.8291299118276583,0.003829129911827658,995573.7770751911,995208.2692102244,365.50786496675573
2011-01-04,3.5783312794985718,0.0035783312794985716,930366.1326696286,930024.5646747499,341.5679948787438
2011-01-05,4.573586635503993,0.004573586635503993,1189132.5252310382,1188695.9555860073,436.56964503088966
2011-01-06,4.284969517320212,0.004284969517320211,1114092.074503255,1113683.0546747856,409.0198284694925
2011-01-07,3.982368770160997,0.003982368770160997,1035415.8802418591,1035035.7450309341,380.1352109250147
2011-01-08,4.689718695785914,0.004689718695785914,1219326.8609043376,1218879.2059259843,447.65497835329734
2011-01-09,5.054756831202958,0.0050547568312029586,1314236.7761127693,1313754.2765841968,482.49952857242897
2011-01-10,3.0254352316366417,0.0030254352316366417,786613.1602255268,786324.3686729877,288.79155253909994
2011-01-11,3.136074535806814,0.003136074535806814,815379.3793097716,815080.0267324619,299.35257730970625
2011-01-12,2.893673400295375,0.002893673400295375,752355.0840767975,752078.8697903127,276.2142864847556
2011-01-13,3.8498321827742537,0.0038498321827742537,1000956.3675213059,1000588.8835304234,367.48399088252336
2011-01-14,2.779577553967681,0.002779577553967681,722690.164031597,722424.8407125521,265.32331904489547
2011-01-15,2.1879246962292425,0.0021879246962292426,568860.421019603,568651.5736566664,208.8473629365908
2011-01-16,4.805847389891814,0.0048058473898918135,1249520.3213718715,1249061.5813815126,458.7399903589394
2011-01-17,3.870274878982553,0.0038702748789825533,1006271.4685354639,1005902.0331962549,369.43533920904156
2011-01-18,5.598132977569754,0.005598132977569754,1455514.574168136,1454980.2069151183,534.3672530178446
2011-01-19,5.5179456448263045,0.005517945644826304,1434665.867654839,1434139.1546474237,526.713007415412
2011-01-20,4.305559739684494,0.004305559739684494,1119445.5323179683,1119034.5470591297,410.9852588386275
2011-01-21,4.416709603945625,0.004416709603945625,1148344.4970258626,1147922.9020069707,421.5950188918505
2011-01-22,5.367993323219779,0.005367993323219779,1395678.2640371425,1395165.8646608077,512.3993763348553
2011-01-23,4.842388794871271,0.004842388794871271,1259021.0866665305,1258558.8586328758,462.2280336546246
2011-01-24,4.351903416143888,0.004351903416143888,1131494.8881974109,1131079.4792238832,415.4089735276066
2011-01-25,5.221809265273659,0.00522180926527366,1357670.4089711516,1357171.9635279928,498.44544315873645
2011-01-26,4.767632754892618,0.004767632754892618,1239584.5162720806,1239129.4240424323,455.0922296482604
2011-01-27,4.684053871187531,0.004684053871187531,1217854.006508758,1217406.8922636763,447.11424508178607
2011-01-28,4.65308660046705,0.00465308660046705,1209802.5161214331,1209358.3578431807,444.1582782524638
2011-01-29,3.3962944042555163,0.0033962944042555164,883036.5451064343,882712.3533592012,324.19174723303877
2011-01-30,5.858703381846041,0.005858703381846042,1523262.879279971,1522703.6393967909,559.2398831800092
2011-01-31,5.3665940662064715,0.005366594066206471,1395314.4572136826,1394802.1914027934,512.2658108891919
2011-02-01,4.904281428611129,0.004904281428611129,1275113.1714388935,1274645.0354718608,468.13596703275107
2011-02-02,3.0700801025719544,0.0030700801025719546,798220.8266687082,797927.7735601935,293.05310851475224
2011-02-03,2.6919141436703367,0.0026919141436703366,699897.6773542875,699640.7219064486,256.95544783887453
2011-02-04,4.6121444662247075,0.004612144466224708,1199157.561218424,1198717.3110530898,440.2501653342042
2011-02-05,5.238124017589417,0.005238124017589417,1361912.2445732486,1361412.2418127817,500.0027604668867
2011-02-06,6.346698768876664,0.006346698768876663,1650141.6799079324,1649535.8586456573,605.8212622751016
2011-02-07,5.337337909108914,0.005337337909108914,1387707.8563683177,1387198.3831906805,509.4731776372064
2011-02-08,6.388690792686505,0.006388690792686506,1661059.6060984915,1660449.7765065639,609.8295919275843
2011-02-09,5.099144889626076,0.005099144889626076,1325777.6713027798,1325290.934732154,486.7365706257988
2011-02-10,4.254544938245718,0.004254544938245718,1106181.6839438868,1105775.568279861,406.11566402576864
2011-02-11,4.881890210956696,0.0048818902109566955,1269291.454848741,1268825.4562252685,465.9986234724056
2011-02-12,5.470871130565568,0.005470871130565568,1422426.4939470477,1421904.2744161135,522.2195309342351
2011-02-13,6.044835138853339,0.006044835138853339,1571657.136101868,1571080.1290959544,577.0070059136488
2011-02-14,5.076206524232712,0.005076206524232713,1319813.6963005052,1319329.14930118,484.5469993252773
2011-02-15,5.205799984249984,0.005205799984249983,1353507.9959049956,1353011.0786205207,496.91728447494097
2011-02-16,6.102496796080347,0.006102496796080347,1586649.1669808903,1586066.6559075492,582.5110733411275
2011-02-17,5.428776182175073,0.005428776182175073,1411481.807365519,1410963.6059888564,518.2013766625896
2011-02-18,2.8916181452499288,0.0028916181452499287,751820.7177649814,751544.699661938,276.01810304343235
2011-02-19,4.319242420676095,0.004319242420676095,1123003.0293757846,1122590.7380428165,412.291332968045
2011-02-20,4.793516997014682,0.004793516997014682,1246314.4192238173,1245856.856225537,457.5629982803948
2011-02-21,6.624652843119986,0.006624652843119985,1722409.739211196,1721777.3859683992,632.3532427968457
2011-02-22,4.437700086905572,0.004437700086905572,1153802.022595449,1153378.4239394937,423.5986559551675
2011-02-23,5.921730672864202,0.005921730672864202,1539649.9749446926,1539084.7188199367,565.2561247558333
2011-02-24,7.61105631613462,0.00761105631613462,1978874.6421950012,1978148.132254542,726.5099404591601
2011-02-25,7.122386920387981,0.007122386920387981,1851820.599300875,1851140.7350767085,679.8642241666093
2011-02-26,5.945399118089525,0.005945399118089525,1545803.7707032764,1545236.2553177797,567.5153854966629
2011-02-27,7.60174383777926,0.00760174383777926,1976453.3978226078,1975727.7768005608,725.6210220470093
2011-02-28,7.822264036756206,0.007822264036756206,2033788.6495566138,2033041.9788786487,746.6706779650412
2011-03-01,6.734735686279191,0.006734735686279191,1751031.2784325897,1750388.4172817566,642.8611508330796
2011-03-02,6.860060714192177,0.006860060714192177,1783615.785689966,1782960.9616952403,654.8239947257098
2011-03-03,7.0698321385346405,0.00706983213853464,1838156.3560190063,1837481.5083877868,674.8476312195417
2011-03-04,4.621249803486958,0.0046212498034869575,1201524.9489066089,1201083.829595422,441.11931118695065
2011-03-05,7.143970252320233,0.007143970252320233,1857432.2656032606,1856750.3411519001,681.924451360479
2011-03-06,6.776498247029081,0.006776498247029081,1761889.544227561,1761242.6966503682,646.8475771928206
2011-03-07,7.361529013562601,0.007361529013562601,1913997.5435262762,1913294.8521016978,702.6914245784283
2011-03-08,6.994716232360243,0.006994716232360244,1818626.2204136634,1817958.5429373153,667.6774763481226
2011-03-09,7.692448996621975,0.007692448996621975,2000036.7391217134,1999302.459879728,734.2792419854086
2011-03-10,7.325201013419088,0.007325201013419088,1904552.2634889628,1903853.0397372178,699.2237517449539
2011-03-11,7.908298171132465,0.007908298171132465,2056157.524494441,2055402.6414670665,754.8830273745116
2011-03-12,6.734735692612581,0.006734735692612581,1751031.2800792712,1750388.4189278334,642.8611514377408
2011-03-13,4.637667827981114,0.004637667827981114,1205793.6352750896,1205350.9487887956,442.6864862940274
2011-03-14,6.040178015068084,0.006040178015068084,1570446.2839177018,1569869.721455434,576.5624622676987
2011-03-15,6.685945877246741,0.006685945877246741,1738345.9280841528,1737707.7241424879,638.2039416648913
2011-03-16,6.7315253489834905,0.006731525348983491,1750196.5907357077,1749554.03602617,642.5547095376533
2011-03-17,7.269223399834987,0.007269223399834986,1889998.0839570963,1889304.2035231541,693.8804339421913
2011-03-18,7.505097596559817,0.007505097596559817,1951325.3751055524,1950608.979406777,716.3956987753045
2011-03-19,6.869654415372344,0.006869654415372344,1786110.1479968096,1785454.408239674,655.7397571355104
2011-03-20,5.52811772899628,0.00552811772899628,1437310.6095390327,1436782.9255599207,527.6839791119564
2011-03-21,5.885545723662226,0.0058855457236622255,1530241.8881521786,1529680.0860453933,561.8021067853551
2011-03-22,7.121606885928649,0.00712160688592865,1851617.790341449,1850938.0005751192,679.7897663298063
2011-03-23,8.209269946782433,0.008209269946782434,2134410.186163433,2133626.5740112527,783.6121521801688
2011-03-24,7.396969320529367,0.007396969320529367,1923212.0233376354,1922505.9489745745,706.0743630609941
2011-03-25,7.495399975221382,0.007495399975221382,1948803.9935575593,1948088.5235408454,715.4700167139526
2011-03-26,7.9121705691700495,0.00791217056917005,2057164.347984213,2056409.095318834,755.2526653788518
2011-03-27,7.521438540169744,0.007521438540169744,1955574.0204441336,1954856.064927972,717.9555161616299
2011-03-28,7.563194423019954,0.007563194423019955,1966430.5499851883,1965708.608680103,721.9413050853182
2011-03-29,6.476750590613052,0.006476750590613051,1683955.1535593932,1683336.9182592577,618.2353001355659
2011-03-30,5.916486963672635,0.005916486963672635,1538286.6105548851,1537721.85496602,564.7555888651405
2011-03-31,8.325575756927565,0.008325575756927564,2164649.6968011665,2163854.982730449,794.7140707173385
2011-04-01,8.466955991625104,0.008466955991625105,2201408.5578225274,2200600.348365411,808.2094571162015
2011-04-02,8.75624431539565,0.00875624431539565,2276623.5220028693,2275787.6986595658,835.8233433035202
2011-04-03,8.608175595020716,0.008608175595020716,2238125.654705386,2237303.965194859,821.6895105270669
2011-04-04,9.039884622315613,0.009039884622315614,2350370.0018020594,2349507.1037014644,862.89810059499
2011-04-05,8.886640538717437,0.008886640538717436,2310526.5400665333,2309678.2698106715,848.2702558618039
2011-04-06,8.487851640444514,0.008487851640444515,2206841.4265155736,2206031.222473744,810.2040418297984
2011-04-07,8.648828212046958,0.008648828212046957,2248695.3351322087,2247869.765144498,825.5699877105653
2011-04-08,8.281376803018087,0.008281376803018088,2153157.968784703,2152367.4737051534,790.4950795494951
2011-04-09,8.818650925116799,0.008818650925116798,2292849.2405303675,2292007.460192341,841.7803380265832
2011-04-10,8.576450937896576,0.008576450937896576,2229877.24385311,2229058.582605389,818.6612477209419
2011-04-11,9.716563185256494,0.009716563185256493,2526306.4281666884,2525378.9380197264,927.4901469619945
2011-04-12,8.964968557916905,0.008964968557916904,2330891.825058395,2330036.078036865,855.7470215298235
2011-04-13,7.6753998645696555,0.007675399864569656,1995603.9647881105,1994871.3129633188,732.6518247916829
2011-04-14,9.338831136602671,0.00933883113660267,2428096.0955166942,2427204.661611702,891.4339049924165
2011-04-15,8.897984905233209,0.008897984905233209,2313476.0753606344,2312626.7222333946,849.3531272397377
2011-04-16,8.688388153540412,0.008688388153540411,2258980.919920507,2258151.5737564624,829.3461640444584
2011-04-17,9.028505018037478,0.009028505018037479,2347411.3046897445,2346549.492824132,861.8118656123988
2011-04-18,8.449903023684524,0.008449903023684523,2196974.786157976,2196168.204484206,806.581673769746
2011-04-19,8.924950673332066,0.008924950673332066,2320487.1750663375,2319635.2479338925,851.9271324449219
2011-04-20,8.548949098665885,0.008548949098665885,2222726.76565313,2221910.729581042,816.0360720879398
2011-04-21,7.1589235257762605,0.00715892352577626,1861320.1167018276,1860636.7648925083,683.3518093193416
2011-04-22,8.026910673457179,0.008026910673457179,2086996.7750988666,2086230.5699686955,766.2051301710308
2011-04-23,7.018781672882635,0.007018781672882635,1824883.2349494852,1824213.2603173896,669.9746320955455
2011-04-24,7.228224674145792,0.007228224674145791,1879338.4152779058,1878648.4483587928,689.9669191129506
2011-04-25,10.11971607042948,0.010119716070429479,2631126.1783116646,2630160.2053882736,965.972923391033
2011-04-26,10.258371734721367,0.010258371734721368,2667176.6510275556,2666197.442790402,979.208237153478
2011-04-27,10.039825664267081,0.010039825664267081,2610354.6727094413,2609396.32568866,958.3470207811333
2011-04-28,9.062037258263347,0.009062037258263347,2356129.68714847,2355264.6744780233,865.0126704466529
2011-04-29,10.234258052844599,0.010234258052844598,2660907.0937395953,2659930.187263046,976.9064765493385
2011-04-30,10.026585321492751,0.010026585321492752,2606912.1835881155,2605955.100418269,957.0831698463298
2011-05-01,9.320599588474082,0.00932059958847408,2423355.893003261,2422466.1993824546,889.6936208065599
2011-05-02,6.5033320341167435,0.006503332034116744,1690866.3288703533,1690245.5562505429,620.772619810421
2011-05-03,8.72963234290171,0.00872963234290171,2269704.4091544445,2268871.1260449467,833.2831094977446
2011-05-04,8.944276221552936,0.008944276221552937,2325511.8176037637,2324658.0457598483,853.7718439153396
2011-05-05,9.050626291866868,0.009050626291866868,2353162.835885386,2352298.912443579,863.9234418068081
2011-05-06,6.081544182636368,0.006081544182636368,1581201.4874854558,1580620.9764343603,580.5110510955565
2011-05-07,9.440083012289687,0.009440083012289687,2454421.5831953185,2453520.484338298,901.0988570204936
2011-05-08,7.895177339480192,0.007895177339480192,2052746.10826485,2051992.4776805302,753.6305843198206
2011-05-09,8.141540549764269,0.008141540549764268,2116800.5429387097,2116023.3958655084,777.1470732013695
2011-05-10,7.469211376118413,0.007469211376118413,1941994.9577907873,1941281.9875949635,712.9701958238147
2011-05-11,9.276112978478807,0.009276112978478806,2411789.3744044895,2410903.927232932,885.4471715576947
2011-05-12,8.502816802341965,0.008502816802341965,2210732.368608911,2209920.736074317,811.6325345942751
2011-05-13,8.985334970479569,0.00898533497047957,2336187.092324688,2335329.4012364526,857.6910882354714
2011-05-14,8.7928663359238,0.0087928663359238,2286145.2473401884,2285305.9282584684,839.3190817199647
2011-05-15,5.383194319613608,0.005383194319613608,1399630.5230995382,1399116.6727189634,513.8503805748187
2011-05-16,8.97200309270737,0.00897200309270737,2332720.8041039165,2331864.3856040477,856.4184998688288
2011-05-17,10.253729300379668,0.010253729300379667,2665969.6180987135,2664990.8530030316,978.7650956818834
2011-05-18,9.317416975877984,0.009317416975877985,2422528.413728276,2421639.023902316,889.3898259596899
2011-05-19,9.535301852044205,0.009535301852044204,2479178.481531493,2478268.2936031627,910.1879283301532
2011-05-20,10.279614384504686,0.010279614384504686,2672699.7399712186,2671718.5040265317,981.2359446869232
2011-05-21,9.278485380920966,0.009278485380920966,2412406.1990394513,2411520.525411291,885.6736281602643
2011-05-22,7.48289214263761,0.00748289214263761,1945551.9570857785,1944837.6809985703,714.2760872081853
2011-05-23,9.788957895780099,0.009788957895780099,2545129.0529028256,2544194.652351493,934.4005513326265
2011-05-24,9.743253643927318,0.009743253643927318,2533245.947421103,2532315.9095484726,930.0378726301715
2011-05-25,10.41908198883879,0.01041908198883879,2708961.317098086,2707966.7683362663,994.5487618194893
2011-05-26,9.922717443033914,0.009922717443033914,2579906.535188818,2578959.3666803613,947.1685084565543
2011-05-27,10.279463603906782,0.010279463603906781,2672660.537015763,2671679.3154637697,981.2215519933961
2011-05-28,10.542198912501163,0.010542198912501164,2740971.7172503024,2739965.4164181836,1006.300832118839
2011-05-29,9.190596281176232,0.009190596281176232,2389555.0331058204,2388677.7488919506,877.2842138698325
2011-05-30,9.821214083138798,0.009821214083138798,2553515.6616160874,2552578.1820649705,937.4795511169359
2011-05-31,8.971706250268868,0.008971706250268868,2332643.6250699055,2331787.2349049975,856.3901649080217
2011-06-01,10.211049503355031,0.010211049503355031,2654872.870872308,2653898.17975736,974.6911149481311
2011-06-02,10.951796355313839,0.010951796355313839,2847467.052381598,2846421.6536107133,1045.3987708846107
2011-06-03,11.055149636262502,0.011055149636262503,2874338.905428251,2873283.641116649,1055.2643116018735
2011-06-04,10.658955976443364,0.010658955976443365,2771328.553875275,2770311.108050392,1017.4458248829469
2011-06-05,10.396654118908108,0.010396654118908107,2703130.070916108,2702137.662996475,992.4079196327366
2011-06-06,10.3045204637893,0.0103045204637893,2679175.320585218,2678191.70724199,983.6133432276547
2011-06-07,10.415370357137002,0.010415370357137002,2707996.292855621,2707002.0983859277,994.1944696931168
2011-06-08,10.503625750293418,0.010503625750293418,2730942.6950762887,2729940.076227933,1002.618848355487
2011-06-09,10.661321056079226,0.010661321056079226,2771943.4745805985,2770925.802998108,1017.6715824906714
2011-06-10,10.964823597331582,0.010964823597331582,2850854.135306211,2849807.493025828,1046.6422803830355
2011-06-11,10.791547495613838,0.010791547495613837,2805802.3488595975,2804772.246571183,1030.1022884142585
2011-06-12,11.22944989354478,0.01122944989354478,2919656.972321643,2918585.070257766,1071.9020638768561
2011-06-13,11.026570300406114,0.011026570300406114,2866908.2781055896,2865855.741821574,1052.536284015514
2011-06-14,10.716802579349872,0.010716802579349873,2786368.670630967,2785345.7030847496,1022.9675462171435
2011-06-15,10.83016613534263,0.01083016613534263,2815843.195189084,2814809.4065758702,1033.7886132136919
2011-06-16,10.652019782910447,0.010652019782910447,2769525.1435567164,2768508.359823052,1016.7837336645462
2011-06-17,10.486665831373772,0.010486665831373771,2726533.1161571806,2725532.11621022,1000.9999469607137
2011-06-18,10.774079569658552,0.010774079569658552,2801260.6881112233,2800232.2532157856,1028.4348954376765
2011-06-19,11.538026000053636,0.011538026000053636,2999886.7600139454,2998785.4029572983,1101.3570566470735
2011-06-20,10.646153795215227,0.010646153795215227,2767999.986755959,2766983.7629574984,1016.2237984607928
2011-06-21,8.38720310725395,0.00838720310725395,2180672.807886027,2179872.21120444,800.5966815869324
2011-06-22,9.091825134458027,0.009091825134458028,2363874.534959087,2363006.6789003825,867.8560587046668
2011-06-23,9.615422098946302,0.009615422098946303,2500009.7457260387,2499091.909955755,917.8357702838257
2011-06-24,10.451785683580633,0.010451785683580633,2717464.2777309646,2716466.607252746,997.6704782187007
2011-06-25,10.761716073763155,0.010761716073763155,2798046.17917842,2797018.9244348947,1027.2547435252927
2011-06-26,11.197663715278466,0.011197663715278467,2911392.5659724013,2910323.6980438037,1068.8679285976104
2011-06-27,11.185101586185212,0.011185101586185213,2908126.4124081554,2907058.743591912,1067.6688162432984
2011-06-28,10.76483329180122,0.01076483329180122,2798856.655868317,2797829.103572153,1027.55229616398
2011-06-29,10.538090798593482,0.010538090798593481,2739903.607634305,2738897.6989403423,1005.9086939627305
2011-06-30,10.747746271196588,0.010747746271196588,2794414.030511113,2793388.1092487774,1025.9212623354979
2011-07-01,8.344551632197131,0.008344551632197132,2169583.424371254,2168786.89896694,796.5254043140449
2011-07-02,8.809133083561715,0.008809133083561715,2290374.601726046,2289533.7299092826,840.8718167631887
2011-07-03,10.284037467349924,0.010284037467349924,2673849.7415109803,2672868.0833629193,981.6581480610184
2011-07-04,10.181727620316762,0.010181727620316761,2647249.181282358,2646277.2890745015,971.89220785629
2011-07-05,10.232022790952607,0.010232022790952608,2660325.925647678,2659349.232537042,976.6931106359698
2011-07-06,10.040724778354091,0.010040724778354092,2610588.442372064,2609630.0095267543,958.4328453098424
2011-07-07,9.93608076425186,0.00993608076425186,2583380.9987054835,2582432.5546072405,948.4440982430242
2011-07-08,10.167263532595445,0.010167263532595444,2643488.5184748154,2642518.006929915,970.5115449004807
2011-07-09,10.621276122364236,0.010621276122364236,2761531.791814701,2760517.942703258,1013.8491114433855
2011-07-10,10.722108380798586,0.010722108380798586,2787748.1790076327,2786724.7049985365,1023.4740090961568
2011-07-11,8.988866136405548,0.008988866136405548,2337105.1954654427,2336247.1673113597,858.028154083062
2011-07-12,10.856953695554916,0.010856953695554917,2822807.9608442783,2821771.6152366125,1036.345607665833
2011-07-13,10.92077743791588,0.01092077743791588,2839402.133858129,2838359.695983984,1042.4378741448745
2011-07-14,10.18723354781044,0.01018723354781044,2648680.7224307144,2647708.304657038,972.4177736765705
2011-07-15,10.146084817083768,0.010146084817083768,2637982.05244178,2637013.562501596,968.4899401841685
2011-07-16,9.851182181353424,0.009851182181353424,2561307.36715189,2560367.0270095035,940.3401423864998
2011-07-17,10.606226894289232,0.010606226894289233,2757618.9925152007,2756606.579921021,1012.4125941796228
2011-07-18,9.974475320577847,0.009974475320577847,2593363.5833502403,2592411.4743169774,952.1090332628228
2011-07-19,8.945881251327046,0.008945881251327047,2325929.125345032,2325075.2002937254,853.92505130684
2011-07-20,9.28047861022554,0.00928047861022554,2412924.4386586403,2412038.5747676776,885.8638909626752
2011-07-21,10.72775663546888,0.01072775663546888,2789216.725221909,2788192.7120612166,1024.013160692528
2011-07-22,9.220880264351937,0.009220880264351937,2397428.8687315034,2396548.693773708,880.1749577955343
2011-07-23,8.933877160401641,0.008933877160401641,2322808.0617044265,2321955.282498193,852.7792062335648
2011-07-24,9.590324989812506,0.009590324989812507,2493484.497351252,2492569.0572141763,915.4401370757259
2011-07-25,10.05398739943455,0.01005398739943455,2614036.723852983,2613077.0250301724,959.6988228107803
2011-07-26,9.797320106363603,0.009797320106363604,2547303.227654537,2546368.028892173,935.1987623642199
2011-07-27,10.43830040417031,0.01043830040417031,2713958.1050842805,2712961.7218373124,996.3832469680347
2011-07-28,9.991852060431317,0.009991852060431317,2597881.5357121425,2596927.7679900313,953.7677221111953
2011-07-29,10.276714783132265,0.010276714783132265,2671945.8436143887,2670964.88444984,980.9591645486653
2011-07-30,5.963994178650449,0.005963994178650449,1550638.4864491166,1550069.196080519,569.2903685977217
2011-07-31,10.296122782152864,0.010296122782152865,2676991.9233597447,2676009.111613422,982.8117463225499
2011-08-01,10.02149495656863,0.010021494956568629,2605588.6887078434,2604632.09143648,956.5972713632509
2011-08-02,10.204633808369746,0.010204633808369746,2653204.7901761336,2652230.7114684503,974.0787076833658
2011-08-03,9.986247778071025,0.009986247778071024,2596424.4222984663,2595471.1895305947,953.232767871581
2011-08-04,10.410896163697094,0.010410896163697093,2706833.002561244,2705839.2351736636,993.7673875805922
2011-08-05,10.422580000685985,0.010422580000685985,2709870.800178356,2708875.9175153966,994.8826629593968
2011-08-06,10.368208323422751,0.01036820832342275,2695734.1640899153,2694744.471450833,989.6926390822046
2011-08-07,10.521054429357294,0.010521054429357295,2735474.1516328966,2734469.869137859,1004.2824950376526
2011-08-08,10.244721823524785,0.010244721823524785,2663627.674116444,2662649.7688253936,977.9052910502069
2011-08-09,10.25410123184227,0.010254101231842271,2666066.3202789905,2665087.519680759,978.8005982316099
2011-08-10,9.448821943431675,0.009448821943431674,2456693.705292235,2455791.7722644927,901.9330277424306
2011-08-11,8.381296716933951,0.008381296716933951,2179137.1464028275,2178337.113513059,800.0328897684813
2011-08-12,8.498268733370072,0.008498268733370071,2209549.8706762185,2208738.6722754925,811.1984007260762
2011-08-13,8.294777105988521,0.008294777105988521,2156642.0475570154,2155850.273357603,791.77419941267
2011-08-14,9.086385060903694,0.009086385060903694,2362460.1158349607,2361592.779056018,867.3367789424956
2011-08-15,9.796999374056085,0.009796999374056085,2547219.837254582,2546284.6691075754,935.1681470065378
2011-08-16,9.942587220896671,0.009942587220896672,2585072.6774331345,2584123.6122640134,949.0651691211388
2011-08-17,9.499760870293644,0.009499760870293644,2469937.8262763475,2469031.0308963656,906.7953799818642
2011-08-18,9.57987750487252,0.009579877504872521,2490768.1512668557,2489853.708389733,914.4428771226667
2011-08-19,9.94745979611369,0.009947459796113691,2586339.5469895597,2585390.016710974,949.5302785858512
2011-08-20,10.184837908242352,0.010184837908242352,2648057.8561430112,2647085.667044027,972.1890989844687
2011-08-21,9.599584092657826,0.009599584092657827,2495891.864091035,2494975.5401304825,916.3239605524577
2011-08-22,9.600380065755164,0.009600380065755164,2496098.817096343,2495182.417156538,916.3999398048036
2011-08-23,9.648936731967598,0.009648936731967598,2508723.5503115756,2507802.515417145,921.0348944305442
2011-08-24,9.621726608728206,0.009621726608728206,2501648.9182693334,2500730.480704918,918.4375644153915
2011-08-25,8.763311974710764,0.008763311974710763,2278461.1134247985,2277624.6154412697,836.4979835287668
2011-08-26,8.818854717808557,0.008818854717808557,2292902.226630225,2292060.426839259,841.7997909658588
2011-08-27,8.862088940127487,0.008862088940127487,2304143.124433147,2303297.197739031,845.9266941156238
2011-08-28,8.662791417837221,0.008662791417837221,2252325.7686376777,2251498.8657984696,826.9028392080218
2011-08-29,9.265187068723595,0.009265187068723596,2408948.637868135,2408064.2336243545,884.4042437803
2011-08-30,9.157246382244532,0.009157246382244532,2380884.059383578,2380009.9585692366,874.1008143415675
2011-08-31,9.568126497722337,0.009568126497722337,2487712.8894078075,2486799.568217761,913.3211900466122
2011-09-01,9.184248964090829,0.009184248964090829,2387904.7306636153,2387028.0523300287,876.6783335865475
2011-09-02,8.246676157549425,0.008246676157549425,2144135.8009628505,2143348.6182177295,787.1827451209538
2011-09-03,6.36675728187572,0.00636675728187572,1655356.893287687,1654749.1573491201,607.7359385669697
2011-09-04,8.378583278929463,0.008378583278929463,2178431.6525216606,2177631.87864189,799.7738797706552
2011-09-05,9.433975673379395,0.009433975673379395,2452833.6750786426,2451933.1591948974,900.51588374516
2011-09-06,8.348268692684242,0.008348268692684242,2170549.860097903,2169752.97988326,796.8802146427333
2011-09-07,8.336672587096539,0.008336672587096538,2167534.8726450996,2166739.0993314744,795.77331362525
2011-09-08,7.845081746041862,0.007845081746041862,2039721.2539708843,2038972.4052387928,748.8487320914865
2011-09-09,7.973961405109175,0.007973961405109175,2073229.9653283856,2072468.8144466917,761.1508816939313
2011-09-10,8.39282913782308,0.00839282913782308,2182135.575834001,2181334.442122209,801.133711792063
2011-09-11,8.603287110763423,0.008603287110763424,2236854.6487984904,2236033.4259160184,821.2228824719787
2011-09-12,9.069110436922502,0.009069110436922502,2357968.7135998504,2357103.025762332,865.687837518286
2011-09-13,9.008850036775666,0.009008850036775666,2342301.0095616733,2341441.073853413,859.9357082601637
2011-09-14,9.053910036783227,0.009053910036783228,2354016.6095636394,2353152.372673446,864.2368901935406
2011-09-15,5.849976494749468,0.005849976494749468,1520993.8886348617,1520435.4817727448,558.4068621168844
2011-09-16,6.358879297105548,0.006358879297105548,1653308.6172474425,1652701.6332983507,606.9839490917511
2011-09-17,5.685006325691051,0.005685006325691051,1478101.6446796732,1477558.9849704774,542.6597091958392
2011-09-18,6.908422855615846,0.0069084228556158455,1796189.9424601197,1795530.5020790442,659.4403810754884
2011-09-19,7.882634509824382,0.007882634509824382,2049484.9725543393,2048732.539240155,752.4333141844254
2011-09-20,7.669358713725546,0.007669358713725546,1994033.265568642,1993301.1903991734,732.0751694685314
2011-09-21,8.066838990314707,0.008066838990314707,2097378.1374818236,2096608.1210122143,770.0164696092252
2011-09-22,7.363121444332459,0.007363121444332459,1914411.5755264394,1913708.7320971016,702.8434293377213
2011-09-23,6.886855528020089,0.0068868555280200885,1790582.437285223,1789925.0556036546,657.381681568455
2011-09-24,7.4818705549336295,0.007481870554933629,1945286.3442827435,1944572.165710728,714.178572015604
2011-09-25,7.909316619095745,0.007909316619095745,2056422.3209648936,2055667.340722029,754.9802428644616
2011-09-26,7.109871863532412,0.007109871863532412,1848566.6845184271,1847888.0149133557,678.6696050714236
2011-09-27,7.697033764832841,0.007697033764832841,2001228.7788565387,2000494.061977576,734.716878962703
2011-09-28,6.481683150726458,0.0064816831507264585,1685237.6191888792,1684618.9130534474,618.7061354317702
2011-09-29,5.926894488812571,0.0059268944888125705,1540992.5670912683,1540426.818056795,565.7490344732068
2011-09-30,7.368356164677859,0.007368356164677859,1915772.6028162434,1915069.259709041,703.3431072023232
2011-10-01,6.995827328021519,0.006995827328021518,1818915.1052855947,1818247.3217501123,667.7835354823619
2011-10-02,7.439698491397682,0.007439698491397682,1934321.6077633973,1933611.4547066446,710.1530567526352
2011-10-03,7.660164674024488,0.007660164674024488,1991642.815246367,1990911.6176898023,731.1975565645844
2011-10-04,7.658888257856176,0.007658888257856176,1991310.9470426056,1990579.8713257695,731.0757168361451
2011-10-05,7.17396900209575,0.0071739690020957494,1865231.940544895,1864547.152576434,684.7879684609361
2011-10-06,8.24490949363681,0.00824490949363681,2143676.468345571,2142889.454236555,787.0141090159304
2011-10-07,7.524993942667813,0.007524993942667813,1956498.4250936315,1955780.1301981315,718.2948954999447
2011-10-08,4.959965383934208,0.004959965383934208,1289590.999822894,1289117.548569075,473.45125381904654
2011-10-09,4.800366651596436,0.004800366651596436,1248095.3294150734,1247637.112586111,458.2168289623223
2011-10-10,5.752166294331509,0.005752166294331509,1495563.2365261924,1495014.1660925462,549.0704336462077
2011-10-11,6.6498494513975475,0.006649849451397547,1728960.8573633623,1728326.0989897111,634.7583736511879
2011-10-12,6.857034870613706,0.006857034870613706,1782829.0663595635,1782174.5311953689,654.5351641946472
2011-10-13,6.809824201797099,0.006809824201797099,1770554.2924672458,1769904.263776104,650.0286911418661
2011-10-14,7.199302849310234,0.007199302849310234,1871818.740820661,1871131.534621265,687.206199395936
2011-10-15,7.016019145838546,0.007016019145838545,1824164.9779180218,1823495.2669816965,669.7109363253694
2011-10-16,6.834954702082689,0.006834954702082689,1777088.222541499,1776435.7950298113,652.4275116876233
2011-10-17,6.7761643017969,0.0067761643017969,1761802.7184671941,1761155.9027665926,646.8157006015535
2011-10-18,7.152390010326904,0.007152390010326904,1859621.402684995,1858938.6745294395,682.7281555554364
2011-10-19,5.917911762060531,0.0059179117620605315,1538657.0581357381,1538092.1665433869,564.8915923512541
2011-10-20,6.551878649446502,0.006551878649446502,1703488.4488560907,1702863.042241057,625.4066150337458
2011-10-21,6.228723868261673,0.006228723868261673,1619468.2057480349,1618873.6457265732,594.5600214616861
2011-10-22,5.996728460389281,0.005996728460389281,1559149.399701213,1558576.984696548,572.415004665032
2011-10-23,6.036349215292375,0.006036349215292375,1569450.7959760176,1568874.5989901018,576.1969859157689
2011-10-24,6.449020970673936,0.006449020970673936,1676745.4523752234,1676129.8639934254,615.5883817980066
2011-10-25,6.793169181975969,0.006793169181975969,1766223.9873137518,1765575.548419999,648.4388937528711
2011-10-26,6.385365495664068,0.0063853654956640684,1660195.0288726578,1659585.5166954545,609.5121772033162
2011-10-27,4.413551836078052,0.004413551836078052,1147523.4773802937,1147102.1837847063,421.29359558736905
2011-10-28,4.261115119207531,0.004261115119207531,1107889.9309939581,1107483.1881762783,406.7428176798858
2011-10-29,5.524842720916403,0.005524842720916402,1436459.1074382646,1435931.7360735685,527.3713646961842
2011-10-30,5.520911374654819,0.005520911374654819,1435436.957410253,1434909.9613104372,526.9960998157039
2011-10-31,6.059188674276736,0.006059188674276735,1575389.055311951,1574810.6781958013,578.3771161497571
2011-11-01,6.582498115341341,0.0065824981153413415,1711449.5099887487,1710821.180606438,628.3293823106214
2011-11-02,6.338169477848044,0.006338169477848044,1647924.0642404915,1647319.0571378362,605.0071026552469
2011-11-03,5.4753830202420275,0.005475383020242027,1423599.585262927,1423076.935051603,522.650211323984
2011-11-04,5.652759827476652,0.0056527598274766526,1469717.5551439296,1469177.9735096453,539.58163428423
2011-11-05,5.797794736381695,0.0057977947363816945,1507426.6314592406,1506873.2055832825,553.4258759580553
2011-11-06,5.401564637451897,0.005401564637451897,1404406.8057374933,1403891.2018265326,515.6039109607227
2011-11-07,5.544655344838632,0.005544655344838632,1441610.3896580443,1441081.1270882871,529.2625697571784
2011-11-08,6.138255139381006,0.006138255139381006,1595946.3362390616,1595360.4118692232,585.9243698383216
2011-11-09,3.3202888217477304,0.0033202888217477304,863275.0936544099,862958.1569857005,316.93666870938614
2011-11-10,4.8009683331413315,0.0048009683331413314,1248251.766616746,1247793.4923545439,458.27426220220514
2011-11-11,5.411361583268263,0.0054113615832682635,1406954.0116497485,1406437.4725757532,516.5390739953145
2011-11-12,5.018027713006702,0.005018027713006702,1304687.2053817424,1304208.211814546,478.99356719641946
2011-11-13,5.098612318245204,0.005098612318245203,1325639.2027437529,1325152.5170094876,486.6857342652511
2011-11-14,2.7339344724818386,0.0027339344724818387,710822.9628452781,710561.9963659458,260.9664793323027
2011-11-15,4.564388778626146,0.004564388778626146,1186741.082442798,1186305.390775038,435.69166776002385
2011-11-16,6.049329499602005,0.006049329499602006,1572825.6698965214,1572248.233883434,577.4360130873974
2011-11-17,4.763745549054701,0.004763745549054702,1238573.8427542225,1238119.1215760505,454.7211781719234
2011-11-18,4.508324521888175,0.004508324521888175,1172164.3756909256,1171734.0356114516,430.34007947403006
2011-11-19,4.189541659047955,0.004189541659047955,1089280.8313524683,1088880.9205470767,399.9108053916134
2011-11-20,2.7361245556055795,0.0027361245556055797,711392.3844574507,711131.2089247237,261.1755327270366
2011-11-21,3.6211239266319413,0.0036211239266319413,941492.2209243047,941146.5681766361,345.65274766855873
2011-11-22,5.865195301859123,0.005865195301859124,1524950.7784833722,1524390.9189169016,559.8595664706081
2011-11-23,4.701988889828705,0.004701988889828705,1222517.1113554633,1222068.2851312838,448.8262241794728
2011-11-24,4.866945805594508,0.004866945805594508,1265405.909454572,1264941.3373425587,464.57211201335303
2011-11-25,4.009337686910048,0.004009337686910048,1042427.7985966124,1042045.089079929,382.70951668336056
2011-11-26,5.5800220522465365,0.0055800220522465365,1450805.7335840994,1450273.0951012722,532.6384828272276
2011-11-27,5.20346814987507,0.00520346814987507,1352901.7189675183,1352405.0242672397,496.6947002785746
2011-11-28,5.109614227470131,0.0051096142274701314,1328499.6991422342,1328011.9632256967,487.7359165374655
2011-11-29,4.750406703782641,0.004750406703782641,1235105.7429834867,1234652.295058761,453.44792472571135
2011-11-30,4.652496449971149,0.00465249644997115,1209649.076992499,1209204.9750467953,444.10194570361637
2011-12-01,3.7589646143474695,0.0037589646143474697,977330.7997303421,976971.9894621316,358.81026821048
2011-12-02,2.843820557503783,0.002843820557503783,739393.3449509837,739121.8893450741,271.45560590957757
2011-12-03,4.728209350328664,0.004728209350328664,1229334.4310854527,1228883.1019990677,451.32908638496883
2011-12-04,2.5917747956244455,0.0025917747956244455,673861.4468623558,673614.0501707217,247.3966916340869
2011-12-05,3.821249086567893,0.003821249086567893,993524.7625076522,993160.0069032984,364.75560435373336
2011-12-06,3.4089181078079585,0.0034089181078079582,886318.7080300691,885993.3112929193,325.3967371498002
2011-12-07,3.7061035862496055,0.0037061035862496054,963586.9324248974,963233.1679822309,353.76444266655017
2011-12-08,4.367405955213866,0.004367405955213866,1135525.5483556052,1135108.6595942178,416.88876138743944
2011-12-09,3.3552453672703058,0.003355245367270306,872363.7954902796,872043.5220603177,320.2734299618751
2011-12-10,1.8790255781131555,0.0018790255781131555,488546.6503094204,488367.2887721812,179.36153723922325
2011-12-11,2.321819499486002,0.002321819499486002,603673.0698663605,603451.4416354995,221.6282308610389
2011-12-12,2.3163761229488755,0.0023163761229488757,602257.7919667077,602036.6833308936,221.10863581404556
2011-12-13,3.3218407194953934,0.0033218407194953933,863678.5870688022,863361.5022643948,317.08480440743733
2011-12-14,3.212640739834394,0.003212640739834394,835286.5923569425,834979.9311872353,306.66116970719304
2011-12-15,2.9682225066709202,0.0029682225066709205,771737.8517344394,771454.5213967017,283.33033773768693
2011-12-16,2.433396597216924,0.002433396597216924,632683.1152764002,632450.8365041082,232.2787722920766
2011-12-17,2.1493931186148973,0.0021493931186148973,558842.2108398733,558637.0414912617,205.1693486116128
2011-12-18,2.789097078559528,0.002789097078559528,725165.2404254773,724899.0084245153,266.2320009620162
2011-12-19,4.645201780385747,0.004645201780385747,1207752.4629002942,1207309.0572639788,443.40563631546684
2011-12-20,4.309566913083888,0.004309566913083888,1120487.3974018109,1120076.0296400466,411.3677617642097
2011-12-21,2.7254466500963863,0.0027254466500963863,708616.1290250605,708355.9727469775,260.1562780829845
2011-12-22,4.767303520166007,0.004767303520166007,1239498.9152431618,1239043.8544404656,455.06080269627273
2011-12-23,2.155919223799844,0.0021559192237998437,560538.9981879594,560333.2058929271,205.79229503229726
2011-12-24,2.2719659289471807,0.002271965928947181,590711.141526267,590494.2720454481,216.86948081897572
2011-12-25,4.147053740901491,0.004147053740901491,1078233.9726343877,1077838.1174940183,395.8551403693855
2011-12-26,4.289752612675137,0.004289752612675137,1115335.6792955357,1114926.202898861,409.47639667475596
2011-12-27,4.399064346896042,0.004399064346896042,1143756.730192971,1143336.8194941152,419.91069885576144
2011-12-28,4.728098299995778,0.004728098299995777,1229305.5579989022,1228854.2395127765,451.3184861256741
2011-12-29,4.425955083809948,0.004425955083809948,1150748.3217905865,1150325.844248593,422.47754199337214
2011-12-30,4.779723195362594,0.004779723195362595,1242728.0307942745,1242271.784477096,456.2463171784766
2011-12-31,4.511846359421246,0.004511846359421246,1173080.053449524,1172649.3771946402,430.6762548838742
2012-01-01,4.684769260132773,0.004684769260132773,1218040.007634521,1217592.8251023109,447.18253221013583
2012-01-02,3.9429355738109146,0.003942935573810914,1025163.2491908377,1024786.8780578466,376.37113299116027
2012-01-03,4.663163240736418,0.004663163240736418,1212422.4425914688,1211977.3224520741,445.12013939465396
2012-01-04,4.345357046650216,0.004345357046650216,1129792.832129056,1129378.0480362696,414.78409278648905
2012-01-05,3.7129410296773013,0.0037129410296773014,965364.6677160984,965010.2506083599,354.41710773843806
2012-01-06,4.547235472177887,0.004547235472177886,1182281.2227662504,1181847.168459604,434.0543066463433
2012-01-07,4.927452102119873,0.004927452102119873,1281137.546551167,1280667.1988379676,470.3477131994441
2012-01-08,3.160066012348903,0.0031600660123489027,821617.1632107147,821315.5205378558,301.64267285889946
2012-01-09,3.7211420518433878,0.003721142051843388,967496.9334792808,967141.7335466783,355.199932602467
2012-01-10,5.156105687727178,0.0051561056877271775,1340587.4788090661,1340095.305071204,492.1737378621474
2012-01-11,5.517363949590411,0.0055173639495904115,1434514.626893507,1433987.9694115475,526.6574819595553
2012-01-12,3.325199234958731,0.0033251992349587313,864551.8010892702,864234.3956992873,317.40538998285774
2012-01-13,3.7560521717054405,0.0037560521717054404,976573.5646434145,976215.0323811,358.53226231446024
2012-01-14,4.4305557708785415,0.004430555770878542,1151944.5004284207,1151521.5837299228,422.9166984979529
2012-01-15,4.857472209952354,0.004857472209952354,1262942.7745876121,1262479.1067733886,463.66781422356144
2012-01-16,3.6876120295448604,0.0036876120295448603,958779.1276816637,958427.1283421842,351.9993394794874
2012-01-17,5.175978526317956,0.005175978526317956,1345754.4168426686,1345260.3461519813,494.07069068728015
2012-01-18,4.40816045626809,0.00440816045626809,1146121.7186297034,1145700.9396658388,420.77896386454813
2012-01-19,5.171548575410288,0.005171548575410288,1344602.629606675,1344108.9817749492,493.6478317256551
2012-01-20,5.54262071178796,0.005542620711787959,1441081.3850648694,1440552.3167100903,529.0683547791559
2012-01-21,3.379597579288729,0.0033795975792887288,878695.3706150695,878372.7726557166,322.59795935289003
2012-01-22,4.889673809568,0.004889673809568,1271315.19048768,1270848.4488843204,466.74160335958004
2012-01-23,5.141765117528467,0.005141765117528467,1336858.9305574016,1336368.125692186,490.8048652156722
2012-01-24,3.5603984816997096,0.00356039848169971,925703.6052419245,925363.7490141541,339.85622777044773
2012-01-25,3.8246428249456983,0.003824642824945698,994407.1344858815,994042.054933765,365.079552116571
2012-01-26,5.49892116172748,0.00549892116172748,1429719.5020491448,1429194.6050151645,524.8970339803491
2012-01-27,5.132088862233017,0.005132088862233017,1334343.1041805844,1333853.2229579443,489.8812226401642
2012-01-28,4.731797206262714,0.004731797206262714,1230267.2736283056,1229815.6020647543,451.67156355129555
2012-01-29,4.226401728554041,0.004226401728554041,1098864.4494240507,1098461.0201573852,403.4292666655965
2012-01-30,3.634964604989652,0.0036349646049896518,945090.7972973095,944743.8233939443,346.9739033652004
2012-01-31,3.5551385312438573,0.0035551385312438573,924336.0181234028,923996.6639818256,339.35414157726336
2012-02-01,5.274990890825323,0.005274990890825323,1371497.6316145838,1370994.109743396,503.5218711877242
2012-02-02,3.941619041562209,0.003941619041562209,1024820.9508061743,1024444.7053421738,376.24546400050167
2012-02-03,4.618854704853411,0.004618854704853411,1200902.223261887,1200461.3325737575,440.8906881294679
2012-02-04,3.5371173464442616,0.0035371173464442615,919650.510075508,919312.8761379803,337.63393752777483
2012-02-05,3.324167192872144,0.0033241671928721443,864283.4701467576,863966.1632698856,317.3068768719677
2012-02-06,3.5260241451101266,0.0035260241451101266,916766.2777286329,916429.7026876244,336.5750410085311
2012-02-07,4.891590369754343,0.004891590369754343,1271813.4961361291,1271346.571588383,466.92454774607904
2012-02-08,3.1923199855626576,0.0031923199855626574,830003.1962462909,829698.4747849978,304.72146129317116
2012-02-09,4.969564107772976,0.004969564107772976,1292086.668020974,1291612.3005253095,474.3674956643954
2012-02-10,4.527357205825858,0.004527357205825858,1177112.873514723,1176680.7166790063,432.1568357166834
2012-02-11,4.821418564244761,0.00482141856424476,1253568.8267036376,1253108.6003738688,460.22632976877503
2012-02-12,2.3012556796344046,0.0023012556796344046,598326.4767049452,598106.8113842133,219.6653207319323
2012-02-13,4.586343563945014,0.004586343563945014,1192449.3266257036,1192011.5392738346,437.7873518690467
2012-02-14,5.7427970217059165,0.005742797021705917,1493127.2256435384,1492579.049549576,548.1760939625092
2012-02-15,5.7845815673948415,0.005784581567394842,1503991.2075226589,1503439.0429037742,552.1646188846789
2012-02-16,4.419804193836976,0.004419804193836976,1149149.0903976138,1148727.1999860427,421.8904115711339
2012-02-17,2.4778045382529124,0.0024778045382529124,644229.1799457573,643992.662233526,236.5177122312598
2012-02-18,6.167803876223261,0.006167803876223261,1603629.007818048,1603040.2628868904,588.7449311574455
2012-02-19,5.901354608931065,0.0059013546089310654,1534352.198322077,1533788.887185294,563.3111367831007
2012-02-20,5.247898836066949,0.005247898836066949,1364453.6973774068,1363952.7615660604,500.9358113463968
2012-02-21,4.507358649861188,0.004507358649861188,1171913.2489639088,1171483.0010813125,430.2478825962171
2012-02-22,6.649855788768036,0.006649855788768037,1728962.5050796894,1728327.7461011074,634.7589785819873
2012-02-23,5.588761931157217,0.005588761931157217,1453078.1021008764,1452544.6293568583,533.4727440180723
2012-02-24,6.056123603022461,0.006056123603022461,1574592.13678584,1574014.0522446814,578.0845411585178
2012-02-25,6.3159201610742475,0.006315920161074248,1642139.2418793044,1641536.358575125,602.8833041794132
2012-02-26,6.601775468547215,0.006601775468547216,1716461.6218222762,1715831.4523289285,630.1694933476392
2012-02-27,5.147920927181619,0.005147920927181618,1338459.4410672206,1337968.0486019768,491.3924652438145
2012-02-28,5.0061180037811726,0.005006118003781173,1301590.680983105,1301112.8242518194,477.8567312855739
2012-03-01,6.136069106965945,0.006136069106965946,1595377.9678111458,1594792.2521080438,585.7157031020615
2012-03-02,7.095275132466456,0.007095275132466455,1844771.5344412783,1844094.2581605732,677.2762807051186
2012-03-03,7.340187217365312,0.007340187217365312,1908448.676514981,1907748.0222619122,700.6542530688457
2012-03-04,6.878040207671836,0.006878040207671836,1788290.4539946772,1787633.913775528,656.5402191490866
2012-03-05,7.617417160414237,0.007617417160414237,1980528.4617077017,1979801.344595727,727.1171119746286
2012-03-06,5.493957154042846,0.005493957154042846,1428428.86005114,1427904.4368542696,524.423196870368
2012-03-07,6.7468618148926724,0.006746861814892672,1754184.0718720949,1753540.053227136,644.0186449589673
2012-03-08,6.578186257082952,0.006578186257082952,1710328.4268415675,1709700.509045738,627.9177958294749
2012-03-09,3.60059571229646,0.00360059571229646,936154.8851970796,935811.1919608316,343.6932362479856
2012-03-10,2.924175111734161,0.002924175111734161,760285.5290508819,760006.4032373185,279.1258135633543
2012-03-11,6.977601211064693,0.006977601211064693,1814176.31487682,1813510.2711070937,666.0437697262969
2012-03-12,7.326740888778513,0.0073267408887785134,1904952.6310824135,1904253.260342562,699.3707398513798
2012-03-13,3.998238632189968,0.003998238632189968,1039542.0443693917,1039160.3943079599,381.65006143180653
2012-03-14,5.687110806253459,0.005687110806253459,1478648.8096258994,1478105.9490344627,542.8605914367363
2012-03-15,5.215081481640372,0.0052150814816403716,1355921.1852264965,1355423.3819808834,497.80324561311863
2012-03-16,5.246519876155353,0.005246519876155353,1364095.1678003918,1363594.3636170404,500.80418335134163
2012-03-17,4.463822332972719,0.004463822332972719,1160593.806572907,1160167.7144297608,426.09214314608835
2012-03-18,6.782786478918226,0.006782786478918226,1763524.4845187387,1762877.036701213,647.4478175255936
2012-03-19,6.4576718802370845,0.0064576718802370845,1678994.688861642,1678378.2747111819,616.4141504601575
2012-03-20,7.458651029474308,0.007458651029474308,1939249.26766332,1938537.305500612,711.9621627081651
2012-03-21,8.057742814181626,0.008057742814181626,2095013.1316872227,2094243.9834889949,769.1481982278638
2012-03-22,7.852301112344493,0.007852301112344492,2041598.289209568,2040848.7513561293,749.53785343864
2012-03-23,8.300899477367274,0.008300899477367275,2158233.8641154915,2157441.505507886,792.3586076055653
2012-03-24,8.316588180799883,0.008316588180799884,2162312.92700797,2161519.07084227,793.8561657001264
2012-03-25,7.811212762024424,0.007811212762024424,2030915.3181263502,2030169.7023428194,745.6157835307531
2012-03-26,5.639526267746906,0.005639526267746906,1466276.8296141955,1465738.5111833736,538.318430821877
2012-03-27,7.123965571933534,0.007123965571933535,1852231.048702719,1851551.0337890824,680.0149136364926
2012-03-28,7.213594012466373,0.007213594012466374,1875534.4432412572,1874845.8728853418,688.5703559154645
2012-03-29,6.0856542075386795,0.006085654207538679,1582270.0939600565,1581689.1905883916,580.9033716649283
2012-03-30,8.041011224266699,0.008041011224266698,2090662.9183093414,2089895.3672174662,767.5510918751825
2012-03-31,8.391124725362111,0.00839112472536211,2181692.4285941487,2180891.4575762777,800.971017871052
2012-04-01,8.123071937319263,0.008123071937319263,2111998.7037030086,2111223.3195428606,775.3841601479799
2012-04-02,8.979437436339083,0.008979437436339083,2334653.7334481617,2333796.605306382,857.1281417799182
2012-04-03,8.444037600559254,0.008444037600559253,2195449.7761454056,2194643.754352949,806.0217924565077
2012-04-04,7.96790511920822,0.00796790511920822,2071655.3309941373,2070894.7582124765,760.5727816608269
2012-04-05,8.346037614081498,0.008346037614081498,2169969.7796611893,2169173.112413146,796.6672480432317
2012-04-06,8.324650471275481,0.008324650471275482,2164409.1225316254,2163614.496783632,794.6257479935884
2012-04-07,7.0677802758739965,0.0070677802758739965,1837622.871727239,1836948.2199556422,674.6517715968657
2012-04-08,8.068292104492611,0.008068292104492612,2097755.947168079,2096985.791992113,770.1551759662107
2012-04-09,7.151553671508312,0.007151553671508312,1859403.954592161,1858721.3062689495,682.6483232115861
2012-04-10,7.967682911606237,0.007967682911606237,2071597.5570176216,2070837.005446687,760.5515709344763
2012-04-11,6.664295292189334,0.006664295292189334,1732716.7759692268,1732080.6386743726,636.1372948542703
2012-04-12,6.00023602632332,0.006000236026323319,1560061.366844063,1559488.617026277,572.7498177860398
2012-04-13,7.465310055105447,0.007465310055105447,1940980.6143274163,1940268.0165304265,712.5977969898377
2012-04-14,8.517009811769528,0.008517009811769527,2214422.5510600773,2213609.5637381836,812.9873218936846
2012-04-15,9.300800142521139,0.009300800142521139,2418208.037055496,2417320.2333818534,887.8036736426875
2012-04-16,7.75505811127514,0.007755058111275141,2016315.1089315366,2015574.853364811,740.2555667255074
2012-04-17,8.612444897618447,0.008612444897618447,2239235.6733807963,2238413.576345919,822.0970348771662
2012-04-18,9.17468769952135,0.00917468769952135,2385418.8018755508,2384543.036208152,875.7656673989259
2012-04-19,8.3095759808806,0.0083095759808806,2160489.755028956,2159696.5682096295,793.1868193265982
2012-04-20,9.14843100947307,0.00914843100947307,2378592.062462998,2377718.80311608,873.2593469182029
2012-04-21,8.254666611495354,0.008254666611495353,2146213.3189887917,2145425.373518501,787.9454702907242
2012-04-22,9.665464753733655,0.009665464753733656,2513020.8359707505,2512098.223401473,922.6125692776404
2012-04-23,8.888182227586993,0.008888182227586994,2310927.3791726185,2310078.9617555426,848.4174170759507
2012-04-24,9.57469118364699,0.00957469118364699,2489419.7077482175,2488505.7599290432,913.9478191742674
2012-04-25,9.29847431500911,0.009298474315009108,2417603.321902368,2416715.7402395396,887.5816628285684
2012-04-26,9.13206047190727,0.00913206047190727,2374335.72269589,2373464.0259912354,871.6967046544887
2012-04-27,8.649428629625808,0.008649428629625807,2248851.44370271,2248025.8164024106,825.6273002992384
2012-04-28,6.626724022292509,0.006626724022292509,1722948.2457960523,1722315.6948497838,632.5509462684859
2012-04-29,6.998452085878923,0.006998452085878923,1819597.54232852,1818929.508247963,668.0340805570595
2012-04-30,7.310539246744986,0.007310539246744986,1900740.2041536963,1900042.379934262,697.8242194342893
2012-05-01,7.667095016301093,0.007667095016301093,1993444.7042382841,1992712.8451490302,731.859089253936
2012-05-02,6.722052832580729,0.006722052832580729,1747733.7364709897,1747092.0859562235,641.6505147661082
2012-05-03,8.206079586611699,0.008206079586611698,2133580.6925190417,2132797.38490125,783.3076177919284
2012-05-04,9.131990523951005,0.009131990523951005,2374317.536227261,2373445.846199457,871.6900278041139
2012-05-05,7.3441115564754105,0.00734411155647541,1909469.0046836068,1908767.975834522,701.0288490848616
2012-05-06,8.704973263732386,0.008704973263732386,2263293.0485704206,2262462.119282179,830.9292882415466
2012-05-07,6.836888234177621,0.006836888234177621,1777590.9408861815,1776938.3288100618,652.6120761197526
2012-05-08,4.500261157098738,0.004500261157098738,1170067.9008456718,1169638.330451039,429.5703946328722
2012-05-09,5.612449638652593,0.005612449638652593,1459236.9060496741,1458701.172206244,535.7338434301782
2012-05-10,3.9424519234846573,0.003942451923484657,1025037.5001060109,1024661.175139643,376.3249663679162
2012-05-11,8.46900588172095,0.00846900588172095,2201941.529247447,2201133.124118998,808.4051284487359
2012-05-12,8.153891500615265,0.008153891500615264,2120011.7901599687,2119233.4641323364,778.3260276322253
2012-05-13,8.337461448240058,0.008337461448240057,2167739.9765424146,2166944.1279284055,795.8486140090972
2012-05-14,5.8639604376957815,0.005863960437695781,1524629.7138009032,1524069.972107833,559.7416930701584
2012-05-15,6.825125610200646,0.0068251256102006466,1774532.658652168,1773881.169372003,651.4892801649403
2012-05-16,8.732412937064389,0.008732412937064388,2270427.363636741,2269593.815106884,833.5485298568383
2012-05-17,9.828044573251242,0.009828044573251243,2555291.589045323,2554353.4574928596,938.1315524633974
2012-05-18,9.88141392406618,0.00988141392406618,2569167.6202572067,2568224.3943574843,943.2258997224271
2012-05-19,9.267488893633654,0.009267488893633654,2409547.11234475,2408662.4883813136,884.6239634365775
2012-05-20,9.692835257226008,0.009692835257226008,2520137.166878762,2519211.9416704453,925.2252083169296
2012-05-21,9.163189935307068,0.009163189935307068,2382429.383179838,2381554.715026325,874.6681535127573
2012-05-22,9.551236486145802,0.009551236486145802,2483321.4863979085,2482409.7774362825,911.7089616260491
2012-05-23,9.772498225626284,0.009772498225626284,2540849.538662834,2539916.709261876,932.8294009580277
2012-05-24,9.238081689987533,0.009238081689987533,2401901.2393967584,2401019.4224846535,881.8169121048413
2012-05-25,6.397408902243273,0.006397408902243273,1663326.314583251,1662715.6528081163,610.6617751347367
2012-05-26,8.628285897293807,0.008628285897293806,2243354.33329639,2242530.724166049,823.6091303406283
2012-05-27,6.919992030242631,0.006919992030242631,1799197.927863084,1798537.3831516737,660.5447114103008
2012-05-28,9.374384968864499,0.009374384968864499,2437340.0919047697,2436445.2642247886,894.8276799810119
2012-05-29,9.711227179623174,0.009711227179623173,2524919.066702025,2523992.085901069,926.980800956022
2012-05-30,10.235862287366674,0.010235862287366674,2661324.194715335,2660347.1351073044,977.0596080305986
2012-05-31,7.777928534256911,0.007777928534256911,2022261.418906797,2021518.9802541833,742.4386526136659
2012-06-01,8.844918965578678,0.008844918965578678,2299678.931050456,2298834.6433085003,844.2877419558354
2012-06-02,9.201686288274404,0.009201686288274403,2392438.434951345,2391560.09214586,878.3428054847755
2012-06-03,9.337565490262131,0.00933756549026213,2427767.0274681537,2426875.7143748603,891.3130932934582
2012-06-04,8.954955421577266,0.008954955421577265,2328288.409610089,2327433.618387962,854.7912221266888
2012-06-05,9.274629371138348,0.009274629371138347,2411403.63649597,2410518.3309414806,885.3055544896051
2012-06-06,10.073372972019621,0.010073372972019622,2619076.9727251017,2618115.4234612226,961.5492638791911
2012-06-07,9.001107570741956,0.009001107570741957,2340287.9683929086,2339428.771738244,859.1966546643525
2012-06-08,9.535432422085501,0.0095354324220855,2479212.42974223,2478302.2293503955,910.2003918346018
2012-06-09,10.307902388565019,0.01030790238856502,2680054.6210269053,2679070.6848635767,983.936163328588
2012-06-10,9.869044261310085,0.009869044261310085,2565951.507940622,2565009.462781467,942.0451591550373
2012-06-11,10.271855380644544,0.010271855380644544,2670682.3989675813,2669701.9036551006,980.4953124807216
2012-06-12,10.45842538711764,0.010458425387117639,2719190.600650586,2718192.2963824673,998.3042681189254
2012-06-13,9.526681079123492,0.009526681079123491,2476937.080572108,2476027.71553576,909.365036347881
2012-06-14,8.807969380222957,0.008807969380222958,2290072.038857969,2289231.2781219822,840.7607359867543
2012-06-15,10.043246393040938,0.010043246393040939,2611244.062190644,2610285.388645744,958.6735449000262
2012-06-16,9.657620267034176,0.009657620267034176,2510981.269428886,2510059.405651541,921.8637773450464
2012-06-17,10.29543567253875,0.010295435672538749,2676813.2748600747,2675830.52870149,982.7461585849524
2012-06-18,10.536978113222988,0.010536978113222987,2739614.3094379767,2738608.506954893,1005.8024830836803
2012-06-19,10.607365633110916,0.010607365633110917,2757915.0646088384,2756902.5433168593,1012.5212919791229
2012-06-20,11.422456616005263,0.011422456616005263,2969838.7201613686,2968748.3947280385,1090.3254333301447
2012-06-21,9.320696956525476,0.009320696956525475,2423381.2086966233,2422491.5057815933,889.7029150300659
2012-06-22,8.914717280953694,0.008914717280953693,2317826.49304796,2316975.542739359,850.9503086009063
2012-06-23,9.450774350012225,0.009450774350012224,2457201.3310031784,2456299.211609348,902.1193938301876
2012-06-24,10.008298737039933,0.010008298737039933,2602157.6716303825,2601202.33399819,955.3376321927644
2012-06-25,9.922139138530973,0.009922139138530973,2579756.176018053,2578809.0627113916,947.1133066616021
2012-06-26,9.95124336553796,0.009951243365537961,2587323.27503987,2586373.3836023747,949.8914374951273
2012-06-27,10.278171310784717,0.010278171310784718,2672324.5408040266,2671343.442607289,981.0981967374682
2012-06-28,10.71645619850751,0.01071645619850751,2786278.6116119525,2785255.6771293622,1022.9344825902954
2012-06-29,10.632657723287275,0.010632657723287276,2764491.008054692,2763476.0725176767,1014.9355370150879
2012-06-30,9.450815757995173,0.009450815757995173,2457212.097078745,2456309.973732334,902.1233464106917
2012-07-01,8.55217527546708,0.00855217527546708,2223565.571621441,2222749.2275961046,816.344025336206
2012-07-02,9.56067156163174,0.009560671561631739,2485774.6060242523,2484861.9964417606,912.6095824916847
2012-07-03,10.369778480202731,0.010369778480202731,2696142.40485271,2695152.5623350223,989.8425176879391
2012-07-04,9.42151842330575,0.00942151842330575,2449594.7900594953,2448695.463276925,899.3267825702205
2012-07-05,8.876245259573635,0.008876245259573635,2307823.767489145,2306976.4895099555,847.27797918953
2012-07-06,9.845655882876889,0.009845655882876888,2559870.5295479908,2558930.7169159274,939.8126320634037
2012-07-07,9.45229073745676,0.009452290737456761,2457595.5917387577,2456693.3275988493,902.2641399083659
2012-07-08,9.237721303504506,0.009237721303504505,2401807.5389111713,2400925.756399595,881.7825115760788
2012-07-09,8.409412518195293,0.008409412518195292,2186447.254730776,2185644.538059906,802.7166708698496
2012-07-10,6.735945689182141,0.006735945689182141,1751345.8791873567,1750702.9025362434,642.9766511132475
2012-07-11,6.587328799118243,0.006587328799118243,1712705.4877707432,1712076.697277696,628.7904930470977
2012-07-12,8.897314378071831,0.00889731437807183,2313301.738298676,2312452.4491763036,849.2891223724
2012-07-13,9.185238338640303,0.009185238338640303,2388161.968046479,2387285.195272592,876.7727738870308
2012-07-14,8.457485536007106,0.008457485536007106,2198946.2393618473,2198138.9339027912,807.3054590560496
2012-07-15,9.207892333007377,0.009207892333007377,2394052.0065819183,2393173.0713812388,878.9352006795816
2012-07-16,9.877356585309657,0.009877356585309657,2568112.7121805106,2567169.873572225,942.8386082854122
2012-07-17,9.630252431655705,0.009630252431655705,2503865.6322304835,2502946.380837494,919.2513929894194
2012-07-18,7.4860399471651276,0.0074860399471651275,1946370.386262933,1945655.8097034665,714.5765594665427
2012-07-19,8.107092778712838,0.008107092778712839,2107844.122465338,2107070.263588552,773.8588767861947
2012-07-20,9.696773602834877,0.009696773602834878,2521161.136737068,2520235.5355957514,925.6011413168162
2012-07-21,9.744930907851607,0.009744930907851607,2533682.0360414176,2532751.8380663176,930.1979751000181
2012-07-22,10.045131320679234,0.010045131320679234,2611734.143376601,2610775.289906785,958.8534698160365
2012-07-23,10.480876952203408,0.010480876952203408,2725028.007572886,2724027.56020077,1000.4473721161485
2012-07-24,10.494452359728607,0.010494452359728608,2728557.613529438,2727555.870322933,1001.743206505198
2012-07-25,10.121017220750604,0.010121017220750603,2631464.477395157,2630498.38027105,966.0971241067164
2012-07-26,9.110080139099056,0.009110080139099056,2368620.8361657546,2367751.2375838333,869.5985819213092
2012-07-27,7.750213382332809,0.007750213382332809,2015055.4794065305,2014315.6862912164,739.7931153140962
2012-07-28,9.71847479737018,0.00971847479737018,2526803.4473162466,2525875.7746972144,927.6726190322079
2012-07-29,9.882422426173925,0.009882422426173924,2569429.83080522,2568486.508639385,943.3221658351831
2012-07-30,9.907359132442352,0.009907359132442351,2575913.3744350113,2574967.6719471505,945.7024878608063
2012-07-31,9.991243717193134,0.009991243717193133,2597723.3664702144,2596769.6568172323,953.7096529821865
2012-08-01,10.272543697390482,0.010272543697390482,2670861.3613215256,2669880.8003060813,980.561015444342
2012-08-02,10.495066731712283,0.010495066731712284,2728717.3502451936,2727715.548394088,1001.8018511054106
2012-08-03,10.613330038786996,0.010613330038786997,2759465.810084619,2758452.719462992,1013.0906216269359
2012-08-04,10.330585710104804,0.010330585710104805,2685952.284627249,2684966.1832377156,986.1013895333745
2012-08-05,9.749802602958736,0.009749802602958737,2534948.6767692715,2534018.013768717,930.663000554312
2012-08-06,9.299856146380153,0.009299856146380153,2417962.59805884,2417074.8844939223,887.7135649174452
2012-08-07,9.659841673887867,0.009659841673887866,2511558.8352108453,2510636.759390113,922.0758207323961
2012-08-08,9.67443487205001,0.009674434872050011,2515353.066733003,2514429.5979251363,923.4688078667969
2012-08-09,7.408917156195675,0.0074089171561956746,1926318.4606108754,1925611.2457725613,707.214838314103
2012-08-10,9.129839514208939,0.009129839514208938,2373758.273694324,2372886.788990183,871.4847041410394
2012-08-11,9.316002320601251,0.00931600232060125,2422160.603356325,2421271.348565645,889.2547906800173
2012-08-12,10.009157068496037,0.010009157068496038,2602380.83780897,2601425.418245136,955.4195638340898
2012-08-13,8.214502572137325,0.008214502572137326,2135770.6687557045,2134986.5571256364,784.1116300681606
2012-08-14,9.213550865708966,0.009213550865708965,2395523.225084331,2394643.74975097,879.4753333609551
2012-08-15,9.838649964864484,0.009838649964864483,2558048.990864766,2557109.8469794397,939.1438853261061
2012-08-16,9.920336009945379,0.009920336009945378,2579287.3625857984,2578340.421395961,946.9411898371764
2012-08-17,9.20236742954101,0.00920236742954101,2392615.5316806627,2391737.123857146,878.4078235165216
2012-08-18,6.707852405727521,0.00670785240572752,1744041.6254891553,1743401.3304697159,640.2950194394216
2012-08-19,7.256072498240223,0.007256072498240223,1886578.849542458,1885886.2244218835,692.6251205746084
2012-08-20,8.719528491473406,0.008719528491473406,2267077.4077830855,2266245.089132159,832.3186509264633
2012-08-21,9.428990265202954,0.009428990265202953,2451537.468952768,2450637.4289489067,900.0400038613006
2012-08-22,9.594337854315972,0.009594337854315972,2494527.8421221524,2493612.0189389098,915.8231832426973
2012-08-23,9.680714568692634,0.009680714568692635,2516985.787860085,2516061.7196266134,924.0682334713638
2012-08-24,9.376422450078104,0.009376422450078104,2437869.837020307,2436974.8148534778,895.0221668290906
2012-08-25,8.942373578101884,0.008942373578101884,2325017.1303064898,2324163.540078545,853.5902279447764
2012-08-26,9.752832071231717,0.009752832071231718,2535736.3385202466,2534805.386343167,930.9521770793945
2012-08-27,8.83789791982333,0.00883789791982333,2297853.4591540657,2297009.841602859,843.6175512066111
2012-08-28,7.588442317690133,0.007588442317690134,1972995.0025994347,1972270.6512679756,724.3513314591255
2012-08-29,6.724438811927142,0.006724438811927142,1748354.091101057,1747712.2128337107,641.8782673461828
2012-08-30,8.67818115734539,0.00867818115734539,2256327.1009098017,2255498.7290499653,828.3718598363921
2012-08-31,8.46618115287943,0.008466181152879431,2201207.099748652,2200398.9642534177,808.1354952342808
2012-09-01,9.56501490128568,0.00956501490128568,2486903.8743342767,2485990.850160261,913.0241740155034
2012-09-02,9.52348409606286,0.009523484096062861,2476105.8649763437,2475196.805106569,909.0598697746173
2012-09-03,9.41161093729956,0.00941161093729956,2447018.8436978855,2446120.462629914,898.3810679716989
2012-09-04,9.241915607161088,0.009241915607161089,2402898.057861883,2402015.8749849475,882.1828769356944
2012-09-05,9.315670782966869,0.009315670782966868,2422074.403571386,2421185.180427481,889.2231439049356
2012-09-06,9.384562553595215,0.009384562553595216,2439986.263934756,2439090.464758025,895.7991767311469
2012-09-07,9.117182525865188,0.009117182525865188,2370467.4567249487,2369597.180187909,870.2765370397829
2012-09-08,8.830117266284955,0.008830117266284954,2295830.489234088,2294987.6143816477,842.87485244032
2012-09-09,8.083539947064878,0.008083539947064879,2101720.3862368683,2100948.7755849813,771.610651887022
2012-09-10,8.544987362875531,0.008544987362875532,2221696.714347638,2220881.0564412493,815.6579063888639
2012-09-11,8.799372474204848,0.008799372474204847,2287836.8432932603,2286996.9031710518,839.940122208558
2012-09-12,8.468485007913488,0.008468485007913487,2201806.102057507,2200997.7466488318,808.3554086750373
2012-09-13,7.09841154943685,0.00709841154943685,1845587.002853581,1844909.4271876116,677.5756659694016
2012-09-14,3.7924310374225616,0.0037924310374225618,986032.0697298661,985670.0649393678,362.004790498293
2012-09-15,4.064157701725525,0.004064157701725525,1056681.0024486363,1056293.0601122174,387.9423364188988
2012-09-16,6.758352934941422,0.0067583529349414225,1757171.76308477,1756526.6475601408,645.115524629131
2012-09-17,5.84606545959224,0.00584606545959224,1519977.0194939824,1519418.9859579587,558.0335360236932
2012-09-18,7.419945576463543,0.0074199455764635425,1929185.849880521,1928477.5823293352,708.267551185796
2012-09-19,7.523541361747708,0.007523541361747708,1956120.754054404,1955402.5978143592,718.1562400448602
2012-09-20,8.067970618730108,0.008067970618730108,2097672.360869828,2096902.23638114,770.124488688074
2012-09-21,7.988614319688575,0.007988614319688576,2077039.7231190298,2076277.1735499976,762.549569032155
2012-09-22,7.715945972651647,0.007715945972651647,2006145.9528894282,2005409.4307542164,736.5221352118533
2012-09-23,7.843343585068375,0.007843343585068375,2039269.3321177776,2038520.6493010563,748.6828167212661
2012-09-24,8.627447542744711,0.008627447542744712,2243136.361113625,2242312.8320080386,823.5291055864654
2012-09-25,8.634826382694756,0.008634826382694756,2245054.8595006363,2244230.626051218,824.2334494185634
2012-09-26,6.985990368499413,0.006985990368499413,1816357.4958098475,1815690.65125689,666.8445529574528
2012-09-27,6.561106461509991,0.0065611064615099905,1705887.6799925976,1705261.3925409343,626.2874516632874
2012-09-28,4.522696310436649,0.004522696310436648,1175901.0407135286,1175469.3287814746,431.7119320540223
2012-09-29,6.340880641077582,0.006340880641077583,1648628.9666801714,1648023.7007846555,605.2658955159131
2012-09-30,7.764815637406916,0.007764815637406916,2018852.065725798,2018110.878758826,741.1869669719599
2012-10-01,6.958874720539997,0.006958874720539997,1809307.4273403992,1808643.1710993615,664.2562410377432
2012-10-02,7.115961308836645,0.007115961308836644,1850149.9402975275,1849470.689427207,679.2508703204803
2012-10-03,7.769347573077057,0.0077693475730770565,2020030.3690000346,2019288.7494391918,741.6195608428679
2012-10-04,6.084155272155082,0.006084155272155081,1581880.3707603212,1581299.6104688558,580.7602914653253
2012-10-05,7.308982393055461,0.007308982393055462,1900335.4221944201,1899637.7465837512,697.6756106689572
2012-10-06,6.952093265064358,0.006952093265064358,1807544.248916733,1806880.6399964625,663.6089202705771
2012-10-07,3.677951571393446,0.003677951571393446,956267.408562296,955916.3313574827,351.0772048132494
2012-10-08,5.955678616017227,0.0059556786160172275,1548476.4401644792,1547907.9435541541,568.4966103250626
2012-10-09,6.936512106860052,0.006936512106860052,1803493.1477836135,1802831.0261557568,662.1216278567445
2012-10-10,5.297172052246846,0.005297172052246846,1377264.73358418,1376759.0944202547,505.63916392531246
2012-10-11,5.884203884235402,0.005884203884235401,1529893.0099012044,1529331.335879095,561.6740221094806
2012-10-12,7.025958577036056,0.007025958577036057,1826749.2300293748,1826078.5703291371,670.6597002376802
2012-10-13,5.874300727477301,0.005874300727477301,1527318.1891440984,1526757.460423341,560.7287207574118
2012-10-14,6.924865788556086,0.0069248657885560855,1800465.1050245822,1799804.095090775,661.0099338071886
2012-10-15,4.506953063936201,0.004506953063936201,1171807.7966234123,1171377.587455837,430.2091675752308
2012-10-16,4.339819576389964,0.0043398195763899635,1128353.0898613904,1127938.8343453247,414.25551606575027
2012-10-17,6.382684163947436,0.006382684163947436,1659497.8826263333,1658888.626394437,609.2562318963464
2012-10-18,6.245714300796607,0.006245714300796607,1623885.7182071176,1623289.536371598,596.1818355196156
2012-10-19,6.7648043470963035,0.006764804347096303,1758849.1302450388,1758203.3989037783,645.7313412604854
2012-10-20,6.3887003821975386,0.006388700382197538,1661062.09937136,1660452.2688640698,609.8305072900839
2012-10-21,6.595449233847324,0.006595449233847324,1714816.8008003042,1714187.2351748303,629.5656254738569
2012-10-22,6.79080619347689,0.006790806193476891,1765609.6103039915,1764961.3969682376,648.2133357538842
2012-10-23,6.438877895583874,0.006438877895583874,1674108.2528518073,1673493.6326726573,614.6201791500207
2012-10-24,5.203503855747327,0.005203503855747327,1352911.0024943051,1352414.3043857387,496.69810856645927
2012-10-25,6.335024088204193,0.006335024088204193,1647106.26293309,1646501.5560721816,604.70686090854
2012-10-26,3.7287841465464897,0.0037287841465464895,969483.8781020873,969127.9486967892,355.929405298084
2012-10-27,3.812936643688309,0.003812936643688309,991363.5273589604,990999.5652150845,363.96214387589134
2012-10-28,5.59259664047854,0.00559259664047854,1454075.1265244205,1453541.2877399572,533.838784463238
2012-10-29,6.043675316093566,0.0060436753160935655,1571355.582184327,1570778.6858887707,576.8962955563329
2012-10-30,5.50269593594631,0.00550269593594631,1430700.9433460406,1430175.6859926935,525.2573533470277
2012-10-31,4.856442211964429,0.0048564422119644285,1262674.9751107513,1262211.4056145202,463.5694962311536
2012-11-01,5.134584980999755,0.005134584980999755,1334992.0950599362,1334501.9755714072,490.11948852892965
2012-11-02,6.212939989660065,0.0062129399896600655,1615364.397311617,1614771.343933153,593.0533784639556
2012-11-03,5.76814879967839,0.00576814879967839,1499718.6879163815,1499168.0918799115,550.5960364700295
2012-11-04,5.1655922102663405,0.005165592210266341,1343053.9746692486,1342560.8953996652,493.079269583337
2012-11-05,6.00674113969499,0.006006741139694989,1561752.6963206972,1561179.3255602547,573.3707604424562
2012-11-06,5.30884144945304,0.005308841449453041,1380298.7768577905,1379792.0237968294,506.7530609611422
2012-11-07,5.9440965038323705,0.00594409650383237,1545465.0909964163,1544897.6999513747,567.3910450416151
2012-11-08,6.1938094737553655,0.0061938094737553654,1610390.463176395,1609799.2358926798,591.2272837152705
2012-11-09,5.907420380081893,0.005907420380081893,1535929.2988212921,1535365.4086790655,563.8901422265917
2012-11-10,5.882727760805208,0.005882727760805208,1529509.217809354,1528947.6846899393,561.5331194147002
2012-11-11,5.319731593841889,0.005319731593841889,1383130.2143988912,1382622.4218241198,507.7925747714471
2012-11-12,5.050733968546896,0.005050733968546896,1313190.831822193,1312708.716294157,482.11552803590894
2012-11-13,3.906313292398313,0.003906313292398313,1015641.4560235613,1015268.5806538891,372.87536967219785
2012-11-14,4.893837868737306,0.004893837868737306,1272397.8458716995,1271930.7067899539,467.1390817456413
2012-11-15,4.133496643809758,0.004133496643809758,1074709.127390537,1074314.5663367426,394.561053794343
2012-11-16,3.070152928939905,0.003070152928939905,798239.7615243753,797946.7014642525,293.06006012274884
2012-11-17,5.267173582252375,0.005267173582252375,1369465.1313856174,1368962.355712086,502.7756735314615
2012-11-18,4.698899663621566,0.004698899663621566,1221713.9125416072,1221265.381198119,448.5313434882555
2012-11-19,4.505167794568169,0.004505167794568169,1171343.626587724,1170913.5878322294,430.03875549463555
2012-11-20,4.61461957007681,0.00461461957007681,1199801.0882199705,1199360.601794717,440.48642525356263
2012-11-21,5.020016242523622,0.005020016242523621,1305204.2230561415,1304725.039674759,479.1833813826088
2012-11-22,5.159132170189083,0.005159132170189083,1341374.3642491614,1340881.9016197838,492.4626293776091
2012-11-23,3.292271467931656,0.003292271467931656,855990.5816622305,855676.3193773659,314.2622848646715
2012-11-24,4.282346592351301,0.004282346592351301,1113410.1140113382,1113001.344552986,408.76945835212246
2012-11-25,4.862342151643608,0.004862342151643608,1264208.959427338,1263744.8267550317,464.13267230638303
2012-11-26,2.744822933293975,0.002744822933293975,713653.9626564336,713391.956823996,262.00583243754227
2012-11-27,4.671478865822049,0.004671478865822049,1214584.5051137328,1214138.5912101043,445.91390362847596
2012-11-28,4.979711248153871,0.004979711248153871,1294724.9245200064,1294249.5884336433,475.336086363066
2012-11-29,4.35413832139467,0.00435413832139467,1132075.9635626143,1131660.3412572162,415.62230539810844
2012-11-30,4.195512244369468,0.004195512244369468,1090833.1835360616,1090432.7028111469,400.48072491469793
2012-12-01,4.0345230109916725,0.004034523010991673,1048975.982857835,1048590.8692874252,385.11357040982693
2012-12-02,3.1424943045941514,0.0031424943045941516,817048.5191944794,816748.5538210418,299.96537343761884
2012-12-03,3.134646138122108,0.003134646138122108,815007.995911748,814708.7796814936,299.2162302543875
2012-12-04,4.63068548330129,0.00463068548330129,1203978.2256583355,1203536.2056685968,442.0199897387065
2012-12-05,4.409415272916081,0.004409415272916081,1146447.9709581812,1146027.0722163608,420.89874182036147
2012-12-06,4.845332206571314,0.004845332206571314,1259786.3737085415,1259323.8647128535,462.5089956880547
2012-12-07,2.9641511076729827,0.002964151107672983,770679.2879949756,770396.346290789,282.9417041866109
2012-12-08,3.4154072853977215,0.0034154072853977216,888005.8942034076,887679.878044744,326.0161586635513
2012-12-09,3.567876882446705,0.003567876882446705,927647.9894361433,927307.4193610097,340.5700751335826
2012-12-10,4.652097795389833,0.004652097795389833,1209545.4268013565,1209101.3629090458,444.0638923107181
2012-12-11,3.8677673703323925,0.0038677673703323926,1005619.516286422,1005250.3203003178,369.1959861041978
2012-12-12,4.537136421871085,0.004537136421871085,1179655.469686482,1179222.379380118,433.09030636399984
2012-12-13,3.8849217701622316,0.0038849217701622317,1010079.6602421802,1009708.826790594,370.8334515861934
2012-12-14,2.8491495685468275,0.0028491495685468277,740778.8878221752,740506.9235379251,271.96428425004706
2012-12-15,3.3083578936007587,0.0033083578936007585,860173.0523361972,859857.2545288414,315.797807355877
2012-12-16,3.6996458437340953,0.0036996458437340953,961907.9193708648,961554.7713490911,353.148021773668
2012-12-17,5.1967191127543,0.0051967191127543,1351146.969316118,1350650.918842127,496.05047399085015
2012-12-18,5.067787837966044,0.0050677878379660445,1317624.8378711715,1317141.0944737387,483.7433974328451
2012-12-19,4.896502615968305,0.004896502615968305,1273090.6801517592,1272623.2867077712,467.39344398793764
2012-12-20,4.885599570282585,0.004885599570282585,1270255.8882734722,1269789.535574782,466.35269869025797
2012-12-21,3.493205408644022,0.003493205408644022,908233.4062474457,907899.9639040926,333.4423433531774
2012-12-22,3.935224331908854,0.003935224331908854,1023158.326296302,1022782.6912364211,375.63505988090765
2012-12-23,2.627169080861251,0.002627169080861251,683063.9610239252,682813.1857867921,250.7752371331444
2012-12-24,4.6211145836909,0.004621114583690899,1201489.791759634,1201048.6853557916,441.10640384233557
2012-12-25,6.021236619131695,0.006021236619131696,1565521.520974241,1564946.7665543607,574.7544198802207
2012-12-26,3.8318255855687653,0.0038318255855687654,996274.652247879,995908.8870685938,365.7651792851975
2012-12-27,4.161461823688107,0.004161461823688107,1081980.0741589079,1081582.8437015086,397.2304573992733
2012-12-28,4.889524076612883,0.004889524076612883,1271276.2599193496,1270809.5326086814,466.72731066821143
2012-12-29,3.2160251197956757,0.003216025119795676,836166.5311468757,835859.546922709,306.9842241667211
2012-12-30,3.0259611063930767,0.003025961106393077,786749.8876622,786461.0459125238,288.8417496762704
2012-12-31,3.2574199103514103,0.0032574199103514103,846929.1766913667,846618.241146178,310.93554518872406
2013-01-01,4.382735789010673,0.004382735789010673,1139511.305142775,1139092.9530790315,418.3520637433976
2013-01-02,2.7642191228606703,0.0027642191228606705,718696.9719437744,718433.1146568288,263.85728694556747
2013-01-03,1.9967153750991844,0.0019967153750991844,519145.9975257879,518955.4019621732,190.59556361474097
2013-01-04,2.1201020091317186,0.002120102009131719,551226.5223742469,551024.1489952513,202.37337899557315
2013-01-05,3.7456868260820064,0.0037456868260820064,973878.5747813217,973521.0319383885,357.5428429332096
2013-01-06,4.244973183140174,0.004244973183140174,1103693.0276164452,1103287.8256199765,405.20199646870606
2013-01-07,3.321067139501272,0.003321067139501272,863477.4562703307,863160.445307652,317.0109626787016
2013-01-08,2.1143291782463596,0.0021143291782463594,549725.5863440534,549523.7640080207,201.8223360326374
2013-01-09,2.262183347180931,0.0022621833471809308,588167.670267042,587951.7345781438,215.93568889820017
2013-01-10,4.689474812692712,0.004689474812692712,1219263.451300105,1218815.8196015023,447.6316986028105
2013-01-11,3.7309091005332577,0.0037309091005332576,970036.366138647,969680.2338968265,356.1322418204509
2013-01-12,4.006277202889019,0.004006277202889019,1041632.0727511449,1041249.6553715805,382.4173795643728
2013-01-13,4.530431791579226,0.004530431791579226,1177912.2658105989,1177479.815491689,432.4503189099487
2013-01-14,3.2872594489300457,0.0032872594489300458,854687.4567218119,854373.6728569556,313.7838648563484
2013-01-15,3.8666414938180447,0.0038666414938180447,1005326.7883926916,1004957.6998766212,369.08851607039105
2013-01-16,4.7914341110814656,0.004791434111081466,1245772.868881181,1245315.504703836,457.3641773450654
2013-01-17,4.492514797142738,0.0044925147971427385,1168053.847257112,1167625.0162877673,428.8309693445917
2013-01-18,4.675895863774428,0.004675895863774428,1215732.9245813512,1215286.5890551796,446.33552617160603
2013-01-19,4.24289214863082,0.00424289214863082,1103151.9586440132,1102746.955291753,405.00335226021707
2013-01-20,4.327075198026232,0.004327075198026231,1125039.5514868202,1124626.5124796308,413.0390071894508
2013-01-21,3.711790896571341,0.003711790896571341,965065.6331085487,964711.325786246,354.3073223027168
2013-01-22,4.383646650608952,0.004383646650608952,1139748.1291583276,1139329.6901487021,418.4390096254647
2013-01-23,4.71631303479839,0.0047163130347983905,1226241.3890475815,1225791.1955186184,450.19352896302007
2013-01-24,3.986255078215321,0.0039862550782153216,1036426.3203359836,1036045.8141592799,380.50617670372594
2013-01-25,3.910775304282819,0.0039107753042828194,1016801.579113533,1016428.2778245332,373.30128899984993
2013-01-26,2.958582599809271,0.002958582599809271,769231.4759504104,768949.0657856249,282.410164785455
2013-01-27,5.3621737270455565,0.005362173727045556,1394165.1690318447,1393653.3251624322,511.8438694125507
2013-01-28,4.713553504249102,0.004713553504249102,1225523.9111047667,1225073.9809855449,449.9301192217972
2013-01-29,5.5194279099261045,0.0055194279099261044,1435051.2565807872,1434524.4020844267,526.8544963605236
2013-01-30,5.879984379183248,0.005879984379183248,1528795.9385876444,1528234.6673364826,561.2712511618156
2013-01-31,4.493214098472289,0.004493214098472289,1168235.665602795,1167806.7678819583,428.89772083680145
2013-02-01,5.390176662050114,0.0053901766620501135,1401445.9321330294,1400931.4152561133,514.5168769161683
2013-02-02,5.264745550689021,0.005264745550689021,1368833.8431791454,1368331.2992722695,502.543906875886
2013-02-03,3.9505634786963966,0.003950563478696397,1027146.5044610631,1026769.4052098589,377.0992512041703
2013-02-04,5.806967098683248,0.005806967098683248,1509811.4456576444,1509257.1442379889,554.3014196555596
2013-02-05,4.931875896083415,0.004931875896083415,1282287.732981688,1281816.9629972354,470.7699844527524
2013-02-06,4.97460161092341,0.00497460161092341,1293396.4188400868,1292921.5704918362,474.8483482506126
2013-02-07,5.720621319432979,0.005720621319432979,1487361.5430525744,1486815.4837302489,546.0593223255128
2013-02-08,5.6994691008291625,0.005699469100829162,1481861.966215582,1481317.9259687227,544.0402468594257
2013-02-09,4.850067662831476,0.004850067662831476,1261017.5923361836,1260554.6313196588,462.96101652481593
2013-02-10,4.957235340834284,0.004957235340834284,1288881.188616914,1288407.997958125,473.19065878889523
2013-02-11,5.992304297080686,0.005992304297080686,1557999.1172409784,1557427.1245428221,571.9926981562749
2013-02-12,6.660933093874045,0.006660933093874046,1731842.6044072518,1731206.788049518,635.8163577339146
2013-02-13,5.443453127030313,0.005443453127030313,1415297.8130278816,1414778.2106700817,519.6023577998858
2013-02-14,5.688475889754846,0.005688475889754846,1479003.73133626,1478460.7404413945,542.9908948654775
2013-02-15,5.064957194761302,0.005064957194761302,1316888.8706379384,1316405.397438273,483.4731996653136
2013-02-16,5.426417252590234,0.005426417252590234,1410868.4856734606,1410350.5094673552,517.9762061054353
2013-02-17,6.541446327703702,0.006541446327703702,1700776.0452029626,1700151.6344004855,624.4108024770394
2013-02-18,6.622448339626943,0.006622448339626943,1721836.5683030053,1721204.425490093,632.1428129123524
2013-02-19,4.511531783650277,0.004511531783650277,1172998.2637490719,1172567.617521876,430.64622719585896
2013-02-20,4.4209851063376835,0.004420985106337683,1149456.1276477976,1149034.1245127574,422.0031350401696
2013-02-21,7.0938717787992545,0.007093871778799254,1844406.662487806,1843729.520163591,677.142324215034
2013-02-22,5.634269184476626,0.005634269184476626,1464909.9879639228,1464372.1713456083,537.8166183144785
2013-02-23,6.190912634637596,0.006190912634637596,1609637.2850057748,1609046.334238528,590.9507672467735
2013-02-24,7.037684943123752,0.007037684943123752,1829798.0852121755,1829126.3061769633,671.7790352122393
2013-02-25,7.9058413435971255,0.007905841343597125,2055518.7493352524,2054764.10082324,754.6485120125581
2013-02-26,5.419749467365098,0.005419749467365098,1409134.8615149255,1408617.521779245,517.3397356804926
2013-02-27,6.582488461753594,0.006582488461753594,1711447.0000559343,1710818.6715951024,628.3284608318936
2013-02-28,5.4096034991614275,0.005409603499161427,1406496.909781971,1405980.5385250994,516.3712568716146
2013-03-01,6.952346431273133,0.006952346431273133,1807610.0721310147,1806946.4390448781,663.6330861365423
2013-03-02,5.991976760993867,0.005991976760993867,1557913.9578584055,1557341.9964250585,571.9614333470818
2013-03-03,7.150106247492253,0.007150106247492253,1859027.6243479857,1858345.1141879794,682.5101600063499
2013-03-04,6.894404346712435,0.0068944043467124355,1792545.1301452331,1791887.0278945887,658.1022506444715
2013-03-05,6.593095617766537,0.006593095617766538,1714204.8606192998,1713575.5196571853,629.3409621145111
2013-03-06,5.115042027534199,0.005115042027534199,1329910.9271588917,1329422.6731341525,488.25402473914437
2013-03-07,5.461397193229463,0.0054613971932294635,1419963.2702396605,1419441.9550391324,521.3152005281299
2013-03-08,5.280381970901176,0.005280381970901176,1372899.3124343057,1372395.275960006,504.0364742996171
2013-03-09,7.10948998005493,0.00710948998005493,1848467.3948142817,1847788.7616617251,678.6331525566056
2013-03-10,7.813274225864076,0.007813274225864076,2031451.2987246597,2030705.48616503,745.8125596297905
2013-03-11,6.8382262652912065,0.006838226265291207,1777938.8289757138,1777286.0891784388,652.7397972750477
2013-03-12,7.028311959404527,0.007028311959404527,1827361.109445177,1826690.2251038891,670.8843412878923
2013-03-13,7.170917237680758,0.007170917237680758,1864438.481796997,1863753.9851333287,684.4966636681929
2013-03-14,7.855087830653558,0.007855087830653558,2042322.8359699252,2041573.03211155,749.8038583751768
2013-03-15,7.920395679227657,0.007920395679227657,2059302.8765991908,2058546.838809649,756.0377895417623
2013-03-16,7.9706111765487355,0.007970611176548735,2072358.905902671,2071598.0748155299,760.8310871410649
2013-03-17,7.840557775894845,0.007840557775894845,2038545.0217326595,2037796.6048340937,748.4168985658325
2013-03-18,8.7131581114509,0.0087131581114509,2265421.108977234,2264589.398408053,831.7105691810139
2013-03-19,7.367632735544914,0.007367632735544914,1915584.5112416777,1914881.2371890764,703.2740526013076
2013-03-20,5.757198392684762,0.005757198392684762,1496871.5820980382,1496322.0313277182,549.5507703199983
2013-03-21,7.181474782703491,0.007181474782703491,1867183.4435029076,1866497.9390735514,685.504429356195
2013-03-22,7.886683116368069,0.007886683116368068,2050537.6102556977,2049784.7904836058,752.819772091927
2013-03-23,9.17649545363306,0.00917649545363306,2385888.8179445956,2385012.8797188452,875.9382257503457
2013-03-24,7.735620312372875,0.007735620312372875,2011261.2812169476,2010522.8810765306,738.4001404170413
2013-03-25,6.761451125781582,0.006761451125781582,1757977.2927032113,1757331.8814421757,645.4112610355951
2013-03-26,7.666493055568537,0.0076664930555685375,1993288.1944478198,1992556.3928184556,731.8016293642577
2013-03-27,8.107982002893698,0.008107982002893697,2108075.3207523613,2107301.376995083,773.943757278379
2013-03-28,6.233941966798421,0.006233941966798421,1620824.9113675894,1620229.8532548905,595.05811269884
2013-03-29,5.099764765573783,0.005099764765573784,1325938.8390491838,1325452.0433085796,486.7957406041678
2013-03-30,8.02458875057608,0.00802458875057608,2086393.0751497806,2085627.0916577086,765.9834920719732
2013-03-31,7.7425027645479,0.0077425027645479,2013050.718782454,2012311.6616806756,739.0571017784532
2013-04-01,6.856494418556645,0.006856494418556645,1782688.5488247278,1782034.06524914,654.4835755878594
2013-04-02,4.373608421840364,0.004373608421840364,1137138.1896784946,1136720.7088634588,417.4808150357567
2013-04-03,4.753240632821622,0.004753240632821622,1235842.5645336218,1235388.8460974805,453.71843614126556
2013-04-04,7.412488833974372,0.007412488833974372,1927247.0968333369,1926539.5410621348,707.5557712020818
2013-04-05,8.060842053772967,0.008060842053772967,2095818.9339809716,2095049.4899462294,769.4440347421914
2013-04-06,8.5669937649911,0.0085669937649911,2227418.378897686,2226600.62038013,817.7585175558925
2013-04-07,7.71440297680935,0.00771440297680935,2005744.773970431,2005008.39912119,736.3748492409941
2013-04-08,8.351134769430542,0.008351134769430543,2171295.0400519413,2170497.886257238,797.1537947030738
2013-04-09,9.06193586683924,0.009061935866839241,2356103.325378203,2355238.3223860287,865.0029921741225
2013-04-10,8.635554894508898,0.008635554894508898,2245244.2725723134,2244419.969583129,824.3029891843908
2013-04-11,7.996512781575694,0.007996512781575694,2079093.3232096804,2078330.019696539,763.303513141349
2013-04-12,9.140797115728585,0.009140797115728586,2376607.250089432,2375734.7194323908,872.5306570413522
2013-04-13,4.539799522108324,0.004539799522108324,1180347.8757481643,1179914.5312367708,433.34451139345765
2013-04-14,9.345037162451684,0.009345037162451685,2429709.662237438,2428817.635939053,892.0262983851135
2013-04-15,7.278576868119458,0.007278576868119458,1892429.9857110593,1891735.2124460298,694.7732650295366
2013-04-16,7.970762410755161,0.007970762410755162,2072398.226796342,2071637.3812732082,760.8455231338739
2013-04-17,8.365618345691884,0.008365618345691883,2175060.7698798897,2174262.2335619614,798.5363179282285
2013-04-18,8.666857304232316,0.008666857304232316,2253382.8991004024,2252555.6081538466,827.2909465557896
2013-04-19,7.854998056594285,0.007854998056594285,2042299.4947145141,2041549.699425481,749.7952890330926
2013-04-20,9.94605206534255,0.009946052065342551,2585973.5369890635,2585024.141084782,949.3959042816423
2013-04-21,9.17640459935959,0.009176404599359589,2385865.195833493,2384989.266280196,875.9295532968827
2013-04-22,9.314736416723177,0.009314736416723177,2421831.4683480263,2420942.334393629,889.1339543974027
2013-04-23,4.901457884650434,0.004901457884650434,1274379.0500091128,1273911.1835621926,467.8664469202049
2013-04-24,5.663513499299009,0.0056635134992990095,1472513.5098177425,1471972.901696575,540.6081211674027
2013-04-25,5.796407483785366,0.005796407483785366,1507065.945784195,1506512.6523278067,553.2934563884046
2013-04-26,8.205474385250719,0.00820547438525072,2133423.340165187,2132640.0903166174,783.2498485697433
2013-04-27,6.745046517143593,0.006745046517143593,1753712.0944573341,1753068.2490908012,643.8453665329143
2013-04-28,7.986715657229597,0.007986715657229597,2076546.0708796952,2075783.70254663,762.3683330651838
2013-04-29,8.844366649739142,0.008844366649739142,2299535.328932177,2298691.09391128,844.2350208968855
2013-04-30,9.609631207141524,0.009609631207141523,2498504.113856796,2497586.830853472,917.2830033241771
2013-05-01,9.234226392411491,0.009234226392411492,2400898.862026988,2400017.413120571,881.4489064170048
2013-05-02,6.576939271342645,0.006576939271342645,1710004.2105490877,1709376.4117837183,627.7987653694581
2013-05-03,8.610563445599668,0.008610563445599668,2238746.4958559135,2237924.5784141887,821.9174417247996
2013-05-04,8.69503563657524,0.008695035636575239,2260709.265509562,2259879.284813029,829.9806965328753
2013-05-05,8.92552085761288,0.008925520857612881,2320635.4229793493,2319783.4414202212,851.9815591280349
2013-05-06,8.180043198988866,0.008180043198988865,2126811.2317371047,2126030.4094109247,780.8223261800595
2013-05-07,8.96035742284113,0.008960357422841129,2329692.9299386935,2328837.623070978,855.306867715437
2013-05-08,7.850952557093635,0.007850952557093635,2041247.664844345,2040498.2557166384,749.4091277066618
2013-05-09,6.824562102288312,0.0068245621022883125,1774386.1465949612,1773734.7111041895,651.4354907716624
2013-05-10,7.792947930511871,0.007792947930511871,2026166.4619330866,2025422.5896107922,743.8723222943954
2013-05-11,6.334943335255603,0.006334943335255603,1647085.2671664567,1646480.5680137842,604.6991526724305
2013-05-12,5.758620560589943,0.005758620560589943,1497241.3457533852,1496691.6592306707,549.6865227145609
2013-05-13,8.858893936048714,0.008858893936048714,2303312.4233726654,2302466.80165622,845.6217164453119
2013-05-14,7.996433927998898,0.007996433927998897,2079072.8212797132,2078309.5252935044,763.2959862088319
2013-05-15,9.48495129223603,0.009484951292236029,2466087.3359813676,2465181.954242965,905.3817384024151
2013-05-16,9.345861292610026,0.009345861292610027,2429923.936078607,2429031.8311132505,892.1049653566442
2013-05-17,9.356752720192397,0.009356752720192396,2432755.7072500233,2431862.5626483695,893.1446016537957
2013-05-18,7.308283149298271,0.007308283149298271,1900153.6188175506,1899456.0099528783,697.6088646722492
2013-05-19,9.383302915367757,0.009383302915367757,2439658.7579956166,2438763.0790570835,895.6789385331795
2013-05-20,8.664873984385881,0.008664873984385882,2252867.2359403293,2252040.134310673,827.1016296562739
2013-05-21,9.388882219844836,0.009388882219844836,2441109.3771596574,2440213.165651137,896.2115085204132
2013-05-22,9.921594651451015,0.009921594651451015,2579614.609377264,2578667.5480443705,947.0613328935578
2013-05-23,7.73978230897037,0.00773978230897037,2012343.4003322963,2011604.6029103752,738.7974219210446
2013-05-24,6.625666257823003,0.006625666257823003,1722673.227033981,1722040.7770561415,632.4499778393656
2013-05-25,8.40269806368039,0.00840269806368039,2184701.4965569014,2183899.420811252,802.0757456491701
2013-05-26,8.586027727049485,0.008586027727049484,2232367.209032866,2231547.6336370655,819.575395800639
2013-05-27,8.238155082871756,0.008238155082871757,2141920.3215466565,2141133.952176867,786.3693697894923
2013-05-28,7.58841094852749,0.00758841094852749,1972986.8466171476,1972262.4982800176,724.3483371299226
2013-05-29,9.221395446428604,0.009221395446428604,2397562.816071437,2396682.5919371694,880.2241342677735
2013-05-30,8.515932284765254,0.008515932284765255,2214142.3940389664,2213329.5095719257,812.8844670406543
2013-05-31,9.038984560951235,0.009038984560951235,2350135.985847321,2349273.1736616762,862.8121856446378
2013-06-01,9.218235843312835,0.009218235843312834,2396741.319261337,2395861.3967255563,879.9225357808173
2013-06-02,7.341614932156742,0.007341614932156742,1908819.882360753,1908119.091825814,700.7905349389184
2013-06-03,9.28638828066607,0.00928638828066607,2414460.952973178,2413574.5249772947,886.427995883394
2013-06-04,9.699509313967598,0.009699509313967597,2521872.421631575,2520946.559354189,925.8622773862444
2013-06-05,10.519348998319565,0.010519348998319565,2735030.739563087,2734026.619859198,1004.1197038888931
2013-06-06,8.764213225013203,0.008764213225013202,2278695.4385034326,2277858.8544914634,836.5840119691566
2013-06-07,7.8945710235770274,0.007894571023577027,2052588.466130027,2051834.8934213177,753.5727087093983
2013-06-08,9.035400277628746,0.009035400277628745,2349204.072183474,2348341.602133974,862.4700494999997
2013-06-09,8.118614763783619,0.00811861476378362,2110839.838583741,2110064.879881078,774.9587026629597
2013-06-10,9.62024542455079,0.00962024542455079,2501263.8103832053,2500345.5142045557,918.2961786496453
2013-06-11,9.711044781118582,0.009711044781118583,2524871.6430908316,2523944.6797006424,926.963390189223
2013-06-12,8.241894247649675,0.008241894247649675,2142892.5043889154,2142105.778098842,786.7262900732458
2013-06-13,7.260088154249733,0.007260088154249732,1887622.9201049304,1886929.9116717265,693.0084332039114
2013-06-14,5.926488722420513,0.005926488722420513,1540887.0678293332,1540321.3575271075,565.7103022257797
2013-06-15,6.172830503423465,0.006172830503423465,1604935.930890101,1604346.7061445161,589.2247455848847
2013-06-16,6.677386319631451,0.006677386319631451,1736120.4431041772,1735483.0562112154,637.3868929618038
2013-06-17,8.379106276546342,0.008379106276546342,2178567.631902049,2177767.8080997774,799.8238022713922
2013-06-18,9.103052081517774,0.009103052081517774,2366793.541194621,2365924.6134727593,868.9277218617499
2013-06-19,10.076380825999001,0.010076380825999001,2619859.0147597403,2618897.1783825187,961.8363772216253
2013-06-20,9.694306089126894,0.009694306089126893,2520519.5831729923,2519594.217567081,925.36560591124
2013-06-21,9.399412720805076,0.009399412720805076,2443847.30740932,2442950.09071659,897.2166927298531
2013-06-22,9.123012441888187,0.009123012441888187,2371983.2348909285,2371112.4018618898,870.8330290387385
2013-06-23,9.981168649023683,0.009981168649023682,2595103.8487461573,2594151.100804253,952.7479419042356
2013-06-24,8.66549794071833,0.00866549794071833,2253029.464586766,2252202.3033976397,827.1611891263165
2013-06-25,9.429973269299655,0.009429973269299655,2451793.05001791,2450892.916181837,900.1338360728696
2013-06-26,9.345460438133207,0.009345460438133207,2429819.7139146337,2428927.64721266,892.0667019737884
2013-06-27,10.179211568339673,0.010179211568339673,2646595.007768315,2645623.3557290626,971.6520392522216
2013-06-28,9.644351805451725,0.009644351805451725,2507531.4694174486,2506610.8721751063,920.5972423423082
2013-06-29,9.579307267961777,0.009579307267961776,2490619.889670062,2489705.5012246454,914.3884454164654
2013-06-30,4.790793371781053,0.004790793371781053,1245606.2766630738,1245148.9736472091,457.30301586468704
2013-07-01,7.504893505926246,0.007504893505926246,1951272.311540824,1950555.9353234277,716.3762173962314
2013-07-02,9.191361564278655,0.009191361564278655,2389754.00671245,2388876.6494488274,877.3572636228055
2013-07-03,8.614120355332835,0.008614120355332835,2239671.2923865374,2238849.0354216015,822.2569649359211
2013-07-04,9.9298499711548,0.0099298499711548,2581760.992500248,2580813.1431595436,947.8493407042697
2013-07-05,10.366216582635666,0.010366216582635666,2695216.3114852733,2694226.8089669077,989.5025183656253
2013-07-06,10.320224375194162,0.010320224375194162,2683258.337550482,2682273.2251974894,985.112352992408
2013-07-07,9.628059158314102,0.009628059158314101,2503295.3811616665,2502376.3391265925,919.0420350739732
2013-07-08,8.822768745421305,0.008822768745421304,2293919.8738095392,2293077.700406837,842.1734027024359
2013-07-09,8.72522878399894,0.00872522878399894,2268559.4838397247,2267726.6210699514,832.86276977323
2013-07-10,10.435460166292916,0.010435460166292916,2713219.643236158,2712223.5311028124,996.1121333455667
2013-07-11,10.074090281539394,0.010074090281539395,2619263.4732002425,2618301.855465907,961.6177343353629
2013-07-12,10.215631667528111,0.010215631667528112,2656064.233557309,2655089.1050539506,975.1285033584572
2013-07-13,10.40354638612848,0.010403546386128481,2704922.060393405,2703928.9945755205,993.0658178846352
2013-07-14,10.0194872847488,0.0100194872847488,2605066.6940346877,2604110.2884047306,956.4056299570948
2013-07-15,4.476578156188112,0.004476578156188112,1163910.3206089092,1163483.0108644236,427.30974448565394
2013-07-16,6.542950247254347,0.006542950247254347,1701167.0642861302,1700542.5099276921,624.554358438123
2013-07-17,6.391952202494424,0.006391952202494423,1661907.5726485502,1661297.4317402234,610.1409083267208
2013-07-18,8.150355717131523,0.008150355717131524,2119092.4864541963,2118314.497933178,777.9885210180655
2013-07-19,8.38115110360479,0.00838115110360479,2179099.286937245,2178299.267946931,800.0189903140999
2013-07-20,6.065923789184894,0.006065923789184894,1577140.1851880723,1576561.1651745732,579.0200134990737
2013-07-21,5.371000821276588,0.0053710008212765874,1396460.2135319128,1395947.5270762104,512.6864557024091
2013-07-22,8.20387877537412,0.00820387877537412,2133008.4815972713,2132225.384056921,783.0975403501652
2013-07-23,9.263425345614218,0.009263425345614218,2408490.5898596966,2407606.3537803995,884.2360792970285
2013-07-24,8.744827575088456,0.008744827575088456,2273655.1695229984,2272820.4359594807,834.733563517686
2013-07-25,9.036469946863134,0.009036469946863133,2349482.1861844147,2348619.6140301214,862.5721542933024
2013-07-26,8.584576226788775,0.008584576226788775,2231989.8189650816,2231170.382121582,819.4368434995413
2013-07-27,9.020232217550546,0.009020232217550547,2345260.376563142,2344399.3543739608,861.022189181298
2013-07-28,8.78370937406513,0.00878370937406513,2283764.4372569337,2282925.992248869,838.4450080646202
2013-07-29,9.258962338587349,0.009258962338587348,2407330.2080327105,2406446.3979677316,883.8100649788976
2013-07-30,8.635764296457054,0.008635764296457054,2245298.717078834,2244474.394101281,824.3229775526561
2013-07-31,8.795173401878994,0.008795173401878994,2286745.084488538,2285905.54518688,839.5393016580492
2013-08-01,9.459429153572572,0.009459429153572571,2459451.5799288685,2458548.6343946764,902.9455341920257
2013-08-02,10.026323206465907,0.010026323206465907,2606844.0336811356,2605886.9755313606,957.0581497750245
2013-08-03,10.495675278068173,0.010495675278068174,2728875.5722977254,2727873.7123581027,1001.8599396226928
2013-08-04,10.329740063346469,0.01032974006334647,2685732.416470082,2684746.395801378,986.0206687040627
2013-08-05,10.39525688325919,0.01039525688325919,2702766.789647389,2701774.5151002537,992.2745471354574
2013-08-06,9.936044233460034,0.009936044233460034,2583371.500699609,2582423.060088396,948.44061121298
2013-08-07,9.24284466955542,0.009242844669555422,2403139.6140844095,2402257.342524243,882.2715601664968
2013-08-08,9.183980404336898,0.009183980404336899,2387834.905127594,2386958.252429257,876.6526983366348
2013-08-09,9.618197036600066,0.009618197036600065,2500731.229516017,2499813.1288653133,918.1006507035345
2013-08-10,8.514970293332684,0.008514970293332685,2213892.276266498,2213079.4836259144,812.7926405835897
2013-08-11,9.412522630168127,0.009412522630168127,2447255.883843713,2446357.4157505105,898.4680932024494
2013-08-12,9.256680997829351,0.00925668099782935,2406737.059435631,2405853.4671350033,883.5923006278463
2013-08-13,10.14573125485089,0.01014573125485089,2637890.1262612315,2636921.6700701704,968.4561910610646
2013-08-14,9.040878558447725,0.009040878558447724,2350628.4251964083,2349765.432220089,862.9929763195105
2013-08-15,9.375579677851912,0.009375579677851912,2437650.716241497,2436755.7745211096,894.9417203874327
2013-08-16,9.073176113805257,0.009073176113805257,2359025.789589367,2358159.713664499,866.0759248677641
2013-08-17,9.344557087897023,0.009344557087897023,2429584.842853226,2428692.8623801405,891.9804730853066
2013-08-18,9.273352562507187,0.009273352562507187,2411071.6662518685,2410186.48257457,885.1836772984825
2013-08-19,9.041385010376626,0.009041385010376626,2350760.102697923,2349897.0613784636,863.0413194592111
2013-08-20,9.426655682396076,0.009426655682396076,2450930.4774229797,2450030.660265665,899.8171573146246
2013-08-21,8.260400858733021,0.008260400858733022,2147704.2232705858,2146915.7304403167,788.4928302690387
2013-08-22,7.906933236370387,0.007906933236370386,2055802.6414563004,2055047.8887181566,754.7527381437831
2013-08-23,6.889665990805328,0.006889665990805328,1791313.1576093852,1790655.507656362,657.6499530232977
2013-08-24,9.073524478418625,0.009073524478418625,2359116.3643888426,2358250.255210988,866.1091778543778
2013-08-25,8.637305957011975,0.008637305957011975,2245699.5488231136,2244875.0786870494,824.4701360641047
2013-08-26,7.43333231509089,0.00743333231509089,1932666.4019236313,1931956.8565473605,709.5453762707766
2013-08-27,6.2412623716942415,0.006241262371694241,1622728.2166405027,1622132.4597618633,595.7568786393385
2013-08-28,8.68813859648756,0.00868813859648756,2258916.035086766,2258086.7127440767,829.3223426891491
2013-08-29,8.765761819854108,0.008765761819854107,2279098.0731620677,2278261.341329678,836.7318323897198
2013-08-30,8.97746548470661,0.00897746548470661,2334141.0260237185,2333284.0861136904,856.9399100281298
2013-08-31,9.085733698659876,0.009085733698659877,2362290.761651568,2361423.487048114,867.2746034539305
2013-09-01,8.869397090866158,0.008869397090866158,2306043.243625201,2305196.61933486,846.6242903410457
2013-09-02,5.248401699766592,0.005248401699766592,1364584.441939314,1364083.4581273403,500.98381197359413
2013-09-03,8.479654188907718,0.008479654188907717,2204710.0891160066,2203900.667558208,809.421557798516
2013-09-04,6.407097109198406,0.006407097109198406,1665845.2483915857,1665233.661833035,611.5865585505962
2013-09-05,8.32403505209875,0.008324035052098751,2164249.1135456753,2163454.5465422412,794.5670034340583
2013-09-06,8.163264296497747,0.008163264296497746,2122448.717089414,2121669.4963857876,779.2207036265172
2013-09-07,8.243790431828911,0.00824379043182891,2143385.5122755165,2142598.6049860395,786.9072894770652
2013-09-08,7.944185188263666,0.007944185188263666,2065488.1489485533,2064729.8403421794,758.3086063738447
2013-09-09,8.465886481577904,0.008465886481577905,2201130.4852102553,2200322.377842737,808.1073675183579
2013-09-10,7.358527503644015,0.007358527503644015,1913217.150947444,1912514.746030638,702.4049168059137
2013-09-11,7.206101355927246,0.007206101355927246,1873586.3525410842,1872898.497393312,687.8551477722358
2013-09-12,8.241489544018929,0.008241489544018928,2142787.281444921,2142000.59378565,786.6876592710614
2013-09-13,7.817952363143087,0.007817952363143086,2032667.6144172025,2031921.3553080934,746.2591091091745
2013-09-14,8.652733798417414,0.008652733798417413,2249710.7875885274,2248884.8447948354,825.9427936919965
2013-09-15,7.291718086797891,0.007291718086797891,1895846.7025674516,1895150.674913333,696.0276541186031
2013-09-16,5.628410417341727,0.0056284104173417275,1463386.7085088491,1462849.4511365034,537.2573723457754
2013-09-17,4.130039116235775,0.004130039116235775,1073810.1702213015,1073415.939204239,394.2310170624405
2013-09-18,4.821187294099844,0.0048211872940998445,1253508.6964659595,1253048.492211978,460.2042539815884
2013-09-19,4.825544145697132,0.0048255441456971325,1254641.4778812544,1254180.857745973,460.6201352814678
2013-09-20,4.2524795176803645,0.004252479517680365,1105644.6745968948,1105238.7560866554,405.9185102393385
2013-09-21,7.6131676735773075,0.007613167673577307,1979423.5951301,1978696.8836509704,726.7114791295025
2013-09-22,7.36315275104201,0.00736315275104201,1914419.7152709228,1913716.8688532172,702.8464177055284
2013-09-23,7.38610113256645,0.00738610113256645,1920386.294467277,1919681.2575221856,705.0369450913277
2013-09-24,7.261413447601492,0.007261413447601492,1887967.4963763878,1887274.361437906,693.1349384817295
2013-09-25,8.066181854922233,0.008066181854922232,2097207.2822797806,2096437.3285367333,769.9537430473138
2013-09-26,8.329971705243434,0.008329971705243433,2165792.643363293,2164997.509679316,795.1336839767173
2013-09-27,6.6720099086958315,0.006672009908695832,1734722.5762609162,1734085.7025708302,636.8736900859512
2013-09-28,6.06138785100236,0.00606138785100236,1575960.8412606136,1575382.2542230436,578.5870375700761
2013-09-29,6.840882671518348,0.006840882671518348,1778629.4945947705,1777976.5012314396,652.9933633308392
2013-09-30,7.224704712112112,0.0072247047121121125,1878423.2251491493,1877733.5942264213,689.6309227279853
2013-10-01,7.09510475807153,0.00709510475807153,1844727.2370985977,1844049.9770809035,677.2600176942069
2013-10-02,7.417935682606895,0.007417935682606895,1928663.2774777927,1927955.2017801164,708.0756976762787
2013-10-03,7.630960861767036,0.007630960861767036,1984049.8240594293,1983321.4141395637,728.4099198656622
2013-10-04,7.0527413395298355,0.007052741339529835,1833712.748277757,1833039.5320410314,673.2162367256824
2013-10-05,3.5222046542630654,0.0035222046542630653,915773.210108397,915436.9996551608,336.21045323612634
2013-10-06,6.958167339551631,0.006958167339551631,1809123.5082834242,1808459.319565119,664.1887183052022
2013-10-07,6.781600659390192,0.006781600659390192,1763216.17144145,1762568.8368157914,647.3346256585792
2013-10-08,7.5030388611552175,0.0075030388611552175,1950790.1039003565,1950073.9047172386,716.1991831178311
2013-10-09,7.54530236422693,0.00754530236422693,1961778.614699002,1961058.3812723013,720.233426700579
2013-10-10,7.798276606985287,0.007798276606985287,2027551.9178161747,2026807.536847476,744.3809686987661
2013-10-11,5.964387204305819,0.005964387204305819,1550740.6731195129,1550171.345234829,569.3278846838512
2013-10-12,4.9905054511010025,0.004990505451101002,1297531.4172862605,1297055.0508441343,476.36644212622195
2013-10-13,3.8665905202089177,0.0038665905202089177,1005313.5352543186,1004944.451603911,369.0836504076142
2013-10-14,4.998334904199149,0.004998334904199149,1299567.0750917788,1299089.9612927458,477.113799032988
2013-10-15,3.614444674548874,0.003614444674548874,939755.6153827072,939410.6002000272,345.0151826799847
2013-10-16,3.3839295876383355,0.0033839295876383355,879821.6927859673,879498.6813167154,323.0114692518255
2013-10-17,4.554805768446673,0.004554805768446674,1184249.4997961351,1183814.7228702803,434.77692585485056
2013-10-18,3.921123331083632,0.003921123331083632,1019492.0660817444,1019117.7770265236,374.28905522078276
2013-10-19,5.824469262869231,0.005824469262869231,1514362.0083460002,1513806.0362651732,555.9720808269922
2013-10-20,6.303504296545395,0.006303504296545395,1638911.1171018027,1638309.41894836,601.6981534427032
2013-10-21,5.876043121773837,0.005876043121773838,1527771.2116611977,1527210.3166209804,560.8950402173214
2013-10-22,5.981256237435759,0.005981256237435759,1555126.6217332974,1554555.6836226808,570.9381106165238
2013-10-23,6.332059784101728,0.006332059784101727,1646335.543866449,1645731.1199618487,604.4239046003204
2013-10-24,6.396623590495741,0.006396623590495741,1663122.1335288929,1662511.5467153362,610.5868135567289
2013-10-25,5.871876924299229,0.005871876924299229,1526688.0003177996,1526127.5029600791,560.4973577205092
2013-10-26,5.049390747358419,0.005049390747358419,1312841.594313189,1312359.6070017244,481.98731146450154
2013-10-27,4.984139332309072,0.004984139332309072,1295876.2264003588,1295400.4676332243,475.75876713451
2013-10-28,5.078312075234705,0.005078312075234705,1320361.1395610233,1319876.391577279,484.74798374436796
2013-10-29,4.7403647080335105,0.004740364708033511,1232494.8240887127,1232042.3347181522,452.48937056050636
2013-10-30,3.5131786931886246,0.0035131786931886246,913426.4602290425,913091.111344841,335.3488842014922
2013-10-31,6.526687153823751,0.006526687153823751,1696938.6599941754,1696315.65802197,623.0019722054712
2013-11-01,6.544797817014512,0.006544797817014512,1701647.4324237732,1701022.7017063987,624.7307173744775
2013-11-02,5.5596067833619935,0.005559606783361993,1445497.7636741183,1444967.073921555,530.6897525633685
2013-11-03,4.015498057813199,0.004015498057813199,1044029.4950314317,1043646.1974793283,383.29755210340954
2013-11-04,4.95530883019986,0.00495530883019986,1288380.2958519636,1287907.2890873766,473.0067645870149
2013-11-05,4.9647780354473,0.0049647780354473,1290842.289216298,1290368.378573004,473.91064329398796
2013-11-06,4.902227793818424,0.0049022277938184245,1274579.2263927904,1274111.2864545386,467.93993825186044
2013-11-07,2.984548342988949,0.002984548342988949,775982.5691771267,775697.6804640626,284.88871306413785
2013-11-08,2.3843474696838367,0.0023843474696838367,619930.3421177976,619702.745307804,227.59680999361444
2013-11-09,4.901946525594179,0.004901946525594179,1274506.0966544866,1274038.1835645658,467.91308992076665
2013-11-10,5.0433167945136566,0.005043316794513656,1311262.3665735505,1310780.9590485094,481.4075250411406
2013-11-11,3.8622818572433903,0.0038622818572433904,1004193.2828832815,1003824.6105143498,368.6723689317005
2013-11-12,2.9282000316300123,0.002928200031630012,761332.0082238031,761052.4982133303,279.5100104728481
2013-11-13,3.89505285427279,0.00389505285427279,1012713.7421109254,1012341.9416012847,371.80050964071415
2013-11-14,4.254350545443361,0.004254350545443361,1106131.1418152738,1105725.044706925,406.0971083487384
2013-11-15,5.028846513362499,0.005028846513362499,1307500.0934742498,1307020.0672033555,480.0262708943337
2013-11-16,4.216611197406956,0.004216611197406956,1096318.9113258084,1095916.4166098682,402.49471594020724
2013-11-17,5.030179564550078,0.005030179564550078,1307846.6867830202,1307366.5332663273,480.1535166928079
2013-11-18,4.264731649514198,0.004264731649514198,1108830.2288736915,1108423.140841746,407.0880319455173
2013-11-19,4.69033668151354,0.00469033668151354,1219487.5371935205,1219039.8232256188,447.71396790165454
2013-11-20,3.4019235647633477,0.0034019235647633475,884500.1268384703,884175.3977622654,324.7290762049379
2013-11-21,3.4658466420394123,0.0034658466420394124,901120.1269302472,900789.296105594,330.8308246531524
2013-11-22,2.9991512800949325,0.0029991512800949323,779779.3328246824,779493.0501948573,286.2826298250584
2013-11-23,2.5073373492794135,0.0025073373492794137,651907.7108126476,651668.3740592886,239.33675335894804
2013-11-24,1.9521728055124787,0.0019521728055124788,507564.9294332445,507378.58566047647,186.34377276804298
2013-11-25,2.74846776546636,0.0027484677654663597,714601.6190212535,714339.2652730084,262.35374824516475
2013-11-26,4.321050673913758,0.004321050673913758,1123473.175217577,1123060.7112786137,412.4639389633667
2013-11-27,3.9275357415246277,0.0039275357415246275,1021159.2927964032,1020784.3916474421,374.90114896104205
2013-11-28,4.307082979809357,0.004307082979809356,1119841.5747504327,1119430.4440913966,411.1306590361055
2013-11-29,4.401488695880253,0.004401488695880253,1144387.0609288658,1143966.9188148736,420.14211399224587
2013-11-30,4.157154876176507,0.004157154876176507,1080860.2678058918,1080463.4484662204,396.81933967140503
2013-12-01,2.5465375706222226,0.002546537570622223,662099.7683617779,661856.6897690091,243.07859276875388
2013-12-02,5.075921524850793,0.005075921524850793,1319739.5964612062,1319255.0766663682,484.51979483803734
2013-12-03,4.912802402206576,0.004912802402206575,1277328.6245737097,1276859.6752409937,468.94933271594346
2013-12-04,4.097266187866281,0.004097266187866281,1065289.208845233,1064898.1061532346,391.10269199847244
2013-12-05,2.706748263445414,0.002706748263445414,703754.5484958077,703496.1770637707,258.37143203697633
2013-12-06,2.974881135027188,0.002974881135027188,773469.0951070689,773185.1291729712,283.96593409765046
2013-12-07,2.2486030962489023,0.002248603096248902,584636.8050247146,584422.1656325307,214.63939218386076
2013-12-08,3.869364513707069,0.0038693645137070688,1006034.7735638379,1005665.4251231347,369.348440703121
2013-12-09,2.238049151339498,0.002238049151339498,581892.7793482695,581679.1473781266,213.63197014282923
2013-12-10,3.541757761585633,0.0035417577615856326,920857.0180122645,920518.9411260069,338.0768862576224
2013-12-11,3.335155923742107,0.003335155923742107,867140.5401729478,866822.1843717375,318.35580121027306
2013-12-12,3.1096057312842937,0.0031096057312842936,808497.4901339164,808200.6641243785,296.82600953790825
2013-12-13,3.2470047516374576,0.0032470047516374575,844221.235425739,843911.2940548176,309.94137092132587
2013-12-14,4.826471645121831,0.0048264716451218315,1254882.6277316762,1254421.9190623565,460.7086693197489
2013-12-15,3.960315305916008,0.0039603153059160085,1029681.9795381622,1029303.9494306986,378.0301074635936
2013-12-16,4.178004863840287,0.0041780048638402865,1086281.2645984746,1085882.455032655,398.80956581956707
2013-12-17,3.9957858688591235,0.0039957858688591235,1038904.3259033721,1038522.9099693554,381.41593401669525
2013-12-18,4.725784442019778,0.004725784442019778,1228703.9549251422,1228252.857307284,451.09761785832234
2013-12-19,3.589479604574267,0.003589479604574267,933264.6971893094,932922.0650360996,342.6321532097645
2013-12-20,2.7872076930030576,0.0027872076930030576,724674.000180795,724407.9485302772,266.05165051773656
2013-12-21,5.077668852165052,0.0050776688521650525,1320193.9015629136,1319709.2149777366,484.68658517696895
2013-12-22,4.753364060478056,0.004753364060478056,1235874.6557242945,1235420.925506422,453.7302178724203
2013-12-23,3.841040644477422,0.003841040644477422,998670.5675641297,998303.9227655615,366.6447985682171
2013-12-24,4.696216396617846,0.004696216396617846,1221016.2631206398,1220567.9879071906,448.2752134492621
2013-12-25,3.4242512461566874,0.0034242512461566876,890305.3240007388,889978.4636457985,326.86035494029056
2013-12-26,2.415466769616911,0.002415466769616911,628021.3601003968,627790.792811694,230.5672887028195
2013-12-27,1.437268282364708,0.001437268282364708,373689.7534148241,373552.5596205762,137.19379424786894
2013-12-28,2.4003588967856744,0.0024003588967856744,624093.3131642754,623864.187990745,229.12517353042495
2013-12-29,2.875988088855047,0.002875988088855047,747756.9031023122,747482.3769592373,274.52614307496697
2013-12-30,3.9058665385282865,0.0039058665385282867,1015525.3000173545,1015152.4672923711,372.8327249834547
2013-12-31,4.03860719099885,0.00403860719099885,1050037.869659701,1049652.3662357347,385.50342396623455
2014-01-01,3.831816682507765,0.0038318166825077648,996272.3374520189,995906.5731225712,365.76432944764383
2014-01-02,4.287206680533499,0.004287206680533499,1114673.7369387099,1114264.503562837,409.233375872951
2014-01-03,4.712570161317917,0.004712570161317917,1225268.2419426583,1224818.4056879915,449.83625466679223
2014-01-04,3.7539759729032585,0.0037539759729032585,976033.7529548472,975675.4188751508,358.3340796963312
2014-01-05,4.444076659157922,0.004444076659157922,1155459.9313810596,1155035.7240522823,424.2073287772946
2014-01-06,2.7648974016214374,0.002764897401621437,718873.3244215737,718609.4023898356,263.92203173809685
2014-01-07,4.230011198935262,0.004230011198935262,1099802.911723168,1099399.1379161389,403.77380702923983
2014-01-08,3.1501713028010165,0.0031501713028010167,819044.5387282644,818743.840550433,300.69817783136386
2014-01-09,2.336370768358705,0.002336370768358705,607456.3997732634,607233.3825576094,223.01721565402113
2014-01-10,3.4080364955223503,0.0034080364955223503,886089.488835811,885764.1762525635,325.3125832475489
2014-01-11,5.214567071619265,0.005214567071619265,1355787.438621009,1355289.6844781719,497.75414283713326
2014-01-12,3.6137568642540563,0.0036137568642540564,939576.7847060547,939231.8351779955,344.94952805922367
2014-01-13,5.531242941709908,0.005531242941709908,1438123.1648445763,1437595.1825496973,527.9822948789224
2014-01-14,5.389401737463539,0.005389401737463538,1401244.45174052,1400730.00883368,514.4429068400059
2014-01-15,4.4276794036251035,0.004427679403625103,1151196.644942527,1150774.002806365,422.6421361619141
2014-01-16,4.752728826961051,0.004752728826961051,1235709.4950098733,1235255.8254279292,453.6695819441229
2014-01-17,4.785792004234932,0.004785792004234932,1244305.9211010823,1243849.0954884961,456.82561258622445
2014-01-18,4.566730611927675,0.004566730611927675,1187349.9591011954,1186914.0438947962,435.9152063992806
2014-01-19,4.479762753878408,0.004479762753878408,1164738.316008386,1164310.7022795673,427.6137288187165
2014-01-20,5.5351300714967575,0.005535130071496757,1439133.818589157,1438605.4652500611,528.3533390958328
2014-01-21,4.8289466287923775,0.004828946628792377,1255526.123486018,1255065.1785682505,460.9449177675415
2014-01-22,4.680919735611439,0.0046809197356114385,1217039.131258974,1216592.316181387,446.8150775870308
2014-01-23,2.721145951497473,0.002721145951497473,707497.947389343,707238.2016325009,259.745756842196
2014-01-24,3.4308716776552526,0.0034308716776552525,892026.6361903657,891699.1438851291,327.4923052365193
2014-01-25,3.956889223197367,0.003956889223197367,1028791.1980313153,1028413.494959029,377.70307228632737
2014-01-26,5.718588659102313,0.005718588659102313,1486833.0513666014,1486287.1860709488,545.865295652533
2014-01-27,3.890953782293372,0.003890953782293372,1011647.9833962767,1011276.574161699,371.4092345776735
2014-01-28,2.881247888914381,0.002881247888914381,749124.4511177391,748849.4229028268,275.0282149122795
2014-01-29,4.466250688535422,0.004466250688535422,1161225.1790192097,1160798.855078481,426.32394072879106
2014-01-30,5.214798775601283,0.0052147987756012825,1355847.6816563334,1355349.9053962976,497.776260035811
2014-01-31,4.143696027331522,0.004143696027331522,1077360.9671061959,1076965.4324748577,395.5346313382033
2014-02-01,5.0716925986706896,0.0050716925986706895,1318640.0756543793,1318155.9595297782,484.11612460110337
2014-02-02,4.491067514778371,0.0044910675147783715,1167677.5538423767,1167248.8610227162,428.6928196605295
2014-02-03,2.887682929458217,0.002887682929458217,750797.5616591364,750521.9191903378,275.6424687986728
2014-02-04,5.537822978846752,0.005537822978846752,1439833.9745001555,1439305.3641108058,528.6103893497493
2014-02-05,2.890592686524047,0.0028905926865240472,751554.0984962523,751278.1782779081,275.92021834419575
2014-02-06,2.6394065784264478,0.0026394065784264478,686245.7103908764,685993.7670289445,251.94336193194613
2014-02-07,3.644877726879068,0.003644877726879068,947668.2089885577,947320.2888326233,347.9201559344074
2014-02-08,5.181643615811837,0.005181643615811837,1347227.3401110775,1346732.728661833,494.61144924443215
2014-02-09,5.428497156578529,0.005428497156578529,1411409.2607104175,1410891.085968017,518.1747424004134
2014-02-10,3.7539378188432297,0.00375393781884323,976023.8328992397,975665.502461522,358.33043771772645
2014-02-11,2.3942586508075605,0.0023942586508075604,622507.2492099657,622278.7063326578,228.54287730786018
2014-02-12,5.381651082127702,0.005381651082127702,1399229.2813532024,1398715.5782816643,513.7030715381261
2014-02-13,5.712090150237946,0.005712090150237947,1485143.4390618661,1484598.19407844,545.2449834260624
2014-02-14,7.180433153582561,0.007180433153582561,1866912.6199314657,1866227.2149303465,685.4050011192448
2014-02-15,6.2647194388314436,0.006264719438831444,1628827.0540961754,1628229.058133795,597.9959623804316
2014-02-16,4.430508736604811,0.004430508736604811,1151932.2715172507,1151509.359308388,422.9122088626027
2014-02-17,6.462890414251883,0.0064628904142518834,1680351.5077054896,1679734.5954222237,616.9122832659632
2014-02-18,5.707480948515563,0.005707480948515563,1483945.0466140464,1483400.2415998874,544.8050141590647
2014-02-19,5.022832625002938,0.005022832625002938,1305936.4825007638,1305457.0302828646,479.4522178992629
2014-02-20,6.792164945163145,0.006792164945163145,1765962.8857424175,1765314.5427076356,648.3430347819813
2014-02-21,6.547187315453768,0.0065471873154537685,1702268.7020179797,1701643.7432121118,624.9588058679365
2014-02-22,6.146500958766161,0.006146500958766161,1598090.249279202,1597503.5378084015,586.7114708004519
2014-02-23,5.246228312460607,0.005246228312460607,1364019.3612397579,1363518.584887487,500.77635227073915
2014-02-24,5.650607889027454,0.005650607889027454,1469158.051147138,1468618.6749251657,539.3762219722848
2014-02-25,3.924733153233239,0.003924733153233239,1020430.6198406422,1020055.9862114798,374.6336291624466
2014-02-26,3.6904005542090434,0.0036904005542090436,959504.1440943513,959151.8785775104,352.2655168409692
2014-02-27,5.114849595908058,0.0051148495959080584,1329860.8949360952,1329372.6592798298,488.2356562654022
2014-02-28,6.049226163346532,0.006049226163346532,1572798.8024700982,1572221.3763209262,577.4261491720099
2014-03-01,6.822998561776923,0.006822998561776923,1773979.626062,1773328.339818281,651.2862437190488
2014-03-02,5.715684465187035,0.005715684465187035,1486077.960948629,1485532.3728714942,545.5880771349184
2014-03-03,4.229349432220313,0.004229349432220313,1099630.8523772813,1099227.1417388946,403.71063838666305
2014-03-04,5.975262228743274,0.005975262228743274,1553568.179473251,1552997.813518025,570.3659552261233
2014-03-05,6.351196600133216,0.006351196600133216,1651311.116034636,1650704.8654339113,606.2506007247139
2014-03-06,6.327240535973624,0.0063272405359736245,1645082.5393531423,1644478.5754676936,603.9638854486402
2014-03-07,6.383499682256306,0.006383499682256306,1659709.9173866396,1659100.5833098118,609.3340768278576
2014-03-08,3.233627949352576,0.003233627949352576,840743.2668316697,840434.6023373641,308.66449430561624
2014-03-09,3.757273145398734,0.003757273145398734,976891.0178036708,976532.3689938643,358.64880980656017
2014-03-10,4.516859138312951,0.00451685913831295,1174383.375961367,1173952.2212139398,431.15474742720835
2014-03-11,6.777299638726697,0.006777299638726696,1762097.906068941,1761450.981995266,646.9240736751817
2014-03-12,7.516047606775112,0.0075160476067751125,1954172.3777615293,1953454.9368344783,717.4409270510077
2014-03-13,7.138556910392503,0.0071385569103925035,1856024.7967020508,1855343.3889787972,681.4077232535928
2014-03-14,6.365363110324227,0.006365363110324228,1654994.4086842993,1654386.8058257475,607.6028585517779
2014-03-15,6.701963684309581,0.00670196368430958,1742510.5579204909,1741870.8250062927,639.73291419819
2014-03-16,7.078209027874858,0.007078209027874858,1840334.3472474632,1839658.700004058,675.6472434052266
2014-03-17,7.187136895446786,0.0071871368954467855,1868655.5928161643,1867969.5479123953,686.044903768925
2014-03-18,7.771356372079594,0.007771356372079594,2020552.6567406943,2019810.8454308505,741.8113098437898
2014-03-19,6.2097215263055086,0.006209721526305508,1614527.5968394321,1613934.8506779328,592.7461614992935
2014-03-20,7.348827965074428,0.007348827965074428,1910695.2709193514,1909993.7918676154,701.4790517359506
2014-03-21,6.744281585778892,0.006744281585778892,1753513.2123025118,1752869.4399521567,643.7723503550515
2014-03-22,4.93753516023177,0.0049375351602317695,1283759.14166026,1283287.831473306,471.31018695398234
2014-03-23,3.4615530732733655,0.0034615530732733653,900003.799051075,899673.3780670877,330.4209839872783
2014-03-24,5.892927882418719,0.005892927882418719,1532161.249428867,1531598.742661454,562.5067674128804
2014-03-25,6.361674682051436,0.006361674682051436,1654035.4173333733,1653428.1665520752,607.2507812981494
2014-03-26,4.301899825648108,0.004301899825648108,1118493.954668508,1118083.3187651094,410.63590339850634
2014-03-27,7.960755040620523,0.007960755040620522,2069796.3105613359,2069036.420287195,759.8902741409838
2014-03-28,9.267689406742067,0.009267689406742066,2409599.245752937,2408714.6026496124,884.6431033248082
2014-03-29,7.537033213329829,0.007537033213329829,1959628.6354657556,1958909.1913671163,719.444098639302
2014-03-30,9.309223760989855,0.009309223760989855,2420398.177857362,2419509.570111026,888.6077463361435
2014-03-31,8.220006379456722,0.008220006379456721,2137201.6586587476,2136417.0216652397,784.6369935078546
2014-04-01,7.096507459311608,0.007096507459311608,1845091.9394210181,1844414.545509111,677.3939119072165
2014-04-02,8.33559965403107,0.00833559965403107,2167255.9100480783,2166460.2391507938,795.6708972845227
2014-04-03,6.58409296398151,0.00658409296398151,1711864.1706351927,1711235.6890173259,628.4816178667825
2014-04-04,7.561863506977673,0.007561863506977673,1966084.511814195,1965362.697551099,721.8142630960792
2014-04-05,5.43725164666223,0.00543725164666223,1413685.42813218,1413166.4177338856,519.010398294311
2014-04-06,7.332285150330414,0.007332285150330414,1906394.1390859077,1905694.239121076,699.8999648317695
2014-04-07,8.587982949772762,0.008587982949772761,2232875.566940918,2232055.804910216,819.7620307020843
2014-04-08,8.307011037272996,0.008307011037272997,2159822.8696909794,2159029.9277071855,792.9419837938622
2014-04-09,9.528037002305389,0.00952803700230539,2477289.620599401,2476380.126134019,909.494465382304
2014-04-10,8.808131678717242,0.008808131678717242,2290114.236466483,2289273.460238367,840.7762281163596
2014-04-11,7.331357516834696,0.007331357516834696,1906152.954377021,1905453.1429590252,699.8114179957192
2014-04-12,7.0809515431897285,0.007080951543189729,1841047.4012293294,1840371.4922003644,675.9090289650485
2014-04-13,4.478812048972357,0.004478812048972357,1164491.1327328128,1164063.6097531011,427.5229797116481
2014-04-14,8.472678272594045,0.008472678272594045,2202896.350874452,2202087.595199592,808.7556748599745
2014-04-15,7.965847711233082,0.007965847711233083,2071120.4049206015,2070360.028527889,760.3763927125838
2014-04-16,8.730342670942191,0.008730342670942191,2269889.0944449697,2269055.7435314297,833.3509135399945
2014-04-17,7.667183951909063,0.007667183951909063,1993467.8274963563,1992735.959917794,731.8675785623491
2014-04-18,6.190237586137834,0.006190237586137834,1609461.772395837,1608870.8860650396,590.886330797337
2014-04-19,6.47204062674656,0.00647204062674656,1682730.5629541057,1682112.7772414421,617.7857126635499
2014-04-20,5.05731690514025,0.00505731690514025,1314902.395336465,1314419.6514371922,482.7438992727548
2014-04-21,5.479825277998729,0.005479825277998729,1424754.5722796696,1424231.4980346393,523.0742450302932
2014-04-22,8.901052805356239,0.008901052805356238,2314273.7293926217,2313424.0834203623,849.6459722593427
2014-04-23,8.74997258013863,0.00874997258013863,2274992.8708360437,2274157.6461583944,835.2246776493266
2014-04-24,9.848563057954806,0.009848563057954805,2560626.395068249,2559686.304933103,940.0901351463981
2014-04-25,9.855356330553368,0.009855356330553369,2562392.645943876,2561451.907359964,940.738583911676
2014-04-26,8.5508848259725,0.008550884825972499,2223230.0547528495,2222413.8339067865,816.2208460629918
2014-04-27,10.04486835453804,0.010044868354538041,2611665.772179891,2610706.943811389,958.8283685017377
2014-04-28,10.259889657827987,0.010259889657827988,2667571.311035277,2666591.957905459,979.3531298176385
2014-04-29,9.97256504574597,0.00997256504574597,2592866.911893952,2591914.98520511,951.9266888420098
2014-04-30,8.54141496211601,0.008541414962116009,2220767.8901501624,2219952.5732456734,815.316904488951
2014-05-01,7.7083717048337395,0.0077083717048337394,2004176.6432567723,2003440.8441198715,735.7991369008087
2014-05-02,8.17042566735803,0.00817042566735803,2124310.673513088,2123530.7692240425,779.9042890453711
2014-05-03,9.783471288120376,0.009783471288120377,2543702.5349112977,2542768.6580816195,933.8768296781927
2014-05-04,10.1422170239697,0.0101422170239697,2636976.426232122,2636008.305490381,968.1207417408004
2014-05-05,9.855158090612639,0.009855158090612638,2562341.103559286,2561400.383898278,940.7196610076353
2014-05-06,9.18488317414524,0.00918488317414524,2388069.6252777623,2387192.8864059416,876.7388718207367
2014-05-07,8.97093360859712,0.00897093360859712,2332442.738235251,2331586.4218225046,856.3164127464406
2014-05-08,9.479764493895171,0.009479764493895171,2464738.7684127446,2463833.8817778337,904.8866349109448
2014-05-09,8.134588255665106,0.008134588255665105,2114992.9464729275,2114216.4630278167,776.4834451107308
2014-05-10,10.950862990581678,0.010950862990581678,2847224.377551236,2846179.0678742602,1045.3096769759431
2014-05-11,8.284185438988679,0.00828418543898868,2153888.214137057,2153097.4509604303,790.7631766265258
2014-05-12,8.456531702434566,0.008456531702434565,2198698.242632987,2197891.0282216836,807.214411303401
2014-05-13,4.8225234509529535,0.004822523450952953,1253856.097247768,1253395.765451538,460.3317962300498
2014-05-14,9.451820132570814,0.009451820132570815,2457473.234468412,2456571.0152498805,902.2192185316235
2014-05-15,9.661541932362786,0.009661541932362785,2512000.902414324,2511078.6642961875,922.2381181367673
2014-05-16,10.735321467224011,0.010735321467224012,2791183.581478243,2790158.846219955,1024.7352582882158
2014-05-17,10.057610581776457,0.010057610581776457,2614978.7512618788,2614018.706589835,960.0446720435284
2014-05-18,8.747493746660803,0.008747493746660803,2274348.374131809,2273513.386070089,834.9880617200397
2014-05-19,8.979562653458032,0.008979562653458032,2334686.2898990884,2333829.149804765,857.1400943235494
2014-05-20,9.419474193983861,0.00941947419398386,2449063.2904358036,2448164.1587842195,899.131651584059
2014-05-21,9.729133248231237,0.009729133248231237,2529574.644540122,2528645.95452348,928.6900166417472
2014-05-22,6.271767164909599,0.006271767164909599,1630659.4628764957,1630060.794176608,598.6686998875812
2014-05-23,7.028730533749335,0.007028730533749335,1827469.9387748272,1826799.0144787144,670.9242961127311
2014-05-24,8.155851430731206,0.008155851430731206,2120521.3719901135,2119742.858878238,778.5131118753925
2014-05-25,5.271145253876814,0.005271145253876814,1370497.7660079717,1369994.6112203207,503.15478765103035
2014-05-26,6.680872772787563,0.006680872772787563,1737026.9209247665,1736389.2012339947,637.7196907717735
2014-05-27,8.430891326819735,0.008430891326819736,2192031.7449731315,2191226.978052293,804.766920838505
2014-05-28,9.992040586222839,0.009992040586222838,2597930.552417938,2596976.7667001826,953.7857177555561
2014-05-29,8.118082435757128,0.008118082435757127,2110701.433296853,2109926.5254073213,774.9078895319253
2014-05-30,9.149081371910317,0.009149081371910317,2378761.1566966823,2377887.8352697114,873.3214269708842
2014-05-31,9.630061313700802,0.009630061313700802,2503815.9415622083,2502896.708412297,919.233149911277
2014-06-01,10.309262750787276,0.010309262750787276,2680408.3152046916,2679424.249188602,984.0660160896368
2014-06-02,10.773403452959707,0.010773403452959707,2801084.897769524,2800056.5274125,1028.370357023552
2014-06-03,7.910587646448324,0.007910587646448324,2056752.7880765642,2055997.6865083582,755.1015682059806
2014-06-04,10.79111378178195,0.01079111378178195,2805689.583263307,2804659.52237485,1030.0608884566464
2014-06-05,11.21429104568072,0.01121429104568072,2915715.6718769874,2914645.2167940815,1070.4550829059444
2014-06-06,10.54047590839067,0.01054047590839067,2740523.7361815744,2739517.599818034,1006.1363635403104
2014-06-07,10.296228095753273,0.010296228095753273,2677019.304895851,2676036.483096866,982.8217989848927
2014-06-08,6.891676974192588,0.006891676974192588,1791836.0132900728,1791178.1713795394,657.8419105333742
2014-06-09,8.056746913708501,0.008056746913708501,2094754.1975642103,2093985.144429212,769.0531349983066
2014-06-10,9.758967751272447,0.009758967751272447,2537331.6153308363,2536400.077475192,931.5378556442447
2014-06-11,11.02273931368586,0.011022739313685859,2865912.221558323,2864860.0509594134,1052.1705989097245
2014-06-12,10.3981560467599,0.010398156046759898,2703520.5721575734,2702528.0208720965,992.5512854768895
2014-06-13,10.199693186580616,0.010199693186580617,2651920.2285109605,2650946.621408097,973.6071028634906
2014-06-14,8.637648759764707,0.008637648759764707,2245788.677538824,2244964.1746806777,824.5028581460938
2014-06-15,10.338175515682394,0.010338175515682394,2687925.6340774223,2686938.8082064283,986.8258709940128
2014-06-16,7.829754370735152,0.007829754370735152,2035736.1363911396,2034988.75072673,747.3856644094922
2014-06-17,8.92069753877643,0.00892069753877643,2319381.3600818715,2318529.838930463,851.5211514085531
2014-06-18,7.622759124177388,0.007622759124177388,1981917.372286121,1981189.7452594098,727.6270267111249
2014-06-19,8.56195476886915,0.008561954768869149,2226108.2399059786,2225290.96238352,817.2775224586949
2014-06-20,6.6401826134407855,0.006640182613440786,1726447.4794946043,1725813.643864601,633.8356300033629
2014-06-21,6.260748894489051,0.006260748894489051,1627794.7125671534,1627197.0956112884,597.6169558649417
2014-06-22,8.535131514570274,0.008535131514570275,2219134.1937882714,2218319.4766674275,814.7171208439395
2014-06-23,7.977406524496596,0.007977406524496595,2074125.6963691146,2073364.2166351066,761.4797340079676
2014-06-24,6.558439434047515,0.006558439434047515,1705194.252852354,1704568.2199805917,626.0328717622906
2014-06-25,9.000549977404141,0.00900054997740414,2340142.9941250766,2339283.8506952324,859.1434298441745
2014-06-26,9.569688706890629,0.00956968870689063,2488119.0637915637,2487205.5934815467,913.4703100170009
2014-06-27,7.995008105098275,0.007995008105098275,2078702.1073255516,2077938.947440623,763.1598849284928
2014-06-28,8.872942127934131,0.00887294212793413,2306964.953262874,2306117.990582622,846.9626802518032
2014-06-29,9.759366045516167,0.009759366045516167,2537435.1718342034,2536503.5959595623,931.575874641072
2014-06-30,9.350733218566873,0.009350733218566873,2431190.636827387,2430298.06681454,892.5700128469616
2014-07-01,10.88586177616479,0.010885861776164789,2830324.061802845,2829284.9567874107,1039.1050154343247
2014-07-02,9.640002238731501,0.009640002238731502,2506400.5820701905,2505480.4000137737,920.1820564167574
2014-07-03,10.06954641440893,0.01006954641440893,2618082.0677463217,2617120.8837447693,961.1840015524067
2014-07-04,10.100863292906041,0.010100863292906041,2626224.4561555707,2625260.2828155365,964.1733400342055
2014-07-05,10.33614125028237,0.01033614125028237,2687396.7250734163,2686410.0933823064,986.6316911098547
2014-07-06,10.0410400684127,0.0100410400684127,2610670.417787302,2609711.954846122,958.4629411799833
2014-07-07,9.634711632576693,0.009634711632576693,2505025.02446994,2504105.3474259423,919.6770439976826
2014-07-08,10.084559789682373,0.010084559789682373,2621985.545317417,2621022.928220914,962.6170965027995
2014-07-09,8.575401643340768,0.008575401643340768,2229604.4272685996,2228785.866180816,818.561087783426
2014-07-10,9.513407312399684,0.009513407312399684,2473485.901223918,2472577.803228973,908.097994945012
2014-07-11,5.981787135384411,0.005981787135384411,1555264.6551999468,1554693.6664127065,570.9887872403488
2014-07-12,8.79270311098863,0.008792703110988629,2286102.8088570433,2285263.5053558857,839.3035011575557
2014-07-13,9.956227210813449,0.009956227210813448,2588619.0748114963,2587668.707643303,950.3671681932174
2014-07-14,9.812492207216879,0.009812492207216878,2551247.9738763883,2550311.326867995,936.6470083934255
2014-07-15,7.7958543495395745,0.007795854349539575,2026922.1308802895,2026177.9811270805,744.1497532089707
2014-07-16,8.778029442939692,0.008778029442939692,2282287.65516432,2281449.7523315134,837.902832806576
2014-07-17,7.347144374831918,0.007347144374831918,1910257.5374562987,1909556.2191109085,701.3183453902602
2014-07-18,7.27622805573022,0.00727622805573022,1891819.2944898573,1891124.7454296527,694.549060204532
2014-07-19,9.732839041219112,0.009732839041219112,2530538.150716969,2529609.1069655325,929.0437514362857
2014-07-20,9.311569281853375,0.009311569281853374,2421008.013281877,2420119.181644907,888.8316369699314
2014-07-21,9.203940352583887,0.009203940352583886,2393024.4916718104,2392145.933705636,878.5579661745578
2014-07-22,9.341012074837225,0.009341012074837226,2428663.139457679,2427771.497372213,891.6420854660682
2014-07-23,9.408257761721405,0.009408257761721404,2446147.018047565,2445248.9570554527,898.0609921123832
2014-07-24,7.14416017885182,0.00714416017885182,1857481.6465014732,1856799.7039207614,681.942580711795
2014-07-25,9.695092132189691,0.00969509213218969,2520723.9543693196,2519798.513732023,925.4406372965313
2014-07-26,10.248513260066566,0.010248513260066566,2664613.4476173073,2663635.180416396,978.2672009114176
2014-07-27,10.293199598087707,0.010293199598087707,2676231.895502804,2675249.3627876947,982.5327151091769
2014-07-28,10.075468966518958,0.010075468966518958,2619621.931294929,2618660.1819588416,961.7493360871449
2014-07-29,10.182006883821428,0.010182006883821428,2647321.7897935715,2646349.8709287434,971.9188648280688
2014-07-30,10.609329477649355,0.010609329477649355,2758425.664188832,2757412.95543896,1012.7087498721667
2014-07-31,7.318038874579119,0.007318038874579119,1902690.107390571,1901991.5672975515,698.5400930193719
2014-08-01,7.350450895810807,0.007350450895810807,1911117.2329108098,1910415.598942954,701.6339678557124
2014-08-02,4.849352446853663,0.004849352446853663,1260831.6361819524,1260368.7434360455,462.89274590695277
2014-08-03,8.842770111448402,0.008842770111448402,2299120.2289765845,2298276.1463525286,844.0826240559109
2014-08-04,8.613192669275909,0.00861319266927591,2239430.0940117366,2238607.925598654,822.1684130826034
2014-08-05,8.951435591776425,0.008951435591776425,2327373.2538618706,2326518.7986235064,854.4552383641712
2014-08-06,9.617542322126601,0.009617542322126601,2500561.003752916,2499642.965597687,918.0381552292965
2014-08-07,9.949375936192842,0.009949375936192842,2586837.743410139,2585888.0302272676,949.71318287123
2014-08-08,10.563099142205498,0.010563099142205499,2746405.7769734296,2745397.4811193314,1008.2958540981635
2014-08-09,9.344745152740991,0.009344745152740992,2429633.739712658,2428741.741287928,891.998424729798
2014-08-10,7.730639108522125,0.0077306391085221245,2009966.1682157523,2009228.2435538974,737.9246618549805
2014-08-11,9.283318082448016,0.009283318082448016,2413662.701436484,2412776.566504984,886.1349315000698
2014-08-12,6.524639911542778,0.0065246399115427775,1696406.377001122,1695783.5704475031,622.8065536189824
2014-08-13,8.741744540767806,0.008741744540767806,2272853.58059963,2272019.1413257592,834.4392738705501
2014-08-14,9.299293979097643,0.009299293979097643,2417816.434565387,2416928.7746618935,887.6599034937099
2014-08-15,9.314927148112538,0.009314927148112538,2421881.05850926,2420991.906348684,889.152160576079
2014-08-16,7.740455039225572,0.007740455039225572,2012518.3101986486,2011779.448561565,738.8616370835807
2014-08-17,4.817952150223529,0.004817952150223528,1252667.5590581174,1252207.6636133322,459.89544478524476
2014-08-18,8.547752597042768,0.008547752597042768,2222415.6752311196,2221599.7533705533,815.9218605663627
2014-08-19,8.25589621651863,0.00825589621651863,2146533.016294844,2145744.9534531613,788.0628416826949
2014-08-20,9.520315669886218,0.009520315669886217,2475282.0741704167,2474373.3167413305,908.7574290861376
2014-08-21,8.939679889191781,0.008939679889191782,2324316.7711898633,2323463.438086776,853.333103087265
2014-08-22,10.232674202660984,0.010232674202660984,2660495.2926918557,2659518.5374010094,976.7552908463404
2014-08-23,9.722625733702316,0.009722625733702316,2527882.6907626023,2526954.6219178187,928.0688447835855
2014-08-24,9.704737483622104,0.009704737483622104,2523231.745741747,2522305.384411789,926.3613299578428
2014-08-25,9.630927027873936,0.009630927027873935,2504041.027247223,2503121.7114609564,919.3157862666994
2014-08-26,9.293593119195224,0.009293593119195224,2416334.210990758,2415447.0952602695,887.1157304886729
2014-08-27,8.813462791534963,0.008813462791534964,2291500.3257990903,2290659.0406920095,841.2851070808247
2014-08-28,9.081574750055095,0.009081574750055095,2361209.4350143247,2360342.5574014303,866.877612894401
2014-08-29,8.997063686311725,0.008997063686311724,2339236.558441048,2338377.747793544,858.8106475039385
2014-08-30,9.002424012804243,0.009002424012804242,2340630.243329103,2339770.9210140565,859.3223150465637
2014-08-31,9.451314420026577,0.009451314420026577,2457341.74920691,2456439.5782609405,902.1709459694102
2014-09-01,10.000557184236715,0.010000557184236715,2600144.867901546,2599190.2692357767,954.598665769212
2014-09-02,9.392924437445735,0.009392924437445736,2442160.3537358916,2441263.756379317,896.5973565746099
2014-09-03,6.76380843457445,0.00676380843457445,1758590.192989357,1757944.5567124763,645.6362768807448
2014-09-04,7.74732306525065,0.00774732306525065,2014303.996965169,2013564.4797437657,739.5172214033082
2014-09-05,5.491695574891423,0.005491695574891423,1427840.84947177,1427316.6421529152,524.2073188547511
2014-09-06,7.446278431741155,0.007446278431741156,1936032.3922527004,1935321.6111107166,710.7811419838108
2014-09-07,7.253255201970069,0.007253255201970069,1885846.352512218,1885153.9963153854,692.3561968326103
2014-09-08,8.477988711380267,0.008477988711380266,2204277.064958869,2203467.802378475,809.2625803938136
2014-09-09,9.09147713250487,0.00909147713250487,2363784.0544512663,2362916.231610931,867.8228403353132
2014-09-10,8.683816190348521,0.00868381619034852,2257792.2094906154,2256963.299741251,828.9097493644804
2014-09-11,8.949185170471427,0.008949185170471427,2326788.144322571,2325933.9038971555,854.2404254153371
2014-09-12,8.246755193127633,0.008246755193127633,2144156.3502131845,2143369.159923758,787.190289426595
2014-09-13,3.6400252777182276,0.0036400252777182276,946406.5722067392,946059.115239146,347.4569675931707
2014-09-14,3.641575700074526,0.003641575700074526,946809.6820193768,946462.0770569184,347.6049624583684
2014-09-15,5.670782789335219,0.00567078278933522,1474403.5252271572,1473862.2232191951,541.3020079620183
2014-09-16,7.224490247968908,0.007224490247968908,1878367.464471916,1877677.8540207657,689.6104511502199
2014-09-17,6.74605404989631,0.00674605404989631,1753974.0529730406,1753330.1114329242,643.9415401164442
2014-09-18,6.731885400506495,0.006731885400506495,1750290.2041316887,1749647.6150535957,642.5890780929476
2014-09-19,6.676749536457405,0.006676749536457405,1735954.8794789251,1735317.5533698134,637.3261091117747
2014-09-20,6.519589196587976,0.006519589196587976,1695093.1911128738,1694470.866672968,622.3244399058167
2014-09-21,6.1123112132276445,0.006112311213227644,1589200.9154391875,1588617.4675350937,583.4479040938895
2014-09-22,7.473381983077484,0.007473381983077484,1943079.3156001458,1942365.94730092,713.3682992258109
2014-09-23,7.325554750708683,0.007325554750708683,1904644.2351842576,1903944.9776666795,699.2575175780803
2014-09-24,6.527170400699612,0.006527170400699612,1697064.3041818992,1696441.2560815816,623.0481003175955
2014-09-25,6.919686927930754,0.006919686927930754,1799118.6012619962,1798458.0856739893,660.515588006936
2014-09-26,3.1893692671608505,0.0031893692671608504,829236.009461821,828931.5696600191,304.4398018019274
2014-09-27,4.832879243509392,0.004832879243509392,1256548.603312442,1256087.2830087144,461.32030372763984
2014-09-28,6.6310038353215,0.006631003835321499,1724060.9971835897,1723428.037709703,632.95947388676
2014-09-29,6.843745496218272,0.006843745496218272,1779373.8290167507,1778720.5623837821,653.2666329685599
2014-09-30,7.615978516540534,0.007615978516540534,1980154.4143005388,1979427.4345136648,726.9797868740279
2014-10-01,7.791611941259302,0.007791611941259302,2025819.1047274184,2025075.3599313742,743.7447960441932
2014-10-02,6.896652323904752,0.0068966523239047525,1793129.6042152357,1792471.2873849443,658.3168302914128
2014-10-03,7.287862954260919,0.0072878629542609185,1894844.3681078388,1894148.708443654,695.6596641847864
2014-10-04,7.600859277515704,0.007600859277515704,1976223.412154083,1975497.875567336,725.5365867468063
2014-10-05,7.290272503421483,0.007290272503421483,1895470.8508895854,1894774.9612229746,695.8896666108631
2014-10-06,6.669767105686265,0.006669767105686265,1734139.447478429,1733502.7878740905,636.6596043384634
2014-10-07,6.520904205812117,0.0065209042058121175,1695435.0935111505,1694812.6435476334,622.4499635170214
2014-10-08,6.772037816739409,0.006772037816739409,1760729.8323522462,1760083.4105434106,646.4218088355847
2014-10-09,7.144322010983793,0.0071443220109837936,1857523.7228557863,1856841.7648274614,681.9580283248797
2014-10-10,6.470063450948626,0.0064700634509486255,1682216.4972466426,1681598.900264401,617.5969822416082
2014-10-11,5.348954447696013,0.005348954447696013,1390728.1564009632,1390217.5743718857,510.58202907745726
2014-10-12,6.886790796048999,0.006886790796048999,1790565.6069727396,1789908.2314701322,657.3755026073195
2014-10-13,7.932674365497084,0.007932674365497083,2062495.3350292416,2061738.125183252,757.2098459897097
2014-10-14,6.285655445835982,0.006285655445835982,1634270.4159173553,1633670.4215178895,599.9943994658533
2014-10-15,6.716703282562916,0.006716703282562916,1746342.853466358,1745701.713590471,641.1398758869618
2014-10-16,6.930154908355423,0.006930154908355423,1801840.27617241,1801178.761368063,661.5148043469526
2014-10-17,6.48124635110709,0.00648124635110709,1685124.0512878434,1684505.3868469219,618.6644409215078
2014-10-18,6.360178935730001,0.0063601789357300015,1653646.5232898004,1653039.4152842911,607.1080055092461
2014-10-19,5.572193428301541,0.005572193428301541,1448770.2913584008,1448238.4001533338,531.8912050670478
2014-10-20,4.700310695047479,0.004700310695047479,1222080.7807123445,1221632.1146794893,448.6660328551661
2014-10-21,4.098480238502383,0.004098480238502383,1065604.8620106194,1065213.6434319662,391.21857865317725
2014-10-22,2.716391536577648,0.002716391536577648,706261.7995101885,706002.5075838735,259.2919263150543
2014-10-23,4.413063625104095,0.004413063625104095,1147396.5425270647,1146975.2955334352,421.2469936294947
2014-10-24,6.0089595428145595,0.006008959542814559,1562329.4811317853,1561755.8986146757,573.5825171095785
2014-10-25,6.5734755984895346,0.0065734755984895345,1709103.655607279,1708476.187465236,627.4681420428678
2014-10-26,6.520921962721756,0.006520921962721756,1695439.7103076566,1694817.2586491618,622.4516584947705
2014-10-27,6.005236537847682,0.006005236537847682,1561361.4998403974,1560788.272701044,573.2271393532865
2014-10-28,3.374473982954194,0.003374473982954194,877363.2355680905,877041.1266793099,322.10888878058176
2014-10-29,5.188375920829654,0.005188375920829654,1348977.73941571,1348482.4853373333,495.2540783768054
2014-10-30,6.011852029869262,0.006011852029869262,1563081.5277660082,1562507.6691478542,573.8586181539577
2014-10-31,5.669232605622332,0.0056692326056223315,1474000.4774618063,1473459.3234259298,541.1540358765051
2014-11-01,6.1004751861814555,0.006100475186181456,1586123.5484071786,1585541.2303056966,582.3181014820002
2014-11-02,5.399605569583247,0.005399605569583247,1403897.448091644,1403382.0311826214,515.4169090227224
2014-11-03,4.868574041810629,0.004868574041810629,1265829.2508707636,1265364.523336198,464.72753456560895
2014-11-04,3.0902668550893893,0.0030902668550893894,803469.3823232412,803174.4022973893,294.98002585186623
2014-11-05,2.6667083558054037,0.0026667083558054036,693344.172509405,693089.6230686537,254.54944075120147
2014-11-06,2.7399914433675807,0.0027399914433675807,712397.775275571,712136.2306308205,261.5446447505383
2014-11-07,3.122312528265909,0.0031223125282659092,811801.2573491364,811503.2184180361,298.03893110028
2014-11-08,5.0611172823107236,0.005061117282310724,1315890.4934007882,1315407.3867382302,483.10666255792603
2014-11-09,5.369861941412776,0.005369861941412777,1396164.104767322,1395651.5270228821,512.5777444399428
2014-11-10,4.7623641250504125,0.004762364125050413,1238214.6725131073,1237760.0831981392,454.58931496809237
2014-11-11,5.103716468235438,0.005103716468235439,1326966.281741214,1326479.1087926184,487.17294859560207
2014-11-12,3.164139601648218,0.003164139601648218,822676.2964285366,822374.2649130524,302.0315154842101
2014-11-13,2.699986919857372,0.002699986919857372,701996.5991629167,701738.8731318758,257.7260310408892
2014-11-14,4.307963702159297,0.004307963702159297,1120070.562561417,1119659.3478334271,411.2147279898636
2014-11-15,4.724282857236722,0.004724282857236722,1228313.5428815477,1227862.5885967861,450.95428476156667
2014-11-16,2.956741741672943,0.0029567417416729433,768752.8528349652,768470.6183884612,282.2344465040369
2014-11-17,4.493725914660906,0.004493725914660906,1168368.7378118355,1167939.7912358157,428.94657601974905
2014-11-18,4.750012697589854,0.0047500126975898544,1235003.301373362,1234549.8910583195,453.41031504259445
2014-11-19,4.604127937573293,0.004604127937573293,1197073.2637690562,1196633.778817841,439.4849512150977
2014-11-20,3.7062529078067876,0.003706252907806788,963625.7560297648,963271.9773336764,353.7786960883532
2014-11-21,3.4410148170604287,0.0034410148170604285,894663.8524357114,894335.3919216876,328.4605140237836
2014-11-22,3.382723132005761,0.0033827231320057607,879508.0143214978,879185.118013923,322.8963075747015
2014-11-23,6.327333723665334,0.006327333723665334,1645106.768152987,1644502.7953723494,603.9727806374431
2014-11-24,4.596413010114998,0.004596413010114998,1195067.3826298995,1194628.6341035978,438.7485263017006
2014-11-25,4.397682948222517,0.004397682948222517,1143397.5665378545,1142977.7876997846,419.77883806987666
2014-11-26,4.908331465056112,0.004908331465056113,1276166.1809145892,1275697.6583531583,468.5225614309311
2014-11-27,4.552538332618475,0.004552538332618475,1183659.9664808037,1183225.405992011,434.560488792602
2014-11-28,4.169881555680526,0.004169881555680526,1084169.2044769367,1083771.1703178259,398.03415911085904
2014-11-29,4.277352435594381,0.004277352435594381,1112111.633254539,1111703.3405111628,408.29274337622337
2014-11-30,3.098854403280448,0.003098854403280448,805702.1448529165,805406.3451065336,295.7997463828651
2014-12-01,2.4320431126122344,0.0024320431126122343,632331.2092791809,632099.05970315,232.14957603090443
2014-12-02,3.204734068319722,0.003204734068319722,833230.8577631278,832924.9513211761,305.9064419516362
2014-12-03,3.550241956280612,0.003550241956280612,923062.9086329591,922724.0218917318,338.8867412273539
2014-12-04,3.6406750781689046,0.0036406750781689044,946575.5203239152,946228.0013299137,347.51899400143884
2014-12-05,4.002196848791118,0.004002196848791118,1040571.1806856906,1040189.1527944823,382.0278912083013
2014-12-06,4.458487636318954,0.004458487636318954,1159206.785442928,1158781.2025208396,425.58292208844796
2014-12-07,2.150821998336844,0.002150821998336844,559213.7195675795,559008.4138258998,205.30574167962186
2014-12-08,2.351764730568577,0.002351764730568577,611458.8299478301,611234.3433084714,224.48663935868535
2014-12-09,3.2782965264664576,0.0032782965264664577,852357.096881279,852044.1685681352,312.9283131437842
2014-12-10,2.9112311635840813,0.0029112311635840814,756920.1025318612,756642.2122770178,277.890254843398
2014-12-11,2.7660576780135973,0.0027660576780135972,719174.9962835353,718910.9634981386,264.0327853966737
2014-12-12,3.9503843016024467,0.0039503843016024465,1027099.9184166361,1026722.8362687003,377.0821479357546
2014-12-13,3.8243029505587876,0.0038243029505587874,994318.7671452847,993953.7200357241,365.04710956057534
2014-12-14,3.8618902832759887,0.003861890283275989,1004091.4736517571,1003722.8386603415,368.6349914156599
2014-12-15,4.712573933147681,0.004712573933147681,1225269.222618397,1224819.386003692,449.83661470515653
2014-12-16,2.43027146836292,0.00243027146836292,631870.5817743592,631638.6013098294,231.98046452982817
2014-12-17,2.6909893388536608,0.002690989338853661,699657.2281019518,699400.3609309387,256.8671710130293
2014-12-18,2.9360722652231144,0.0029360722652231144,763378.7889580097,763098.5275070375,280.2614509721752
2014-12-19,4.068523839139336,0.004068523839139335,1057816.1981762273,1057427.839072135,388.3591040922329
2014-12-20,2.5745954189871387,0.0025745954189871387,669394.8089366561,669149.0520946538,245.7568420022726
2014-12-21,2.208201947732693,0.002208201947732693,574132.5064105002,573921.7234916866,210.78291881352197
2014-12-22,3.676550656927635,0.0036765506569276353,955903.1708011852,955552.227320029,350.94348115613684
2014-12-23,3.4317941111043546,0.0034317941111043546,892266.4688871322,891938.8885314277,327.5803557045292
2014-12-24,4.6671896474526084,0.004667189647452608,1213469.3083376782,1213023.8038594504,445.5044782278128
2014-12-25,4.900012118336548,0.004900012118336548,1274003.1507675024,1273535.4223255522,467.7284419501666
2014-12-26,3.9795548515759878,0.003979554851575987,1034684.2614097567,1034304.3948001583,379.86660959839355
2014-12-27,2.970270696601349,0.0029702706966013488,772270.3811163506,771986.855269569,283.5258467816748
2014-12-28,3.6768184928445105,0.0036768184928445105,955972.8081395727,955621.8390922602,350.96904731250834
2014-12-29,3.2564637173593165,0.0032564637173593163,846680.5665134222,846369.7222412033,310.84427221887745
2014-12-30,1.967082817141801,0.001967082817141801,511441.53245686827,511253.76545567944,187.76700118882582
2014-12-31,2.280781894044133,0.002280781894044133,593003.2924514746,592785.581446692,217.7110047825845
2015-01-01,1.8768895660054152,0.0018768895660054151,487991.28716140793,487812.129516239,179.15764516894706
2015-01-02,1.6176301622639597,0.0016176301622639598,420583.84218862955,420429.4320326595,154.41015597007936
2015-01-03,4.453787226501237,0.004453787226501237,1157984.6788903216,1157559.5446437278,425.1342465938069
2015-01-04,4.410248363089687,0.004410248363089687,1146664.5744033186,1146243.5961392522,420.9782640663907
2015-01-05,3.8206532226569396,0.0038206532226569396,993369.8378908043,993005.1391643708,364.6987264334457
2015-01-06,3.9355327412921555,0.0039355327412921555,1023238.5127359604,1022862.8482370012,375.6644989592023
2015-01-07,4.054809052562105,0.004054809052562105,1054250.3536661474,1053863.303700809,387.04996533854865
2015-01-08,2.9318694456708343,0.002931869445670834,762286.0558744168,762006.1956016853,279.8602727315156
2015-01-09,2.018065104242474,0.0020180651042424743,524696.9271030433,524504.2936106833,192.63349236000795
2015-01-10,1.7272015687604616,0.0017272015687604615,449072.40787772,448907.53863266914,164.86924505088245
2015-01-11,2.368479976432653,0.002368479976432653,615804.7938724898,615578.7116868924,226.0821855973918
2015-01-12,4.195788033345622,0.004195788033345622,1090904.8886698617,1090504.381619635,400.50705022667535
2015-01-13,1.9597053363628714,0.0019597053363628715,509523.3874543466,509336.3246672509,187.06278709566686
2015-01-14,1.7576650895933306,0.0017576650895933306,456992.923294266,456825.1461676035,167.77712666249136
2015-01-15,3.859941545917461,0.003859941545917461,1003584.8019385398,1003216.3529629679,368.4489755718969
2015-01-16,3.2781739068813116,0.0032781739068813115,852325.215789141,852012.2991805943,312.9166085467441
2015-01-17,4.427734884361192,0.004427734884361192,1151211.06993391,1150788.4225018595,422.6474320504349
2015-01-18,4.793634929515951,0.004793634929515951,1246345.0816741472,1245887.5074186733,457.57425547391176
2015-01-19,5.092971349390193,0.005092971349390193,1324172.5508414502,1323686.4035633174,486.14727813284844
2015-01-20,5.418405679347963,0.005418405679347963,1408785.4766304702,1408268.2651654675,517.2114650027361
2015-01-21,2.251996133483595,0.002251996133483595,585518.9947057347,585304.0314327152,214.96327301941346
2015-01-22,2.62710456877712,0.0026271045687771204,683047.1878820513,682796.41880289,250.76907916134223
2015-01-23,3.445301159879204,0.0034453011598792036,895778.3015685929,895449.4319036528,328.86966494005173
2015-01-24,4.042469582121443,0.004042469582121443,1051042.0913515752,1050656.21924481,385.87210676516406
2015-01-25,4.455439882812057,0.004455439882812057,1158414.3695311348,1157989.0775309799,425.2920001549646
2015-01-26,3.8187164105193387,0.003818716410519339,992866.2667350281,992501.7528861219,364.5138489062665
2015-01-27,4.996405099856148,0.004996405099856147,1299065.3259625984,1298588.396372167,476.9295904315077
2015-01-28,5.294570460033271,0.005294570460033271,1376588.3196086504,1376082.9287785338,505.3908301165793
2015-01-29,4.802303731523693,0.004802303731523693,1248598.9701961603,1248140.568464109,458.4017320512794
2015-01-30,3.2163827948094355,0.0032163827948094355,836259.5266504532,835952.5082845797,307.01836587348953
2015-01-31,3.1335398841147195,0.0031335398841147197,814720.3698698271,814421.2592365489,299.1106332781492
2015-02-01,5.4246504252331595,0.00542465042523316,1410409.1105606216,1409891.303006223,517.8075543986633
2015-02-02,3.543735040464434,0.003543735040464434,921371.1105207528,921032.8448942336,338.26562651921995
2015-02-03,2.9401643116573224,0.0029401643116573222,764442.7210309037,764162.0689754888,280.6520554149756
2015-02-04,2.8303294127782537,0.0028303294127782538,735885.647322346,735615.4795075582,270.1678147878265
2015-02-05,3.3740991207872004,0.0033740991207872003,877265.7714046721,876943.6982981901,322.0731064819265
2015-02-06,2.4551723851371268,0.002455172385137127,638344.820135653,638110.4627653677,234.3573702853173
2015-02-07,2.76059063247573,0.00276059063247573,717753.5644436898,717490.0535126538,263.5109310359694
2015-02-08,5.392908249386686,0.005392908249386686,1402156.1448405383,1401641.3672211876,514.7776193507016
2015-02-09,5.981670113665106,0.005981670113665106,1555234.2295529274,1554663.2519359426,570.9776169848628
2015-02-10,6.455534568129419,0.006455534568129419,1678438.987713649,1677822.77757935,616.2101342990063
2015-02-11,5.992052613127972,0.0059920526131279715,1557933.6794132725,1557361.7107394943,571.9686737782322
2015-02-12,2.520734455674297,0.002520734455674297,655390.9584753172,655150.3429072228,240.61556809442118
2015-02-13,4.951531922231072,0.004951531922231072,1287398.2997800787,1286925.6535385347,472.64624154404737
2015-02-14,5.3184658795587145,0.005318465879558715,1382801.1286852658,1382293.4569286793,507.6717565865256
2015-02-15,5.134738257224305,0.005134738257224305,1335031.9468783194,1334541.8127588779,490.13411944149993
2015-02-16,5.150254020886333,0.005150254020886333,1339066.0454304467,1338574.430260798,491.61516964877956
2015-02-17,4.668260276469762,0.004668260276469762,1213747.6718821381,1213302.0652075014,445.60667463671416
2015-02-18,5.9005852968217365,0.005900585296821736,1534152.1771736515,1533588.939471208,563.2377024434973
2015-02-19,6.604444843455407,0.006604444843455407,1717155.659298406,1716525.235001083,630.4242973229848
2015-02-20,5.317629010961077,0.005317629010961077,1382583.54284988,1382075.9509762072,507.5918736727908
2015-02-21,6.427343194060102,0.006427343194060102,1671109.2304556265,1670495.7113161967,613.5191394297872
2015-02-22,4.245758129703831,0.0042457581297038315,1103897.113722996,1103491.8367998078,405.2769231882412
2015-02-23,3.0383917663689437,0.0030383917663689437,789981.8592559254,789691.8309432198,290.0283127055736
2015-02-24,2.721950163341833,0.002721950163341833,707707.0424688766,707447.2199463563,259.8225225203205
2015-02-25,6.195806239560115,0.006195806239560115,1610909.6222856299,1610318.204401537,591.417884092778
2015-02-26,5.928320363700823,0.005928320363700823,1541363.294562214,1540797.409421498,565.8851407160982
2015-02-27,2.5928069572982926,0.0025928069572982927,674129.8088975562,673882.3136813961,247.49521616008133
2015-02-28,2.7385620689710373,0.002738562068971037,712026.1379324696,711764.7297280061,261.40820446354337
2015-03-01,2.3549070483114525,0.0023549070483114523,612275.8325609775,612051.045973099,224.78658787859604
2015-03-02,3.206503396510969,0.003206503396510969,833690.883092852,833384.8077604775,306.0753323744284
2015-03-03,4.360761055253416,0.004360761055253416,1133797.874365888,1133381.619890423,416.2544754650444
2015-03-04,4.880258205552747,0.004880258205552747,1268867.1334437141,1268401.29060258,465.8428411341738
2015-03-05,5.50520517782852,0.00550520517782852,1431353.3462354152,1430827.8493635184,525.4968718967866
2015-03-06,5.522753552067343,0.005522753552067342,1435915.923537509,1435388.751593481,527.1719440279994
2015-03-07,5.182286582495234,0.005182286582495234,1347394.5114487607,1346899.8386254222,494.67282333853655
2015-03-08,4.007061074176109,0.004007061074176109,1041835.8792857883,1041453.3870821445,382.49220364377834
2015-03-09,3.9030911468659117,0.003903091146865912,1014803.6981851371,1014431.1303839103,372.5678012268618
2015-03-10,6.426527622602513,0.0064265276226025125,1670897.1818766533,1670283.7405872284,613.4412894248962
2015-03-11,6.262621336594171,0.006262621336594171,1628281.5475144845,1627683.751825505,597.7956889795605
2015-03-12,6.5861076505232115,0.006586107650523212,1712387.989136035,1711759.3152071752,628.6739288598765
2015-03-13,6.5015800060874085,0.006501580006087408,1690410.8015827262,1689790.1962019594,620.6053807667922
2015-03-14,7.1631602829105,0.0071631602829105,1862421.67355673,1861737.9173296732,683.7562270567287
2015-03-15,4.679992110254138,0.004679992110254137,1216797.9486660757,1216351.222134548,446.7265315277036
2015-03-16,4.856911882141535,0.004856911882141535,1262797.0893567991,1262333.4750284136,463.61432838556357
2015-03-17,3.2788991023266494,0.0032788991023266494,852513.7666049289,852200.7807731787,312.9858317502076
2015-03-18,6.083230620123239,0.0060832306201232395,1581639.9612320422,1581059.2892028186,580.6720292235259
2015-03-19,4.194017195441002,0.0041940171954410015,1090444.4708146604,1090044.1327989653,400.3380156951025
2015-03-20,2.921713114185353,0.0029217131141853533,759645.4096881918,759366.5188834916,278.89080470020417
2015-03-21,4.1990177108734,0.004199017710873399,1091744.6048270839,1091343.7894894485,400.8153376353439
2015-03-22,7.3450578092064065,0.007345057809206406,1909715.0303936657,1909013.9112204541,701.1191732115112
2015-03-23,7.861977161413207,0.007861977161413207,2044114.0619674337,2043363.6004911046,750.4614763290156
2015-03-24,7.589671048427544,0.007589671048427544,1973314.4725911615,1972590.0039717653,724.4686193962116
2015-03-25,4.478859065121023,0.004478859065121023,1164503.356931466,1164075.829463849,427.52746761683375
2015-03-26,7.309184367635251,0.007309184367635251,1900387.9355851652,1899690.240695104,697.6948900611605
2015-03-27,7.813837913458702,0.007813837913458702,2031597.8574992623,2030851.991133088,745.8663661743049
2015-03-28,8.122116817746312,0.008122116817746312,2111750.372614041,2110975.0796244,775.2929896409623
2015-03-29,8.044372520756394,0.008044372520756394,2091536.8553966624,2090768.9834537501,767.8719429122284
2015-03-30,4.491942778257265,0.004491942778257265,1167905.1223468888,1167476.3459793485,428.7763675402384
2015-03-31,5.072635246091065,0.005072635246091065,1318885.1639836768,1318400.9578790923,484.2061045845039
2015-04-01,7.399897809160312,0.0073998978091603124,1923973.4303816813,1923267.0764810618,706.3539006195497
2015-04-02,7.7174438025919745,0.007717443802591975,2006535.3886739134,2005798.7235640218,736.6651098916773
2015-04-03,6.613071099913273,0.006613071099913273,1719398.4859774509,1718767.238264717,631.2477127339225
2015-04-04,3.4279828512483568,0.003427982851248357,891275.5413245728,890948.3247709551,327.21655361761805
2015-04-05,7.055365727338663,0.007055365727338663,1834395.0891080524,1833721.6223615748,673.466746477643
2015-04-06,4.514243070137623,0.004514243070137623,1173703.198235782,1173272.29320396,430.90503182215616
2015-04-07,5.084896455811458,0.005084896455811458,1322073.0785109792,1321587.702018163,485.37649281625636
2015-04-08,5.542138714530165,0.005542138714530165,1440956.065777843,1440427.0434318942,529.0223459487315
2015-04-09,6.768493701879522,0.006768493701879522,1759808.3624886756,1759162.278981722,646.0835069536697
2015-04-10,7.367430939804784,0.007367430939804784,1915532.0443492439,1914828.7895589636,703.2547902802471
2015-04-11,3.584909151748707,0.003584909151748707,932076.3794546638,931734.1835719626,342.19588270119857
2015-04-12,5.831358179884811,0.005831358179884811,1516153.126770051,1515596.497110764,556.629659286933
2015-04-13,8.38063393320655,0.00838063393320655,2178964.8226337032,2178164.8530096556,799.9696240476333
2015-04-14,7.947456357425056,0.007947456357425055,2066338.6529305144,2065580.0320761667,758.6208543477114
2015-04-15,7.744203662063399,0.0077442036620634,2013492.952136484,2012753.7326763019,739.2194601821247
2015-04-16,6.033694332116372,0.006033694332116373,1568760.526350257,1568184.5827850148,575.9435652422253
2015-04-17,4.801175178295668,0.004801175178295668,1248305.5463568736,1247847.2523503606,458.294006512966
2015-04-18,7.023949916639505,0.007023949916639505,1826226.9783262713,1825556.510361804,670.4679644673597
2015-04-19,8.953884663723452,0.008953884663723452,2328010.0125680976,2327155.323554678,854.6890134196728
2015-04-20,6.5020419863841346,0.006502041986384134,1690530.916459875,1689910.2669809877,620.6494788872078
2015-04-21,9.293330385124596,0.009293330385124596,2416265.900132395,2415378.809481068,887.0906513268128
2015-04-22,6.128953117966777,0.0061289531179667765,1593527.8106713619,1592942.7742217733,585.0364495886024
2015-04-23,6.799397977345154,0.006799397977345154,1767843.47410974,1767194.4406491404,649.0334605996031
2015-04-24,5.318353379246501,0.005318353379246501,1382771.8786040903,1382264.2175861702,507.6610179201234
2015-04-25,9.201260010064173,0.009201260010064173,2392327.602616685,2391449.300501394,878.3021152908914
2015-04-26,9.071658260681886,0.009071658260681886,2358631.14777729,2357765.2167384066,865.9310388835147
2015-04-27,9.796095337586777,0.009796095337586777,2546984.7877725624,2546049.7059199484,935.0818526139483
2015-04-28,6.555497765613476,0.006555497765613476,1704429.4190595038,1703803.6669833723,625.7520761315245
2015-04-29,8.128012654327591,0.00812801265432759,2113283.2901251735,2112507.4343511164,775.8557740570977
2015-04-30,9.073158725903292,0.009073158725903292,2359021.268734856,2358155.194469743,866.0742651131004
2015-05-01,9.406498597790065,0.009406498597790065,2445689.6354254168,2444791.742353502,897.8930719145574
2015-05-02,9.481550735857475,0.009481550735857476,2465203.1913229437,2464298.1341831135,905.0571398301981
2015-05-03,6.86447429810598,0.006864474298105981,1784763.317507555,1784108.0722161718,655.2452913832385
2015-05-04,6.729686763499032,0.006729686763499032,1749718.5585097482,1749076.179301557,642.379208191298
2015-05-05,6.189773697586013,0.006189773697586012,1609341.161372363,1608750.3193218377,590.8420505253598
2015-05-06,6.076547463641481,0.006076547463641481,1579902.3405467852,1579322.3064552427,580.0340915424749
2015-05-07,8.908450354466948,0.008908450354466949,2316197.0921614068,2315346.740059441,850.3521019658074
2015-05-08,6.4797013193004895,0.00647970131930049,1684722.3430181274,1684103.8260575186,618.5169606087729
2015-05-09,9.545446315821044,0.009545446315821044,2481816.0421134713,2480904.8858499364,911.156263534911
2015-05-10,6.068191928190666,0.006068191928190666,1577729.9013295732,1577150.6648118906,579.2365176826715
2015-05-11,6.831290819245285,0.006831290819245285,1776135.613003774,1775483.5352263665,652.0777774075978
2015-05-12,5.341029224279569,0.005341029224279569,1388667.5983126878,1388157.7727822296,509.8255304582417
2015-05-13,6.5601042136113215,0.006560104213611321,1705627.0955389435,1705000.9037564006,626.19178254297
2015-05-14,7.395985443039608,0.007395985443039608,1922956.2151902982,1922250.2347428184,705.9804474797565
2015-05-15,8.732046108663894,0.008732046108663894,2270331.9882526123,2269498.4747381946,833.5135144176893
2015-05-16,8.047743417346854,0.008047743417346855,2092413.2885101822,2091645.0947998594,768.1937103227247
2015-05-17,8.581421878458949,0.008581421878458948,2231169.6883993265,2230350.552652721,819.1357466056943
2015-05-18,8.06186896540896,0.008061868965408961,2096085.9310063298,2095316.3889482017,769.5420581281651
2015-05-19,7.666948288951799,0.007666948288951799,1993406.5551274677,1992674.7100440066,731.8450834611431
2015-05-20,5.140891059779104,0.005140891059779104,1336631.6755425672,1336140.9541101388,490.72143242834136
2015-05-21,4.215122848846086,0.004215122848846086,1095931.9406999825,1095529.5880536814,402.35264630103484
2015-05-22,5.526835497518643,0.005526835497518643,1436977.2293548472,1436449.6677705613,527.5615842859261
2015-05-23,5.272681846571199,0.005272681846571199,1370897.2801085117,1370393.9786460996,503.3014624121133
2015-05-24,9.364489336931191,0.009364489336931191,2434767.22760211,2433873.3445052025,893.8830969072878
2015-05-25,9.481890863975,0.009481890863975,2465291.6246335004,2464386.5350268944,905.0896066059358
2015-05-26,6.761691494303418,0.006761691494303418,1758039.7885188886,1757394.3543135845,645.4342053041328
2015-05-27,8.349390635687769,0.008349390635687768,2170841.5652788198,2170044.577969615,796.9873092048801
2015-05-28,7.6816220797172985,0.007681622079717299,1997221.7407264977,1996488.4949629717,733.2457635260653
2015-05-29,9.658141653450958,0.009658141653450959,2511116.829897249,2510194.916351199,921.9135460499674
2015-05-30,4.480274906861497,0.004480274906861497,1164871.475783989,1164443.8131678388,427.66261615022086
2015-05-31,8.971592986528247,0.008971592986528247,2332614.176497344,2331757.797143975,856.3793533691205
2015-06-01,9.410370192276043,0.009410370192276042,2446696.249991771,2445797.9873585547,898.2626332161017
2015-06-02,9.864075781014744,0.009864075781014744,2564659.7030638335,2563718.132168719,941.5708951144479
2015-06-03,9.550847489701798,0.009550847489701798,2483220.3473224672,2482308.675492321,911.6718301461078
2015-06-04,9.411837134020473,0.009411837134020473,2447077.654845323,2446179.2521858457,898.4026594772004
2015-06-05,10.10319649896059,0.01010319649896059,2626831.0897297533,2625866.69367459,964.39605516335
2015-06-06,9.998001646757418,0.009998001646757418,2599480.4281569286,2598526.0734288343,954.3547280943021
2015-06-07,9.912398774557937,0.009912398774557938,2577223.681385064,2576277.497840443,946.1835446208715
2015-06-08,8.883844222998276,0.008883844222998276,2309799.497979552,2308951.4946447434,848.003334808629
2015-06-09,9.418728570276446,0.009418728570276447,2448869.428271876,2447970.367793466,899.0604784102179
2015-06-10,10.058224368311652,0.010058224368311653,2615138.3357610297,2614178.23250027,960.1032607597299
2015-06-11,10.677703758728635,0.010677703758728634,2776202.9772694446,2775183.741883477,1019.2353859674186
2015-06-12,8.888756912874031,0.008888756912874031,2311076.797347248,2310228.325073848,848.4722734000534
2015-06-13,8.66292990137111,0.00866292990137111,2252361.7743564886,2251534.8582983976,826.9160580909811
2015-06-14,8.751788629547166,0.008751788629547166,2275465.043682263,2274629.6456544385,835.3980278247036
2015-06-15,8.699819387377262,0.008699819387377263,2261953.0407180884,2261122.603390785,830.437327303458
2015-06-16,8.162383277469203,0.008162383277469203,2122219.6521419925,2121440.515535639,779.1366063533351
2015-06-17,8.173172070334056,0.008173172070334056,2125024.7382868547,2124244.5718411547,780.1664456999861
2015-06-18,8.19493235336586,0.008194932353365861,2130682.411875124,2129900.168311443,782.2435636809096
2015-06-19,6.890186635044672,0.006890186635044672,1791448.5251116147,1790790.825460731,657.6996508836746
2015-06-20,8.577497003616497,0.008577497003616496,2230149.220940289,2229330.4598408374,818.7610994516872
2015-06-21,8.618002033516044,0.008618002033516044,2240680.528714171,2239857.9012253988,822.6274887723848
2015-06-22,7.20433707490048,0.007204337074900481,1873127.6394741249,1872439.9527350008,687.6867391241249
2015-06-23,9.611281541218055,0.009611281541218056,2498933.2007166944,2498015.760181477,917.4405352175236
2015-06-24,9.24492027493021,0.00924492027493021,2403679.271481855,2402796.8017957155,882.469686139375
2015-06-25,9.47555098643225,0.00947555098643225,2463643.256472385,2462738.7720359243,904.4844364607707
2015-06-26,9.674018920679647,0.009674018920679647,2515244.919376708,2514321.4902732912,923.4291034168564
2015-06-27,5.585118700307277,0.005585118700307277,1452130.8620798918,1451597.7370988277,533.1249810641166
2015-06-28,8.188699422422632,0.008188699422422632,2129061.8498298842,2128280.2012278093,781.6486020749435
2015-06-29,9.375217621853693,0.009375217621853693,2437556.5816819603,2436661.674521465,894.9071604954079
2015-06-30,7.4990625051482676,0.007499062505148268,1949756.2513385497,1949040.431716697,715.8196218525991
2015-07-01,8.7520850699047,0.0087520850699047,2275542.118175222,2274706.691850817,835.4263244052418
2015-07-02,10.011994319259639,0.01001199431925964,2603118.523007506,2602162.8326151827,955.690392323304
2015-07-03,8.710380085125303,0.008710380085125303,2264698.8221325786,2263867.3767386447,831.4453939339146
2015-07-04,8.27122207368755,0.00827122207368755,2150517.739158763,2149728.2133943117,789.5257644513622
2015-07-05,9.80718422702697,0.009807184227026968,2549867.899027012,2548931.7586894683,936.140337543562
2015-07-06,8.475076624221712,0.008475076624221712,2203519.9222976454,2202710.937689215,808.9846084304154
2015-07-07,6.012488764016524,0.006012488764016524,1563247.0786442964,1562673.1592469723,573.9193973240908
2015-07-08,7.435432032868227,0.007435432032868227,1933212.328545739,1932502.5827418568,709.7458038821351
2015-07-09,8.83085054737432,0.00883085054737432,2296021.1423173235,2295178.197469868,842.9448474552482
2015-07-10,10.617932938187407,0.010617932938187406,2760662.5639287257,2759649.033939417,1013.5299893086776
2015-07-11,9.500475541830316,0.009500475541830316,2470123.640875882,2469216.7772772517,906.8635986302979
2015-07-12,10.197050342109957,0.010197050342109958,2651233.088948589,2650259.7341172495,973.3548313393258
2015-07-13,10.09001805024392,0.01009001805024392,2623404.693063419,2622441.554951121,963.1381122977473
2015-07-14,10.340764443434276,0.010340764443434276,2688598.7552929115,2687611.682296989,987.0729959225282
2015-07-15,10.248072022453181,0.01024807202245318,2664498.7258378267,2663520.500755052,978.2250827746466
2015-07-16,10.232838150595063,0.010232838150595064,2660537.9191547167,2659561.1482142946,976.7709404220805
2015-07-17,9.630035102560319,0.009630035102560318,2503809.1266656825,2502889.8960177437,919.2306479387917
2015-07-18,10.522607593776891,0.010522607593776892,2735877.974381992,2734873.543630347,1004.4307516450062
2015-07-19,9.842914679243508,0.009842914679243508,2559157.8166033123,2558218.2656316026,939.5509717096575
2015-07-20,10.038090975744494,0.010038090975744493,2609903.6536935684,2608945.472256696,958.1814368725754
2015-07-21,10.26046323075873,0.010260463230758729,2667720.43999727,2666741.032117307,979.4078799625859
2015-07-22,10.078988702579224,0.010078988702579224,2620537.0626705983,2619574.9773596968,962.0853109015152
2015-07-23,9.564799940368534,0.009564799940368534,2486847.9844958186,2485934.9808408003,913.0036550182849
2015-07-24,10.127381421253292,0.010127381421253292,2633119.169525856,2632152.464909867,966.7046159892343
2015-07-25,10.084275118098454,0.010084275118098453,2621911.5307055977,2620948.9407822923,962.589923305437
2015-07-26,10.020955178860582,0.010020955178860582,2605448.3465037514,2604491.800756625,956.5457471264526
2015-07-27,10.275847434270613,0.010275847434270614,2671720.3329103594,2670739.456538204,980.8763721552677
2015-07-28,9.214895059538964,0.009214895059538965,2395872.7154801306,2394993.111837355,879.6036427756771
2015-07-29,10.222235767689865,0.010222235767689864,2657781.299599365,2656805.5407046108,975.758894754108
2015-07-30,9.771171398966732,0.009771171398966732,2540504.56373135,2539571.860982031,932.7027493189089
2015-07-31,9.175356699686272,0.009175356699686272,2385592.7419184307,2384716.9123919234,875.8295265072957
2015-08-01,7.862279775530759,0.00786227977553076,2044192.7416379973,2043442.2512757746,750.4903622227721
2015-08-02,9.976280903334546,0.009976280903334547,2593833.034866982,2592880.7534826333,952.2813843488693
2015-08-03,10.13188734143038,0.01013188734143038,2634290.708771899,2633323.574045336,967.1347265630029
2015-08-04,10.002888894611106,0.010002888894611105,2600751.112598887,2599796.291360758,954.8212381293997
2015-08-05,10.225736105270279,0.01022573610527028,2658691.3873702725,2657715.294352377,976.093017895706
2015-08-06,10.24529350240648,0.01024529350240648,2663776.310625685,2662798.3507652855,977.9598603993654
2015-08-07,10.642546232230403,0.010642546232230403,2767062.0203799047,2766046.140939738,1015.8794401665218
2015-08-08,10.512237035298526,0.010512237035298525,2733181.6291776164,2732178.1883429433,1003.4408346731216
2015-08-09,10.539428023698887,0.010539428023698887,2740251.2861617105,2739245.2498235297,1006.0363381807692
2015-08-10,9.88313439766079,0.00988313439766079,2569614.9433918055,2568671.553265054,943.3901267517358
2015-08-11,10.074439997698578,0.010074439997698578,2619354.3994016303,2618392.748285297,961.6511163334362
2015-08-12,7.14305827060468,0.00714305827060468,1857195.1503572168,1856513.3129586587,681.8373985581566
2015-08-13,8.74275183832141,0.00874275183832141,2273115.477963567,2272280.9425385636,834.5354250031523
2015-08-14,8.274424753525535,0.008274424753525534,2151350.435916639,2150560.6044418314,789.8314748075791
2015-08-15,8.804460106411005,0.008804460106411005,2289159.6276668613,2288319.20190702,840.4257598412223
2015-08-16,9.37587271715826,0.009375872717158258,2437726.906461147,2436831.936768825,894.9696923219599
2015-08-17,9.462868499711238,0.009462868499711239,2460345.809924922,2459442.5360894985,903.2738354234025
2015-08-18,9.82886480050376,0.00982886480050376,2555504.8481309777,2554566.638284093,938.2098468849435
2015-08-19,9.778771756972446,0.009778771756972447,2542480.6568128364,2541547.2285747794,933.4282380570658
2015-08-20,7.56638579626983,0.00756638579626983,1967260.3070301558,1966538.0610939793,722.2459361765068
2015-08-21,8.303045278864325,0.008303045278864324,2158791.772504724,2157999.2090706066,792.5634341174737
2015-08-22,9.794957880671152,0.009794957880671152,2546689.0489744996,2545754.075697321,934.973277178593
2015-08-23,9.825383760220735,0.009825383760220735,2554599.777657391,2553661.9000916327,937.8775657583028
2015-08-24,9.492013298376314,0.009492013298376314,2467923.4575778414,2467017.401738835,906.0558390063234
2015-08-25,9.12517254826218,0.00912517254826218,2372544.862548167,2371673.8233271507,871.0392210162245
2015-08-26,8.64291603635732,0.00864291603635732,2247158.1694529033,2246333.163809251,825.0056436522864
2015-08-27,9.284255173468855,0.009284255173468856,2413906.3451019023,2413020.1207208023,886.2243810999207
2015-08-28,9.174434373799397,0.009174434373799396,2385352.937187843,2384477.1957015363,875.7414863067679
2015-08-29,8.495612958135046,0.008495612958135047,2208859.3691151123,2208048.424220211,810.9448949014768
2015-08-30,6.749711684451671,0.006749711684451671,1754925.0379574345,1754280.747279465,644.2906779695768
2015-08-31,8.85164578181778,0.00885164578181778,2301427.903272623,2300582.973425464,844.9298471594229
2015-09-01,8.874547470232567,0.008874547470232568,2307382.342260468,2306535.2263429924,847.1159174754284
2015-09-02,7.87803764617823,0.00787803764617823,2048289.7880063397,2047537.7934836969,751.9945226428099
2015-09-03,8.934610434150425,0.008934610434150425,2322998.7128791106,2322145.863678563,852.8492005476728
2015-09-04,9.360382778855707,0.009360382778855706,2433699.522502484,2432806.031395221,893.491107262671
2015-09-05,8.810920567740027,0.008810920567740027,2290839.347612407,2289998.3051721496,841.0424402575009
2015-09-06,8.631026460116177,0.008631026460116176,2244066.8796302057,2243243.008900679,823.8707295265049
2015-09-07,9.259825258628384,0.009259825258628384,2407554.5672433795,2406670.6748087583,883.8924346212298
2015-09-08,9.081644582378242,0.009081644582378243,2361227.591418343,2360360.7071396355,866.8842787076719
2015-09-09,6.457544112736184,0.006457544112736184,1678961.4693114078,1678345.0673569366,616.4019544711336
2015-09-10,6.540311982335737,0.006540311982335737,1700481.1154072916,1699856.8128832388,624.3025240527932
2015-09-11,5.563114280695814,0.005563114280695814,1446409.7129809116,1445878.6884217756,531.0245591360144
2015-09-12,7.589855172119013,0.007589855172119013,1973362.3447509434,1972637.8585561034,724.4861948399339
2015-09-13,8.964560014437481,0.00896456001443748,2330785.603753745,2329929.8957295483,855.7080241967924
2015-09-14,8.587598734092325,0.008587598734092325,2232775.6708640046,2231955.9455084368,819.7253555678762
2015-09-15,7.2232879701522625,0.0072232879701522625,1878054.8722395883,1877365.3765513236,689.4956882647239
2015-09-16,7.200451342541099,0.007200451342541099,1872117.3490606856,1871430.0332323874,687.3158282982185
2015-09-17,8.779699688176862,0.008779699688176863,2282721.9189259843,2281883.856660674,838.0622653104365
2015-09-18,9.113086354429887,0.009113086354429888,2369402.4521517707,2368532.5666129235,869.8855388471857
2015-09-19,7.5068461553949914,0.007506846155394991,1951780.0004026978,1951063.4377960293,716.5626066685654
2015-09-20,8.028144612061533,0.008028144612061533,2087317.5991359984,2086551.2762207754,766.3229152229615
2015-09-21,7.179048485106068,0.007179048485106068,1866552.6061275776,1865867.3332993619,685.2728282157332
2015-09-22,7.893195504274121,0.007893195504274121,2052230.8311112714,2051477.3897021355,753.4414091359358
2015-09-23,8.393927303799384,0.008393927303799384,2182421.0989878397,2181619.8604511106,801.2385367290117
2015-09-24,6.327320606172232,0.006327320606172232,1645103.3576047805,1644499.3860762673,603.9715285131242
2015-09-25,6.5776481574768155,0.006577648157476816,1710188.520943972,1709560.6545121972,627.8664317748044
2015-09-26,7.680690221236856,0.007680690221236856,1996979.4575215825,1996246.3007081863,733.1568133961409
2015-09-27,6.857443816731786,0.006857443816731786,1782935.3923502644,1782280.8181503029,654.5741999614984
2015-09-28,7.458575629052162,0.007458575629052162,1939229.6635535622,1938517.7085881673,711.9549653949216
2015-09-29,7.414198954475394,0.007414198954475394,1927691.7281636025,1926984.009153621,707.7190099814907
2015-09-30,7.284883193711414,0.007284883193711414,1894069.6303649675,1893374.2551324791,695.3752324883826
2015-10-01,7.463490660877062,0.007463490660877062,1940507.571828036,1939795.1477005,712.4241275361273
2015-10-02,7.772883361713283,0.007772883361713283,2020949.6740454535,2020207.7169775045,741.9570679489989
2015-10-03,7.608189100286304,0.007608189100286304,1978129.166074439,1977402.9298227727,726.2362516662106
2015-10-04,4.888563660393612,0.0048885636603936125,1271026.5517023392,1270559.9160677672,466.63563457201235
2015-10-05,5.04222103218749,0.00504222103218749,1310977.4683687475,1310496.165439204,481.3029295434244
2015-10-06,6.973509098628936,0.006973509098628936,1813112.3656435234,1812446.71248454,665.6531589834485
2015-10-07,6.956638890985293,0.006956638890985294,1808726.1116561764,1808062.0688352382,664.0428209381644
2015-10-08,4.6088059269965465,0.004608805926996546,1198289.5410191019,1197849.6095325206,439.93148658121936
2015-10-09,4.550880055124374,0.004550880055124374,1183228.8143323374,1182794.4121336732,434.40219866414554
2015-10-10,5.97060082847768,0.00597060082847768,1552356.2154041969,1551786.294400826,569.9210033707786
2015-10-11,6.597573275783171,0.006597573275783171,1715369.0517036244,1714739.2833286878,629.7683749366552
2015-10-12,7.033401404815693,0.007033401404815693,1828684.3652520801,1828012.995100081,671.3701519991737
2015-10-13,6.691999049602878,0.006691999049602878,1739919.7528967483,1739280.971152252,638.7817444961984
2015-10-14,6.976043205514819,0.006976043205514819,1813771.233433853,1813105.338382842,665.8950510108843
2015-10-15,6.8211212087469,0.0068211212087469,1773491.5142741941,1772840.40723236,651.1070418341551
2015-10-16,5.494037104663569,0.005494037104663569,1428449.647212528,1427925.2163840071,524.4308285207953
2015-10-17,6.327752454997072,0.006327752454997072,1645215.6382992386,1644611.6255487911,604.0127504474949
2015-10-18,6.380071382213474,0.006380071382213475,1658818.5593755033,1658209.5525455065,609.0068299968261
2015-10-19,5.4574083726769365,0.005457408372676937,1418926.1768960035,1418405.2424465383,520.9344494652469
2015-10-20,6.569617165770714,0.006569617165770714,1708100.4631003856,1707473.363263294,627.0998370915186
2015-10-21,5.1848778052505855,0.005184877805250586,1348068.2293651523,1347573.309197817,494.9201673353091
2015-10-22,5.58095653595895,0.00558095653595895,1451048.699349327,1450515.9716657796,532.7276835474186
2015-10-23,3.9848231646484122,0.003984823164648412,1036054.0228085872,1035673.6533145458,380.36949404142797
2015-10-24,3.9863764243718496,0.00398637642437185,1036457.870336681,1036077.3525769348,380.5177597461734
2015-10-25,6.510475450903443,0.006510475450903443,1692723.6172348952,1692102.1627434643,621.4544914308935
2015-10-26,5.997270464443968,0.005997270464443968,1559290.320755432,1558717.8540140148,572.466741417069
2015-10-27,5.722303554562443,0.0057223035545624435,1487798.9241862353,1487252.7042869157,546.219899319578
2015-10-28,5.854829315653976,0.005854829315653977,1522255.622070034,1521696.7519840912,558.8700859427918
2015-10-29,5.871656548512911,0.005871656548512912,1526630.702613357,1526070.2262915075,560.4763218495063
2015-10-30,4.799782237238996,0.004799782237238996,1247943.381682139,1247485.2206381848,458.16104395408183
2015-10-31,4.8177351461632885,0.004817735146163288,1252611.138002455,1252151.2632716943,459.8747307606973
2015-11-01,5.891482775325726,0.005891482775325726,1531785.521584689,1531223.1527593206,562.3688253683504
2015-11-02,5.672671107453256,0.005672671107453256,1474894.4879378467,1474353.0056813322,541.4822565144859
2015-11-03,5.825481427750474,0.005825481427750474,1514625.1712151233,1514069.102518555,556.0686965682544
2015-11-04,3.284972272615595,0.003284972272615595,854092.7908800547,853779.2253365797,313.56554347497877
2015-11-05,3.6721805583253047,0.0036721805583253045,954766.9451645792,954416.4188292099,350.5263353693299
2015-11-06,3.029192436643681,0.003029192436643681,787590.033527357,787300.8833325122,289.1501948448131
2015-11-07,2.716138755575036,0.002716138755575036,706196.0764495094,705936.8086522907,259.2677972186357
2015-11-08,3.628224073050974,0.003628224073050974,943338.2589932532,942991.9285043175,346.33048893569503
2015-11-09,3.3922590578011027,0.0033922590578011028,881987.3550282867,881663.5484732254,323.80655506125186
2015-11-10,3.779293071222019,0.003779293071222019,982616.198517725,982255.447805852,360.7507118729409
2015-11-11,4.746567075619232,0.004746567075619232,1234107.4396610004,1233654.3582462454,453.08141475496814
2015-11-12,4.656188330967708,0.004656188330967708,1210608.966051604,1210164.5116990686,444.4543525353074
2015-11-13,4.585255215263922,0.004585255215263922,1192166.3559686197,1191728.6725045822,437.6834640374873
2015-11-14,3.546716075139402,0.0035467160751394017,922146.1795362445,921807.6293564078,338.5501798366895
2015-11-15,2.9525628229892633,0.0029525628229892633,767666.3339772085,767384.4984274985,281.8355497099692
2015-11-16,3.203063832299921,0.003203063832299921,832796.5963979795,832490.8493876522,305.74701032729354
2015-11-17,5.981061542386482,0.005981061542386482,1555076.0010204853,1554505.0814943968,570.9195260885172
2015-11-18,5.110185473646609,0.005110185473646609,1328648.2231481182,1328160.4327035353,487.79044458293356
2015-11-19,4.8394424636997275,0.004839442463699727,1258255.040561929,1257793.0937689848,461.94679294433445
2015-11-20,4.774623903436834,0.0047746239034368336,1241402.2148935767,1240946.4553270042,455.7595665724948
2015-11-21,4.261966626859016,0.004261966626859017,1108111.3229833443,1107704.4988853864,406.82409795792773
2015-11-22,4.163497344026827,0.004163497344026827,1082509.3094469751,1082111.884689902,397.4247570731677
2015-11-23,4.252501219676624,0.004252501219676624,1105650.3171159222,1105244.3965341286,405.9205817936454
2015-11-24,4.415856030639657,0.004415856030639657,1148122.5679663108,1147701.054424873,421.5135414376855
2015-11-25,4.081585709826759,0.0040815857098267586,1061212.2845549572,1060822.6786359025,389.6059190547094
2015-11-26,3.4239419713353225,0.0034239419713353227,890224.9125471839,889898.0817139319,326.8308332520537
2015-11-27,3.1506688646169043,0.0031506688646169042,819173.9048003951,818873.1591280255,300.74567236960866
2015-11-28,2.8297066290350985,0.0028297066290350987,735723.7235491257,735453.6151818786,270.10836724715773
2015-11-29,3.171198011823966,0.0031711980118239664,824511.4830742313,824208.7778013942,302.70527283707634
2015-11-30,3.3716880713479105,0.0033716880713479105,876638.8985504567,876317.0555896093,321.8429608474253
2015-12-01,2.660293903859716,0.002660293903859716,691676.4150035261,691422.4778513861,253.93715214007534
2015-12-02,4.608343155190729,0.004608343155190729,1198169.2203495896,1197729.333036682,439.88731290749274
2015-12-03,4.382093229478012,0.004382093229478012,1139344.239664283,1138925.9489357695,418.29072851361707
2015-12-04,4.699148141025199,0.004699148141025199,1221778.5166665516,1221329.9616047652,448.55506178643554
2015-12-05,3.274088869301454,0.003274088869301454,851263.106018378,850950.5793452471,312.5266731309239
2015-12-06,4.297545646509146,0.004297545646509146,1117361.8680923781,1116951.6478151814,410.2202771967277
2015-12-07,4.2216284817014555,0.0042216284817014555,1097623.4052423784,1097220.4316038336,402.97363854479045
2015-12-08,4.362279926912203,0.004362279926912203,1134192.780997173,1133776.3815385,416.3994586728513
2015-12-09,4.611343100351962,0.004611343100351962,1198949.2060915101,1198509.032420193,440.17367131705396
2015-12-10,4.438835080995243,0.004438835080995243,1154097.1210587632,1153673.4140624604,423.7069963028189
2015-12-11,4.431232948382194,0.004431232948382193,1152120.5665793703,1151697.5852412,422.98133817035705
2015-12-12,3.0721183468709192,0.003072118346870919,798750.7701864389,798457.5225182358,293.24766820308287
2015-12-13,5.284684010003906,0.005284684010003905,1374017.8426010155,1373513.3954775177,504.44712349772453
2015-12-14,4.775549060590548,0.004775549060590549,1241642.7557535428,1241186.9078765123,455.8478770304937
2015-12-15,4.360155026334203,0.004360155026334203,1133640.306846893,1133224.1102196444,416.19662724854425
2015-12-16,4.5096565408444835,0.004509656540844484,1172510.7006195658,1172080.2333928242,430.46722674160264
2015-12-17,4.502173704296684,0.004502173704296684,1170565.163117138,1170135.410161177,429.75295596104115
2015-12-18,4.354502386039788,0.0043545023860397875,1132170.6203703447,1131754.9633133204,415.6570570243057
2015-12-19,4.501167524048164,0.004501167524048164,1170303.5562525226,1169873.8993410424,429.6569114802405
2015-12-20,3.4767172259222114,0.0034767172259222113,903946.4787397749,903614.6102684507,331.868471324211
2015-12-21,3.91443574548548,0.00391443574548548,1017753.2938262247,1017379.6431314645,373.6506947602611
2015-12-22,4.536834074538341,0.004536834074538341,1179576.8593799686,1179143.7979340325,433.06144593609497
2015-12-23,4.853138451803554,0.004853138451803554,1261815.997468924,1261352.7433316256,463.2541372983251
2015-12-24,4.780530854220986,0.004780530854220986,1242938.0220974565,1242481.698685567,456.3234118896071
2015-12-25,3.9498322968054382,0.003949832296805438,1026956.397169414,1026579.3677128466,377.02945656736847
2015-12-26,2.828378081265173,0.0028283780812651733,735378.3011289451,735108.3195776248,269.98155132029206
2015-12-27,3.726516129006608,0.003726516129006608,968894.1935417181,968538.4806290091,355.71291270898655
2015-12-28,4.736619086917106,0.0047366190869171055,1231520.9625984475,1231068.8307644576,452.13183398987167
2015-12-29,4.311392989799164,0.004311392989799164,1120962.1773477828,1120550.635278691,411.54206909169443
2015-12-30,3.0790697204831194,0.0030790697204831196,800558.1273256111,800264.2161171819,293.91120842914097
2015-12-31,2.58414144721379,0.0025841414472137897,671876.7762755853,671630.1082217734,246.6680538118817
2016-01-01,2.2173130252464635,0.0022173130252464636,576501.3865640805,576289.7339514811,211.6526125994278
2016-01-02,1.5030339858419788,0.0015030339858419788,390788.8363189145,390645.3648891673,143.47142974718008
2016-01-03,2.6494165856379666,0.0026494165856379664,688848.3122658713,688595.4134032256,252.8988626457285
2016-01-04,3.8990535449672206,0.0038990535449672206,1013753.9216914774,1013381.7392977148,372.1823937626323
2016-01-05,2.863954680117436,0.0028639546801174356,744628.2168305332,744354.8393310502,273.3774994830601
2016-01-06,2.4598344017163454,0.0024598344017163452,639556.9444462497,639322.1420652791,234.80238097067922
2016-01-07,4.62781539778142,0.00462781539778142,1203232.0034231693,1202790.2573961467,441.7460270226002
2016-01-08,4.822254141239503,0.0048222541412395025,1253786.0767222706,1253325.7706328775,460.30608939309604
2016-01-09,4.834949396706635,0.004834949396706634,1257086.8431437248,1256625.3252344595,461.51790926535614
2016-01-10,4.113563622940001,0.004113563622940001,1069526.5419644,1069133.8836081033,392.6583562968299
2016-01-11,3.754683079629895,0.003754683079629895,976217.6007037727,975859.1991275235,358.40157624927815
2016-01-12,4.210863477743513,0.004210863477743513,1094824.5042133133,1094422.5581433557,401.94606995768845
2016-01-13,4.4313938047987955,0.004431393804798796,1152162.3892476868,1151739.3925550398,422.9966926469933
2016-01-14,4.226611897962483,0.004226611897962483,1098919.0934702456,1098515.6441419541,403.44932829146273
2016-01-15,5.1915564390037945,0.005191556439003794,1349804.6741409865,1349309.116467685,495.55767330154777
2016-01-16,5.583885898301209,0.005583885898301209,1451810.3335583142,1451277.3262538083,533.0073045059107
2016-01-17,3.731718862760832,0.003731718862760832,970246.9043178164,969890.6947805085,356.2095373078482
2016-01-18,4.254221318708509,0.004254221318708509,1106097.5428642123,1105691.458091143,406.0847730692476
2016-01-19,3.8564377940072125,0.0038564377940072127,1002673.8264418753,1002305.7119153583,368.11452651699074
2016-01-20,2.898869199972694,0.002898869199972694,753705.9919929004,753429.2817437059,276.7102491945261
2016-01-21,5.869615031280573,0.0058696150312805735,1526099.9081329491,1525539.6266832044,560.2814497447107
2016-01-22,4.794210362918662,0.004794210362918662,1246494.6943588522,1246037.065175643,457.6291832092684
2016-01-23,5.11276856830389,0.00511276856830389,1329319.8277590114,1328831.7907462954,488.0370127160568
2016-01-24,5.1649034167522885,0.005164903416752288,1342874.888355595,1342381.8748344854,493.01352110970765
2016-01-25,5.211662704766139,0.005211662704766139,1355032.3032391963,1354534.8263313845,497.4769078118261
2016-01-26,2.301169959575721,0.002301169959575721,598304.1894896874,598084.532351325,219.65713836241048
2016-01-27,4.401210789134183,0.0044012107891341825,1144314.8051748874,1143894.689588358,420.1155865294859
2016-01-28,5.2027470265760325,0.005202747026576033,1352714.2269097685,1352217.6010439885,496.62586578004993
2016-01-29,5.120440557825259,0.0051204405578252595,1331314.5450345674,1330825.7756955593,488.76933900802396
2016-01-30,5.473201548887801,0.005473201548887801,1423032.4027108282,1422509.9607308663,522.4419799619354
2016-01-31,5.953756892996092,0.005953756892996091,1547976.7921789838,1547408.479005861,568.313173122704
2016-02-01,6.169454801002868,0.006169454801002868,1604058.2482607455,1603469.3457413095,588.9025194360875
2016-02-02,6.172513470512262,0.006172513470512262,1604853.5023331882,1604264.3078498365,589.1944833516609
2016-02-03,5.312240477823986,0.005312240477823985,1381182.5242342362,1380675.4467205582,507.0775136779994
2016-02-04,4.705092901336736,0.004705092901336736,1223324.1543475515,1222875.0318313565,449.12251619505696
2016-02-05,5.1359123411050795,0.005135912341105079,1335337.2086873206,1334846.962496233,490.24619108764455
2016-02-06,5.4722124780813814,0.0054722124780813815,1422775.2443011592,1422252.896732504,522.3475686551537
2016-02-07,5.224094643715891,0.005224094643715892,1358264.6073661319,1357765.9437732068,498.6635929250624
2016-02-08,5.205770795924947,0.005205770795924947,1353500.4069404863,1353003.4924421697,496.91449831658974
2016-02-09,5.119700141373517,0.0051197001413735175,1331122.0367571146,1330633.3380942242,488.69866289035417
2016-02-10,5.681636417802099,0.005681636417802099,1477225.4686285458,1476683.1305923841,542.3380361616146
2016-02-11,6.062626310045061,0.006062626310045061,1576282.8406117158,1575704.1353575976,578.7052541181911
2016-02-12,6.054099405473126,0.006054099405473126,1574065.8454230127,1573487.9541007164,577.8913222963456
2016-02-13,6.435773578640827,0.006435773578640827,1673301.130446615,1672686.8065886355,614.3238579793833
2016-02-14,4.984168808091031,0.0049841688080910305,1295883.890103668,1295408.128522936,475.76158073195256
2016-02-15,6.334721349641808,0.006334721349641808,1647027.55090687,1646422.872943734,604.6779631359968
2016-02-16,6.359400757476669,0.0063594007574766685,1653444.1969439338,1652837.1632190782,607.0337248556316
2016-02-17,6.45281803941661,0.0064528180394166105,1677732.6902483187,1677116.73941904,615.9508292786777
2016-02-18,5.977117561258961,0.005977117561258961,1554050.5659273297,1553480.022872177,570.5430551527534
2016-02-19,5.446611324623227,0.005446611324623227,1416118.944402039,1415599.0405799155,519.9038221235387
2016-02-20,4.621082682289689,0.0046210826822896895,1201481.4973953192,1201040.3940366106,441.1033587085549
2016-02-21,3.1663089157417867,0.0031663089157417867,823240.3180928646,822938.0795064841,302.2385863804957
2016-02-22,4.353701796481536,0.004353701796481536,1131962.4670851994,1131546.8864480895,415.58063710993156
2016-02-23,6.3046245071,0.0063046245071,1639202.371846,1638600.5667633652,601.8050826347899
2016-02-24,6.429760199776399,0.006429760199776399,1671737.6519418638,1671123.9020882458,613.7498536179774
2016-02-25,6.187854588643152,0.006187854588643152,1608842.1930472194,1608251.534184371,590.6588628485333
2016-02-26,6.114484670368107,0.006114484670368106,1589766.0142957077,1589182.3589252448,583.6553704629187
2016-02-27,6.454905534681937,0.006454905534681937,1678275.4390173038,1677659.288927108,616.1500901957043
2016-02-28,6.063744689240646,0.006063744689240646,1576573.619202568,1575994.8071940693,578.8120084987022
2016-03-01,7.1055386052384435,0.007105538605238443,1847440.0373619953,1846761.7813861358,678.2559758594725
2016-03-02,6.977121522779466,0.006977121522779467,1814051.5959226612,1813385.5979413635,665.9979812977836
2016-03-03,7.599692251800499,0.007599692251800499,1975919.9854681296,1975194.560279295,725.4251888345461
2016-03-04,7.393422944271293,0.007393422944271293,1922289.9655105362,1921584.2296652182,705.7358453180641
2016-03-05,4.406586411746415,0.004406586411746414,1145712.4670540676,1145291.8383399115,420.62871415610425
2016-03-06,5.116163381906063,0.005116163381906062,1330202.4792955762,1329714.1182324623,488.36106311390176
2016-03-07,5.076672426089705,0.005076672426089705,1319934.8307833234,1319450.239311547,484.59147177636623
2016-03-08,6.20712758949011,0.00620712758949011,1613853.1732674285,1613260.6747089955,592.4985584330279
2016-03-09,5.0476926943214515,0.005047692694321451,1312400.1005235773,1311918.275298998,481.8252245793119
2016-03-10,3.5667093468614266,0.0035667093468614267,927344.430183971,927003.9715554189,340.4586285520345
2016-03-11,3.464386586718461,0.003464386586718461,900740.5125467998,900409.8210910674,330.69145573244896
2016-03-12,6.463880550941853,0.006463880550941853,1680608.9432448817,1679991.9364485657,617.0067963160109
2016-03-13,8.344172202579388,0.008344172202579388,2169484.7726706406,2168688.2834846093,796.4891860312782
2016-03-14,7.690617851857515,0.0076906178518575145,1999560.6414829537,1998826.537032064,734.1044508896302
2016-03-15,7.856765650439196,0.007856765650439195,2042759.0691141908,2042009.1051002862,749.964013904566
2016-03-16,7.3496502752981465,0.007349650275298146,1910909.071577518,1910207.5140325315,701.5575449864846
2016-03-17,5.84706024377978,0.0058470602437797805,1520235.663382743,1519677.5348900442,558.1284926987719
2016-03-18,5.0187916232662735,0.0050187916232662735,1304885.822049231,1304406.755563326,479.0664859050885
2016-03-19,6.197423353238048,0.006197423353238049,1611330.0718418926,1610738.4995969445,591.572244948009
2016-03-20,6.32112195224875,0.00632112195224875,1643491.707584675,1642888.3277458702,603.3798388047144
2016-03-21,7.845670987023389,0.00784567098702339,2039874.4566260811,2039125.5516482582,748.9049778229091
2016-03-22,8.269100971508859,0.00826910097150886,2149966.2525923033,2149176.9292967017,789.3232956016436
2016-03-23,7.547523415466888,0.007547523415466889,1962356.088021391,1961635.6425852485,720.4454361426178
2016-03-24,7.686358944690827,0.007686358944690827,1998453.3256196151,1997719.627700784,733.6979188311379
2016-03-25,8.1458267446915,0.0081458267446915,2117914.95361979,2117137.3974097893,777.5562100005336
2016-03-26,6.977405176818309,0.006977405176818309,1814125.3459727603,1813459.3209153945,666.025057365885
2016-03-27,7.305290169041907,0.007305290169041907,1899375.443950896,1898678.1207798012,697.3231710947584
2016-03-28,6.576532488875175,0.006576532488875175,1709898.4471075456,1709270.6871714129,627.7599361327011
2016-03-29,7.0819779833033145,0.007081977983303314,1841314.2756588617,1840638.2686515197,676.0070073420648
2016-03-30,7.771232176465542,0.007771232176465542,2020520.365881041,2019778.5664262334,741.7994548075367
2016-03-31,8.457690513492512,0.008457690513492513,2198999.5335080535,2198192.2084829644,807.3250250890851
2016-04-01,5.819828822941086,0.005819828822941086,1513155.4939646823,1512599.964834951,555.529129731236
2016-04-02,6.933982968170859,0.0069339829681708594,1802835.5717244234,1802173.691514357,661.880210066447
2016-04-03,8.014017379599299,0.008014017379599298,2083644.5186958176,2082879.5442891838,764.9744066337589
2016-04-04,8.500402375021926,0.008500402375021926,2210104.617505701,2209293.2154391753,811.4020665255375
2016-04-05,9.150957219960821,0.009150957219960822,2379248.8771898136,2378375.376704615,873.5004851985723
2016-04-06,8.161360781349025,0.008161360781349025,2121953.8031507465,2121174.764146298,779.0390044483356
2016-04-07,7.229199175819156,0.007229199175819156,1879591.7857129804,1878901.7257732507,690.0599397297483
2016-04-08,6.140783875112414,0.006140783875112414,1596603.8075292278,1596017.6417800633,586.165749164531
2016-04-09,5.126483355273362,0.005126483355273362,1332885.672371074,1332396.326219567,489.3461515069939
2016-04-10,7.300346782050987,0.0073003467820509866,1898090.1633332565,1897393.3120309326,696.8513023238629
2016-04-11,8.702113866970711,0.008702113866970711,2262549.605412385,2261718.9490665686,830.6563458163291
2016-04-12,4.584536934330823,0.004584536934330823,1191979.602926014,1191541.9880251582,437.6149008558132
2016-04-13,8.315440588383737,0.008315440588383736,2162014.5529797715,2161220.8063569865,793.7466227849945
2016-04-14,8.625935164243296,0.008625935164243297,2242743.1427032575,2241919.7579610776,823.3847421798855
2016-04-15,9.102485859319943,0.009102485859319944,2366646.3234231854,2365777.449749808,868.8736733775586
2016-04-16,8.41336832470576,0.00841336832470576,2187475.7644234975,2186672.6701529054,803.0942705920897
2016-04-17,7.815871117536052,0.007815871117536052,2032126.4905593735,2031380.430114623,746.0604447505902
2016-04-18,3.352026920022658,0.003352026920022658,871526.999205891,871207.0329913564,319.96621453459375
2016-04-19,5.130785729802211,0.005130785729802211,1334004.289748575,1333514.532915852,489.75683272304013
2016-04-20,6.410755427038859,0.00641075542703886,1666796.4110301035,1666184.475268477,611.9357616263442
2016-04-21,8.583753331142953,0.008583753331142953,2231775.8660971676,2230956.5078028,819.3582943677902
2016-04-22,8.027316994855312,0.008027316994855312,2087102.4186623811,2086336.1747469846,766.2439153965097
2016-04-23,6.893820477716388,0.006893820477716388,1792393.324206261,1791735.2776885675,658.0465176934376
2016-04-24,8.762462742011959,0.00876246274201196,2278240.312923109,2277403.896002704,836.4169204053469
2016-04-25,8.259642369913829,0.008259642369913828,2147507.016177595,2146718.5957485335,788.4204290616326
2016-04-26,8.358416641387915,0.008358416641387915,2173188.326760858,2172390.4778783587,797.8488824991509
2016-04-27,9.523839919448243,0.009523839919448242,2476198.379056543,2475289.285221808,909.0938347349875
2016-04-28,7.564700856239058,0.007564700856239058,1966822.222622155,1966100.1375211675,722.0851009874605
2016-04-29,8.557472067603996,0.008557472067603995,2224942.737577039,2224125.887948803,816.8496282356791
2016-04-30,9.3398149929575,0.0093398149929575,2428351.89816895,2427460.3703503935,891.5278185564093
2016-05-01,5.72637405286029,0.00572637405286029,1488857.2537436755,1488310.6452967809,546.6084468946792
2016-05-02,5.7106859236392635,0.005710685923639263,1484778.3401462084,1484233.2292025976,545.1109436107799
2016-05-03,8.381115538802261,0.008381115538802261,2179090.040088588,2178290.024493096,800.0155954919755
2016-05-04,8.723410132794607,0.008723410132794606,2268086.634526598,2267253.9453553534,832.6891712443903
2016-05-05,9.040495992482763,0.009040495992482762,2350528.958045518,2349666.00158686,862.95645865798
2016-05-06,10.09897143906518,0.01009897143906518,2625732.574156947,2624768.5814029663,963.9927539806813
2016-05-07,8.558460680641154,0.008558460680641155,2225199.7769667003,2224382.832970854,816.9439958464354
2016-05-08,7.5592216511929085,0.007559221651192908,1965397.6293101562,1964676.06722421,721.5620859463234
2016-05-09,10.171616906863294,0.010171616906863294,2644620.3957844563,2643649.4686901825,970.9270942737348
2016-05-10,7.528278063402918,0.007528278063402918,1957352.2964847586,1956633.6881049983,718.6083797602914
2016-05-11,7.915179479859972,0.007915179479859973,2057946.6647635929,2057191.124884004,755.5398795888759
2016-05-12,5.915558959933896,0.005915558959933896,1538045.329582813,1537480.6625761252,564.6670066877268
2016-05-13,8.62278788377799,0.00862278788377799,2241924.8497822774,2241101.7654623315,823.0843199458905
2016-05-14,8.908298674194274,0.008908298674194274,2316157.655290511,2315307.317667117,850.3376233940944
2016-05-15,5.372999795825403,0.005372999795825403,1396979.9469146046,1396467.06964769,512.8772669145837
2016-05-16,8.677609373976853,0.008677609373976854,2256178.437233982,2255350.119953469,828.3172805132344
2016-05-17,9.422095331609524,0.009422095331609525,2449744.7862184765,2448845.404367385,899.3818510915153
2016-05-18,4.383329056688135,0.004383329056688135,1139665.554738915,1139247.1460450736,418.4086938414257
2016-05-19,6.295695230269732,0.0062956952302697326,1636880.7598701306,1636279.8071275796,600.9527425509878
2016-05-20,8.911089533708248,0.008911089533708248,2316883.2787641445,2316032.674740517,850.6040236274712
2016-05-21,8.149875950498616,0.008149875950498616,2118967.74712964,2118189.8044045293,777.9427251107991
2016-05-22,6.743420139627688,0.006743420139627688,1753289.2363031988,1752645.5461817966,643.6901214022655
2016-05-23,8.883221316684066,0.008883221316684066,2309637.542337857,2308789.598462289,847.9438755679876
2016-05-24,8.690630417603847,0.008690630417603847,2259563.9085770003,2258734.348378653,829.5601983470842
2016-05-25,6.402312728182267,0.0064023127281822665,1664601.3093273893,1663990.1794597663,611.1298676230945
2016-05-26,9.399248550558493,0.009399248550558494,2443804.623145208,2442907.422123275,897.2010219329968
2016-05-27,10.639923845634108,0.010639923845634109,2766380.199864868,2765364.570743429,1015.6291214390658
2016-05-28,7.338239928407879,0.007338239928407879,1907942.3813860486,1907241.913010567,700.4683754816651
2016-05-29,7.037566050641484,0.0070375660506414835,1829767.1731667856,1829095.4054804016,671.7676863840315
2016-05-30,5.8658977859201284,0.005865897785920129,1525133.4243392334,1524573.4977174643,559.9266217690893
2016-05-31,4.935668313387496,0.004935668313387496,1283273.7614807491,1282802.6294928167,471.131987932371
2016-06-01,7.88234022299194,0.007882340222991939,2049408.4579779042,2048656.0527547365,752.4052231677342
2016-06-02,8.567340005847644,0.008567340005847643,2227508.4015203873,2226690.6099525667,817.79156782059
2016-06-03,7.519631550108835,0.007519631550108835,1955104.203028297,1954386.419997555,717.7830307420809
2016-06-04,8.756880050034493,0.008756880050034492,2276788.813008968,2275952.9289819016,835.8840270661749
2016-06-05,9.605537344940391,0.009605537344940391,2497439.709684502,2496522.8174589435,916.8922255584039
2016-06-06,9.320912278805705,0.009320912278805705,2423437.1924894834,2422547.4690209622,889.7234685211442
2016-06-07,9.528211621589621,0.009528211621589622,2477335.0216133017,2476425.5104797147,909.5111335869879
2016-06-08,10.046955164763835,0.010046955164763834,2612208.342838597,2611249.3152745683,959.0275640287437
2016-06-09,10.020712466204788,0.010020712466204788,2605385.241213245,2604428.7186341453,956.5225790995173
2016-06-10,8.741827917685178,0.008741827917685178,2272875.2585981465,2272040.8113655704,834.4472325760871
2016-06-11,8.15191283099762,0.00815191283099762,2119497.3360593813,2118719.198904763,778.1371546182781
2016-06-12,9.620267448819138,0.009620267448819138,2501269.536692976,2500351.23841201,918.2982809660025
2016-06-13,10.45116229420555,0.01045116229420555,2717302.196493443,2716304.5855205753,997.610972867813
2016-06-14,9.778484123397085,0.009778484123397085,2542405.872083242,2541472.471301118,933.4007821241394
2016-06-15,9.948889644520307,0.009948889644520308,2586711.30757528,2585761.64081116,949.66676411964
2016-06-16,10.38475833842158,0.01038475833842158,2700037.1679896107,2699045.8955763276,991.2724132831208
2016-06-17,10.489036086915085,0.010489036086915085,2727149.382597922,2726148.15639929,1001.2261986318044
2016-06-18,10.563568572189393,0.010563568572189392,2746527.828769242,2745519.488105917,1008.3406633250415
2016-06-19,8.85701681956164,0.00885701681956164,2302824.3730860264,2301978.930548887,845.4425371396355
2016-06-20,9.702930748295213,0.009702930748295212,2522761.9945567553,2521835.8056879016,926.1888688537292
2016-06-21,10.495418889384167,0.010495418889384166,2728808.9112398834,2727807.0757737267,1001.8354661567137
2016-06-22,11.160901237372343,0.011160901237372343,2901834.321716809,2900768.962933923,1065.3587828860618
2016-06-23,11.309892053128856,0.011309892053128856,2940571.9338135025,2939492.3531796425,1079.5806338600814
2016-06-24,10.077188921243433,0.010077188921243433,2620069.1195232924,2619107.2060097046,961.9135135877877
2016-06-25,9.52118466610559,0.00952118466610559,2475508.013187453,2474599.172808726,908.8403787272982
2016-06-26,8.71771568323942,0.00871771568323942,2266606.0776422494,2265773.9320321134,832.14561013598
2016-06-27,6.483010653232016,0.006483010653232016,1685582.7698403243,1684963.936988741,618.8328515833709
2016-06-28,9.279876996967507,0.009279876996967508,2412768.019211552,2411882.212747311,885.8064642408863
2016-06-29,8.856658806185504,0.008856658806185504,2302731.289608231,2301885.881245096,845.4083631346002
2016-06-30,9.474271179691954,0.009474271179691953,2463310.5067199077,2462406.144446821,904.3622730867937
2016-07-01,10.386090146757597,0.010386090146757598,2700383.4381569754,2699392.0386165297,991.3995404457673
2016-07-02,10.194411146497545,0.010194411146497545,2650546.898089362,2649573.795181247,973.1029081149027
2016-07-03,10.172788250668475,0.010172788250668476,2644924.9451738037,2643953.9062694367,971.0389043670148
2016-07-04,10.531504049138807,0.010531504049138806,2738191.05277609,2737185.7728173193,1005.2799587706104
2016-07-05,11.44232029378427,0.01144232029378427,2975003.2763839103,2973911.054872196,1092.2215117141604
2016-07-06,11.081303061759668,0.011081303061759668,2881138.7960575134,2880081.0352825024,1057.7607750110328
2016-07-07,10.858083348863993,0.010858083348863993,2823101.670704638,2822065.217266426,1036.4534382121637
2016-07-08,10.407917385649545,0.010407917385649546,2706058.520268882,2705065.037219214,993.4830496683717
2016-07-09,8.791504956136148,0.008791504956136148,2285791.2885953984,2284952.099463571,839.1891318275593
2016-07-10,10.158214087705922,0.010158214087705921,2641135.6628035395,2640166.0150693106,969.6477342289872
2016-07-11,10.796022713833484,0.010796022713833484,2806965.905596706,2805935.3761283597,1030.5294683463871
2016-07-12,11.208891775022995,0.011208891775022994,2914311.8615059783,2913241.9218080128,1069.939697965514
2016-07-13,11.450277957620331,0.011450277957620332,2977072.2689812863,2975979.2878743676,1092.9811069187708
2016-07-14,11.22974735233339,0.01122974735233339,2919734.3116066814,2918662.3811490103,1071.930457671173
2016-07-15,10.694810636184217,0.010694810636184217,2780650.7654078966,2779629.8970926744,1020.8683152222075
2016-07-16,11.0662809673232,0.0110662809673232,2877233.051504032,2876176.7246562555,1056.3268477767706
2016-07-17,11.018259002541724,0.011018259002541725,2864747.340660848,2863695.597728014,1051.7429328341968
2016-07-18,10.693660827770548,0.010693660827770549,2780351.815220343,2779331.056659563,1020.7585607799701
2016-07-19,10.397892296849756,0.010397892296849755,2703451.9971809364,2702459.471071588,992.5261093485169
2016-07-20,9.41740103687803,0.009417401036878029,2448524.2695882875,2447625.3358289776,898.9337593098171
2016-07-21,10.561840052624655,0.010561840052624656,2746078.4136824105,2745070.2380141392,1008.1756682712585
2016-07-22,10.374315235400514,0.010374315235400514,2697321.9612041335,2696331.6856325287,990.275571604725
2016-07-23,10.40122749492897,0.01040122749492897,2704319.148681532,2703326.304212359,992.8444691733457
2016-07-24,10.456810277277691,0.01045681027727769,2718770.6720922,2717772.521993661,998.1500985389575
2016-07-25,9.770240383896935,0.009770240383896935,2540262.499813203,2539329.885933507,932.6138796960004
2016-07-26,6.5884016657814835,0.006588401665781484,1712984.4331031856,1712355.5402001361,628.8929030494764
2016-07-27,8.405132887414116,0.008405132887414115,2185334.55072767,2184532.2425670223,802.3081606477499
2016-07-28,7.964026949671362,0.007964026949671361,2070647.006914554,2069886.8043218134,760.2025927405339
2016-07-29,6.467090162427358,0.006467090162427357,1681443.4422311129,1680826.1290627832,617.3131683296524
2016-07-30,9.733396689400431,0.009733396689400431,2530683.139244112,2529754.0422626208,929.0969814914279
2016-07-31,10.58289476344128,0.01058289476344128,2751552.638494733,2750542.453058557,1010.1854361756705
2016-08-01,10.735967926138878,0.010735967926138878,2791351.660796108,2790326.8638303764,1024.7969657317735
2016-08-02,10.41172232477466,0.01041172232477466,2707047.8044414115,2706053.9581929985,993.8462484129705
2016-08-03,10.44718059601005,0.010447180596010049,2716266.9549626126,2715269.724060946,997.2309016664512
2016-08-04,10.481697016194222,0.010481697016194221,2725241.2242104975,2724240.698559544,1000.5256509534083
2016-08-05,10.460383529526776,0.010460383529526777,2719699.717676962,2718701.2264952445,998.4911817172542
2016-08-06,10.392287282445569,0.010392287282445569,2701994.6934358478,2701002.702350616,991.9910852317698
2016-08-07,10.451783133194235,0.010451783133194234,2717463.614630501,2716465.944395728,997.6702347728424
2016-08-08,10.264933638880157,0.010264933638880158,2668882.746108841,2667902.911508092,979.8346007489599
2016-08-09,10.141203308511376,0.010141203308511376,2636712.860212958,2635744.836234968,968.0239779897965
2016-08-10,10.111615020199924,0.010111615020199924,2629019.9052519803,2628054.705610677,965.1996413031593
2016-08-11,9.798373825090321,0.009798373825090322,2547577.1945234835,2546641.8951788745,935.2993446090259
2016-08-12,8.193703244568656,0.008193703244568655,2130362.84358785,2129580.7173481937,782.1262396564707
2016-08-13,5.448919197714144,0.005448919197714144,1416718.9914056773,1416198.867286571,520.1241191062145
2016-08-14,3.8312087160696064,0.0038312087160696064,996114.2661780977,995748.5598818116,365.70629628608003
2016-08-15,6.2641648835516,0.0062641648835516,1628682.869723416,1628084.926695859,597.9430275568739
2016-08-16,7.896193368392532,0.007896193368392531,2053010.275782058,2052256.5482131576,753.7275689004455
2016-08-17,6.394120346077779,0.006394120346077779,1662471.2899802225,1661860.9421127301,610.3478674923535
2016-08-18,5.772899141240162,0.005772899141240162,1500953.7767224421,1500402.7272442656,551.0494781765155
2016-08-19,5.352365854105567,0.005352365854105567,1391615.1220674475,1391104.2144041134,510.90766333416104
2016-08-20,6.966413862892309,0.006966413862892309,1811267.6043520004,1810602.6284655372,664.9758864631876
2016-08-21,7.033340170935939,0.007033340170935939,1828668.4444433441,1827997.0801363974,671.3643069467507
2016-08-22,6.585505489233466,0.0065855054892334655,1712231.427200701,1711602.810750875,628.6164498261642
2016-08-23,9.356812923381465,0.009356812923381466,2432771.360079181,2431878.209730859,893.1503483220004
2016-08-24,9.295783984422748,0.009295783984422748,2416903.8359499145,2416016.5110913757,887.3248585388064
2016-08-25,9.118395097724227,0.009118395097724226,2370782.725408299,2369912.3331257603,870.3922825385816
2016-08-26,8.240366896213182,0.008240366896213182,2142495.3930154275,2141708.8125179955,786.5804974320345
2016-08-27,8.30153933353584,0.008301539333535841,2158400.226719319,2157607.807034532,792.4196847868152
2016-08-28,7.1872155600276155,0.007187215560027616,1868676.04560718,1867989.9931945193,686.0524126607925
2016-08-29,5.047287726955616,0.005047287726955616,1312294.80900846,1311813.0224398577,481.7865686023142
2016-08-30,6.396314022161519,0.006396314022161519,1663041.645761995,1662431.0884981437,610.5572638513986
2016-08-31,7.004144888010601,0.007004144888010601,1821077.6708827564,1820409.093398345,668.5774844114203
2016-09-01,7.4764707538337065,0.007476470753833706,1943882.3959967636,1943168.7328603212,713.6631364424247
2016-09-02,7.2000594152304265,0.007200059415230426,1872015.4479599108,1871328.169542857,687.2784170538653
2016-09-03,7.998786074629636,0.007998786074629637,2079684.3794037055,2078920.858894403,763.5205093023833
2016-09-04,7.942724114858525,0.007942724114858525,2065108.2698632167,2064350.1007229444,758.1691402723081
2016-09-05,7.444280610606916,0.007444280610606916,1935512.9587577982,1934802.3683169277,710.5904408704955
2016-09-06,7.770480496506234,0.007770480496506234,2020324.929091621,2019583.2013880843,741.7277035366278
2016-09-07,8.113749317168491,0.008113749317168491,2109574.8224638076,2108800.328190152,774.4942736555822
2016-09-08,8.361842390089413,0.008361842390089412,2174079.021423247,2173280.845537454,798.1758857932873
2016-09-09,8.604799274073683,0.008604799274073682,2237247.8112591575,2236426.44403382,821.3672253373079
2016-09-10,6.018378041055332,0.0060183780410553315,1564778.290674386,1564203.809118784,574.4815556020476
2016-09-11,7.566042441910399,0.007566042441910399,1967171.0348967037,1966448.8217352624,722.2131614412647
2016-09-12,7.229051970786142,0.007229051970786143,1879553.5124043971,1878863.4665160573,690.0458883398678
2016-09-13,7.362576661723041,0.007362576661723041,1914269.9320479906,1913567.1406206307,702.7914273599163
2016-09-14,7.464488850565783,0.007464488850565784,1940767.1011471038,1940054.5817378222,712.5194092816673
2016-09-15,7.6318667983736646,0.007631866798373664,1984285.3675771528,1983556.8711815178,728.4963956349529
2016-09-16,7.8356897926526266,0.007835689792652627,2037279.3460896832,2036531.3938622575,747.9522274257615
2016-09-17,7.910784143623753,0.007910784143623754,2056803.8773421762,2056048.757017421,755.1203247550875
2016-09-18,7.788748165006059,0.007788748165006059,2025074.5229015753,2024331.0514659989,743.4714355764445
2016-09-19,8.0523060274844,0.0080523060274844,2093599.567145944,2092830.937913733,768.6292322110385
2016-09-20,7.986414256889169,0.007986414256889169,2076467.706791184,2075705.367228152,762.3395630319137
2016-09-21,7.7216455114875115,0.007721645511487511,2007627.832986753,2006890.7668046379,737.0661821151152
2016-09-22,7.853900583112987,0.007853900583112987,2042014.1516093768,2041264.4610791788,749.6905301979277
2016-09-23,8.164239186952207,0.008164239186952207,2122702.188607574,2121922.8748462196,779.3137613544241
2016-09-24,6.825140353152636,0.006825140353152636,1774536.4918196853,1773885.0011322387,651.4906874466687
2016-09-25,3.3394470514734023,0.003339447051473402,868256.2333830845,867937.4679742162,318.76540886831935
2016-09-26,4.151308488344338,0.0041513084883443374,1079340.2069695278,1078943.9456941644,396.26127536338754
2016-09-27,5.5393801184657185,0.005539380118465718,1440238.8308010867,1439710.0717756785,528.7590254081879
2016-09-28,6.536650562923154,0.006536650562923154,1699529.1463600202,1698905.1933351024,623.9530249177478
2016-09-29,7.135452611197142,0.007135452611197142,1855217.6789112568,1854536.5675074796,681.1114037772641
2016-09-30,6.106668139771577,0.006106668139771577,1587733.71634061,1587150.8070935423,582.909247067757
2016-10-01,5.001331094316177,0.005001331094316177,1300346.0845222059,1299868.6847231996,477.3997990062926
2016-10-02,6.993360128865022,0.006993360128865022,1818273.6335049057,1817606.0854748038,667.548030101927
2016-10-03,7.5767822726050955,0.007576782272605095,1969963.3908773249,1969240.152550199,723.2383271257859
2016-10-04,6.87851220901816,0.00687851220901816,1788413.1743447217,1787756.5890708975,656.5852738241665
2016-10-05,6.558410698798396,0.0065584106987983965,1705186.781687583,1704560.751558731,626.0301288519986
2016-10-06,6.547342037732163,0.006547342037732163,1702308.9298103624,1701683.9562355494,624.9735748129897
2016-10-07,4.498127341443923,0.004498127341443923,1169513.1087754199,1169083.742063196,429.36671222397126
2016-10-08,4.194012463824539,0.004194012463824538,1090443.2405943798,1090042.9030303392,400.3375640406739
2016-10-09,6.070642318582251,0.006070642318582251,1578367.0028313852,1577787.5324127953,579.4704185898881
2016-10-10,6.45015549064059,0.00645015549064059,1677040.4275665532,1676424.7308896645,615.696676888736
2016-10-11,6.631267014532323,0.006631267014532323,1724129.423778404,1723496.4391828645,632.984595539514
2016-10-12,6.895791107506287,0.006895791107506288,1792905.6879516349,1792247.4533283655,658.2346232694108
2016-10-13,5.867284299699691,0.005867284299699691,1525493.9179219196,1524933.8589511043,560.0589708152693
2016-10-14,6.158858973700116,0.006158858973700116,1601303.3331620302,1600715.4420625,587.8910995302722
2016-10-15,7.451879225121571,0.007451879225121571,1937488.5985316085,1936777.282768424,711.3157631845679
2016-10-16,7.3737852207031755,0.007373785220703175,1917184.1573828256,1916480.2960475343,703.8613352912944
2016-10-17,7.13304135651206,0.00713304135651206,1854590.7526931355,1853909.8714545844,680.8812385511119
2016-10-18,6.085568756875038,0.006085568756875038,1582247.8767875098,1581666.9815724995,580.8952150102705
2016-10-19,5.333874813183391,0.005333874813183391,1386807.4514276816,1386298.3088183007,509.1426093808841
2016-10-20,4.079959704218682,0.004079959704218682,1060789.5230968574,1060400.072387433,389.45070942444727
2016-10-21,5.721251510879564,0.0057212515108795645,1487525.3928286869,1486979.2733517217,546.1194769651629
2016-10-22,6.4400617603785655,0.006440061760378565,1674416.057698427,1673801.324513998,614.7331844288856
2016-10-23,4.226190930724638,0.0042261909307246374,1098809.6419884057,1098406.2328433518,403.40914505394176
2016-10-24,6.2283405084303745,0.006228340508430375,1619368.5321918975,1618774.0087638753,594.523428022163
2016-10-25,5.4636321288683485,0.005463632128868349,1420544.3535057707,1420022.8249704714,521.528535299236
2016-10-26,5.9394753178363136,0.005939475317836313,1544263.5826374413,1543696.6327056203,566.9499318210874
2016-10-27,5.861423280103987,0.005861423280103987,1523970.0528270367,1523410.5533171978,559.4995098388754
2016-10-28,6.220612693651333,0.006220612693651333,1617359.3003493466,1616765.514576391,593.7857729555108
2016-10-29,6.4422091087994415,0.006442209108799442,1674974.3682878548,1674359.430129253,614.9381586017553
2016-10-30,6.118238383314077,0.006118238383314077,1590741.97966166,1590157.9659822246,584.0136794354767
2016-10-31,6.2838189702506115,0.006283818970250612,1633792.932265159,1633193.11316564,599.8190995189361
2016-11-01,6.216782433767421,0.006216782433767421,1616363.4327795294,1615770.0126222998,593.4201572295278
2016-11-02,4.798760252404722,0.004798760252404722,1247677.6656252278,1247219.6021343742,458.0634908536449
2016-11-03,4.0621117516198515,0.004062111751619852,1056149.0554211615,1055761.3083799852,387.7470411763061
2016-11-04,3.6944973971327473,0.0036944973971327474,960569.3232545144,960216.6666753839,352.6565791304456
2016-11-05,3.7047762486675575,0.0037047762486675574,963241.824653565,962888.1869113073,353.637742257677
2016-11-06,3.8649662482861755,0.0038649662482861755,1004891.2245544057,1004522.2959481403,368.92860626534093
2016-11-07,4.4191214778027685,0.0044191214778027685,1148971.5842287198,1148549.7589854992,421.82524322066456
2016-11-08,4.56404429785746,0.00456404429785746,1186651.5174429396,1186215.8586574357,435.6587855038233
2016-11-09,2.6968354721131615,0.0026968354721131614,701177.222749422,700919.7975384011,257.42521102086175
2016-11-10,2.2735175478266316,0.002273517547826632,591114.5624349243,590897.5448450265,217.01758989784867
2016-11-11,3.2700961492872413,0.0032700961492872415,850224.9988146828,849912.8532648361,312.14554984669667
2016-11-12,3.6672212062435063,0.0036672212062435062,953477.5136233117,953127.4606806537,350.05294265795965
2016-11-13,4.949415562190371,0.004949415562190371,1286848.0461694964,1286375.6019441434,472.444225352956
2016-11-14,4.219083170762625,0.004219083170762625,1096961.6243982825,1096558.893721243,402.7306770395953
2016-11-15,5.207879040155818,0.005207879040155818,1354048.5504405128,1353551.4347006963,497.11573981656693
2016-11-16,5.6049564761654675,0.005604956476165468,1457288.6838030217,1456753.6652160296,535.0185869920533
2016-11-17,4.878143214416572,0.004878143214416572,1268317.2357483087,1267851.5947926973,465.6409556113649
2016-11-18,4.605339688685034,0.004605339688685034,1197388.3190581088,1196948.718439739,439.60061836987734
2016-11-19,4.385846236016243,0.004385846236016243,1140320.0213642232,1139901.372394167,418.6489700563252
2016-11-20,4.9762011742893115,0.004976201174289312,1293812.305315221,1293337.304281372,475.00103384885006
2016-11-21,4.997227902969311,0.004997227902969311,1299279.254772021,1298802.2466412901,477.00813073082827
2016-11-22,3.6017307710295214,0.0036017307710295215,936450.0004676756,936106.1988849094,343.80158276623115
2016-11-23,4.887551438610589,0.004887551438610589,1270763.374038753,1270296.8350253538,466.5390133992769
2016-11-24,4.707996388319772,0.004707996388319772,1224079.0609631408,1223629.6612959083,449.3996672325302
2016-11-25,2.529418484139144,0.002529418484139144,657648.8058761774,657407.361378071,241.4444981063716
2016-11-26,2.448904138756149,0.002448904138756149,636715.0760765987,636481.3170389384,233.75903766031843
2016-11-27,4.10902679514832,0.00410902679514832,1068346.966738563,1067954.7414431123,392.2252954507712
2016-11-28,5.447516599720795,0.005447516599720795,1416354.3159274068,1415834.325692658,519.9902347486932
2016-11-29,4.988337002477181,0.004988337002477181,1296967.620644067,1296491.461190224,476.15945384302177
2016-11-30,4.6822480248592475,0.0046822480248592474,1217384.4864634043,1216937.5445945675,446.94186883675866
2016-12-01,4.610355293223671,0.004610355293223671,1198692.3762381545,1198252.2968575205,440.079380634008
2016-12-02,2.7780343376706798,0.0027780343376706796,722288.9277943767,722023.7517823459,265.17601203080267
2016-12-03,2.179339260929605,0.0021793392609296054,566628.2078416974,566420.1799976067,208.0278440907132
2016-12-04,2.9473459637064647,0.0029473459637064645,766309.9505636807,766028.6129869155,281.3375767652178
2016-12-05,3.4371124705674525,0.0034371124705674526,893649.2423475377,893321.1543302345,328.08801730314735
2016-12-06,4.672991514719592,0.004672991514719592,1214977.793827094,1214531.7355342486,446.0582928452641
2016-12-07,1.9502794278067224,0.0019502794278067224,507072.6512297478,506886.48818849283,186.16304125497118
2016-12-08,2.5813622013536905,0.0025813622013536905,671154.1723519595,670907.769589805,246.40276215446647
2016-12-09,2.511734663567755,0.0025117346635677553,653051.0125276163,652811.2560306096,239.75649700674694
2016-12-10,3.255892754164281,0.003255892754164281,846532.1160827131,846221.326311528,310.7897711851401
2016-12-11,2.5076540288436844,0.002507654028843684,651990.0474993578,651750.6805174942,239.36698186362628
2016-12-12,4.276383825868876,0.004276383825868877,1111859.794725908,1111451.5944407352,408.2002851727884
2016-12-13,4.168473324506846,0.004168473324506846,1083803.0643717798,1083405.164634739,397.8997370407451
2016-12-14,2.347777721708196,0.002347777721708196,610422.2076441309,610198.1015829009,224.10606123006437
2016-12-15,2.6055036414924335,0.0026055036414924337,677430.9467880328,677182.2396156217,248.7071724110283
2016-12-16,2.274858733673426,0.002274858733673426,591463.2707550908,591246.1251429041,217.14561218663584
2016-12-17,3.7612028391739476,0.0037612028391739477,977912.7381852265,977553.7142682768,359.02391694963444
2016-12-18,3.220898058651768,0.0032208980586517677,837433.4952494596,837126.045881117,307.4493683426408
2016-12-19,2.974218576952368,0.002974218576952368,773296.8300076157,773012.9273176995,283.90268991619814
2016-12-20,3.5928945086451463,0.003592894508645146,934152.572247738,933809.6141264037,342.958121334319
2016-12-21,3.733797949661391,0.003733797949661391,970787.4669119616,970431.0589163534,356.4079956081696
2016-12-22,3.9305472949131732,0.003930547294913173,1021942.296677425,1021567.1080619965,375.18861542851664
2016-12-23,3.8165814626763046,0.0038165814626763047,992311.1802958392,991946.8702374143,364.3100584249478
2016-12-24,3.178762129862301,0.003178762129862301,826478.1537641983,826174.7264618928,303.4273023054702
2016-12-25,4.419197773742123,0.004419197773742123,1148991.421172952,1148569.588646937,421.83252601511776
2016-12-26,3.472959227097796,0.003472959227097796,902969.399045427,902637.8892921819,331.50975324504543
2016-12-27,2.976539263556248,0.0029765392635562483,773900.2085246246,773616.0843146176,284.12421000702307
2016-12-28,3.4400751673704573,0.0034400751673704572,894419.5435163189,894091.1726961315,328.37082018738147
2016-12-29,3.353628475119462,0.003353628475119462,871943.4035310601,871623.2844408076,320.1190902524395
2016-12-30,2.8347904742712275,0.0028347904742712276,737045.5233105192,736774.9296671229,270.5936433962779
2016-12-31,3.6707972441869394,0.0036707972441869393,954407.2834886042,954056.8891968607,350.3942917435197
2017-01-01,4.714686182316656,0.004714686182316657,1225818.4074023308,1225368.369163836,450.0382384948898
2017-01-02,5.028837764259042,0.005028837764259042,1307497.8187073509,1307017.7932715982,480.025435752701
2017-01-03,4.5079301024338845,0.0045079301024338846,1172061.82663281,1171631.5242024667,430.30243034334853
2017-01-04,3.8423679426473427,0.0038423679426473427,999015.6650883091,998648.8935930941,366.7714952150127
2017-01-05,4.77152414770505,0.0047715241477050505,1240596.2784033131,1240140.8147225229,455.4636807902716
2017-01-06,2.926313177365083,0.002926313177365083,760841.4261149216,760562.0962132697,279.32990165182855
2017-01-07,3.421678016332186,0.0034216780163321856,889636.2842463682,889309.6695179178,326.6147284504259
2017-01-08,4.421039380541759,0.0044210393805417594,1149470.2389408574,1149048.2306250976,422.00831575971097
2017-01-09,4.58917255896705,0.00458917255896705,1193184.8653314328,1192746.8079391227,438.0573923101183
2017-01-10,4.572648789712643,0.004572648789712643,1188888.685325287,1188452.2052019024,436.48012338462286
2017-01-11,4.532415428102403,0.004532415428102403,1178428.0113066249,1177995.3716405872,432.639666037634
2017-01-12,2.3883945975823107,0.0023883945975823107,620982.5953714008,620754.612244643,227.98312675778288
2017-01-13,4.322038789412944,0.004322038789412944,1123730.0852473655,1123317.5269882837,412.55825908179395
2017-01-14,5.477392916508804,0.005477392916508804,1424122.1582922891,1423599.3162272254,522.8420650637709
2017-01-15,4.7643887696014335,0.004764388769601433,1238741.0800963726,1238286.297519874,454.7825764985755
2017-01-16,4.087371005219807,0.004087371005219807,1062716.4613571498,1062326.3032053383,390.15815181145445
2017-01-17,2.4674030355460483,0.0024674030355460483,641524.7892419725,641289.2644004807,235.52484149183147
2017-01-18,2.886434998853425,0.0028864349988534247,750473.0997018904,750197.5763537434,275.52334814693313
2017-01-19,5.194483583629039,0.005194483583629039,1350565.7317435502,1350069.8946609816,495.83708256855607
2017-01-20,5.088779051527646,0.005088779051527646,1323082.553397188,1322596.8062929525,485.7471042354591
2017-01-21,5.703017423350694,0.005703017423350694,1482784.5300711805,1482240.1511207987,544.3789503818844
2017-01-22,6.86635569624358,0.0068663556962435795,1785252.4810233307,1784597.0561439386,655.4248793921433
2017-01-23,5.358737615334689,0.005358737615334688,1393271.779987019,1392760.2641100967,511.5158769222908
2017-01-24,5.589805864154491,0.005589805864154491,1453349.5246801677,1452815.9522879971,533.5723921705503
2017-01-25,5.629884520656717,0.005629884520656717,1463769.9753707466,1463232.5772885352,537.3980822113808
2017-01-26,4.628587782247608,0.004628587782247608,1203432.823384378,1202991.0036297454,441.81975463265553
2017-01-27,2.3517395436254787,0.0023517395436254787,611452.2813426245,611227.797107474,224.48423515050672
2017-01-28,4.858409740065506,0.004858409740065506,1263186.5324170315,1262722.7751112948,463.7573057366535
2017-01-29,5.064725646230233,0.005064725646230233,1316828.6680198608,1316345.2169225558,483.4510973049328
2017-01-30,5.421756723291472,0.0054217567232914725,1409656.7480557829,1409139.2167183952,517.531337387627
2017-01-31,5.451702122355643,0.005451702122355643,1417442.5518124672,1416922.162050547,520.389761920087
2017-02-01,5.969008345795094,0.005969008345795094,1551942.1699067245,1551372.4009130686,569.7689936559182
2017-02-02,5.352905676792152,0.005352905676792152,1391755.4759659595,1391244.5167740947,510.95919186482206
2017-02-03,3.2493665456283543,0.003249366545628354,844835.3018633721,844525.1350484729,310.16681489918847
2017-02-04,4.065351714575812,0.004065351714575812,1056991.445789711,1056603.3894793352,388.05631037591957
2017-02-05,2.829330115801922,0.002829330115801922,735625.8301084997,735355.7576811531,270.07242734660394
2017-02-06,4.293846774689002,0.004293846774689002,1116400.1614191404,1115990.2942160813,409.8672030591406
2017-02-07,5.925215904468239,0.005925215904468238,1540556.1351617419,1539990.5463557786,565.5888059632853
2017-02-08,6.752593755106693,0.006752593755106693,1755674.37632774,1755029.8105430189,644.5657847211696
2017-02-09,6.016527808698038,0.006016527808698038,1564297.23026149,1563722.9253189813,574.3049425086938
2017-02-10,6.3346148211415665,0.006334614821141567,1646999.8534968074,1646395.1857023013,604.6677945060655
2017-02-11,4.466898447446169,0.004466898447446168,1161393.5963360036,1160967.2105637407,426.38577226293273
2017-02-12,5.258715263046921,0.005258715263046921,1367265.9683921994,1366764.0001037046,501.9682884947397
2017-02-13,3.0102332675512735,0.0030102332675512734,782660.649563331,782373.3091074025,287.34045592858456
2017-02-14,6.153943244150676,0.006153943244150676,1600025.2434791757,1599437.8216083879,587.4218707878608
2017-02-15,5.804188432910287,0.005804188432910287,1509088.9925566746,1508534.9563733044,554.0361833702773
2017-02-16,5.183682905575488,0.005183682905575487,1347757.5554496266,1347262.7493408998,494.80610872688703
2017-02-17,6.395826139363664,0.006395826139363664,1662914.7962345527,1662304.2855413333,610.5106932194903
2017-02-18,6.353516546672793,0.006353516546672793,1651914.3021349262,1651307.8300847532,606.4720501729753
2017-02-19,5.267645041298215,0.005267645041298215,1369587.710737536,1369084.8900610944,502.8206764415372
2017-02-20,6.9657138896977875,0.006965713889697788,1811085.6113214248,1810420.7022505866,664.9090708382428
2017-02-21,7.296564301701885,0.007296564301701885,1897106.71844249,1896410.2281951183,696.4902473718394
2017-02-22,7.060226075798315,0.007060226075798316,1835658.7797075622,1834984.849018719,673.9306888431311
2017-02-23,7.105298260249007,0.007105298260249007,1847377.5476647418,1846699.3146309047,678.2330338370521
2017-02-24,7.355264157850921,0.007355264157850921,1912368.6810412395,1911666.5876256314,702.0934156081639
2017-02-25,6.521557509521386,0.006521557509521386,1695604.9524755604,1694982.440151233,622.5123243273702
2017-02-26,5.880862695362626,0.005880862695362626,1529024.3007942827,1528462.9457038469,561.3550904358272
2017-02-27,5.90272803699695,0.00590272803699695,1534709.289619207,1534145.8473824686,563.4422367382795
2017-02-28,5.401545808504954,0.005401545808504954,1404401.910211288,1403886.3080976359,515.602113652043
2017-03-01,7.343892807510855,0.007343892807510855,1909412.1299528223,1908711.1219843212,701.0079685011879
2017-03-02,5.579406960147136,0.005579406960147136,1450645.8096382553,1450113.2298687664,532.5797694888897
2017-03-03,5.870421653945746,0.005870421653945746,1526309.6300258941,1525749.2715803473,560.3584455468226
2017-03-04,2.8714325488229564,0.0028714325488229564,746572.4626939687,746298.3713979083,274.09129606036004
2017-03-05,3.550974097582005,0.003550974097582005,923253.2653713214,922914.308743877,338.95662744436413
2017-03-06,6.673769999045232,0.006673769999045232,1735180.1997517603,1734543.1580530456,637.0416987147182
2017-03-07,5.447725423383402,0.005447725423383403,1416408.6100796848,1415888.5999117678,520.0101679170039
2017-03-08,5.892145913487336,0.005892145913487336,1531957.9375067074,1531395.5053817856,562.4321249218192
2017-03-09,4.615680793390491,0.004615680793390491,1200077.0062815277,1199636.4185576823,440.58772384538315
2017-03-10,4.201044715872113,0.0042010447158721135,1092271.6261267494,1091870.617302268,401.008824481396
2017-03-11,5.366598907842388,0.005366598907842387,1395315.7160390208,1394803.4497659756,512.2662730452139
2017-03-12,5.029413040263265,0.005029413040263265,1307647.3904684489,1307167.3101199854,480.0803484634962
2017-03-13,3.7343813517057782,0.0037343813517057784,970939.1514435024,970582.6877595157,356.4636839866871
2017-03-14,7.749660200366809,0.007749660200366809,2014911.6520953705,2014171.911783791,739.740311579546
2017-03-15,5.361336891619846,0.005361336891619846,1393947.59182116,1393435.8278314946,511.7639896653127
2017-03-16,6.935858540785224,0.006935858540785224,1803323.2206041582,1802661.1613621558,662.0592420024332
2017-03-17,6.490154583463096,0.006490154583463096,1687440.191700405,1686820.6769281905,619.5147722144611
2017-03-18,5.837485676622357,0.005837485676622357,1517746.2759218127,1517189.0613650943,557.214556718478
2017-03-19,7.198197988760948,0.007198197988760948,1871531.4770778464,1870844.3763424149,687.100735431537
2017-03-20,8.248497941083109,0.00824849794108311,2144609.4646816086,2143822.1080389638,787.3566426448524
2017-03-21,8.35077697560068,0.00835077697560068,2171202.013656177,2170404.8940145224,797.1196416546591
2017-03-22,6.476064201989014,0.006476064201989014,1683776.6925171437,1683158.522735924,618.1697812196799
2017-03-23,7.7899255012077795,0.00778992550120778,2025380.6303140228,2024637.0464963515,743.5838176712859
2017-03-24,8.770623031799095,0.008770623031799095,2280361.9882677644,2279524.7924105856,837.1958571788855
2017-03-25,8.273398424976577,0.008273398424976576,2151083.5904939095,2150293.8569868295,789.7335070800036
2017-03-26,7.8759059875788875,0.007875905987578887,2047735.5567705107,2046983.765724376,751.7910461346619
2017-03-27,7.960354971770383,0.007960354971770382,2069692.2926602995,2068932.4405745496,759.8520857498515
2017-03-28,5.177862417608472,0.005177862417608472,1346244.2285782027,1345749.9780615238,494.2505166789051
2017-03-29,8.983861842897532,0.008983861842897532,2335804.0791533585,2334946.5286818505,857.5504715079442
2017-03-30,8.215983899935305,0.008215983899935305,2136155.813983179,2135371.5609536357,784.2530295434408
2017-03-31,9.546480044979033,0.009546480044979032,2482084.8116945485,2481173.5567568643,911.2549376841635
2017-04-01,8.030593880928945,0.008030593880928945,2087954.4090415258,2087187.8523324502,766.5567090755794
2017-04-02,6.839604661362108,0.0068396046613621074,1778297.211954148,1777644.340582699,652.8713714489713
2017-04-03,8.88408854244279,0.00888408854244279,2309863.0210351255,2309014.9943789146,848.0266562108882
2017-04-04,9.181577644685637,0.009181577644685638,2387210.187618266,2386333.7642742656,876.4233440002427
2017-04-05,8.514408077171131,0.008514408077171132,2213746.100064494,2212933.3610900003,812.7389744939283
2017-04-06,8.01577145202646,0.00801577145202646,2084100.5775268795,2083335.435686055,765.1418408243917
2017-04-07,8.78655452563279,0.00878655452563279,2284504.176664525,2283665.4600738036,838.7165907216258
2017-04-08,9.124107225067517,0.009124107225067518,2372267.8785175546,2371396.9409864824,870.9375310721807
2017-04-09,7.372556061315469,0.007372556061315469,1916864.575942022,1916160.8319355845,703.7440064374823
2017-04-10,6.357535507973843,0.006357535507973843,1652959.2320731992,1652352.3763948916,606.855678307591
2017-04-11,5.818951232681944,0.005818951232681944,1512927.3204973056,1512371.8751375559,555.4453597497195
2017-04-12,5.6739566962486725,0.005673956696248672,1475228.7410246548,1474687.136052843,541.6049718118738
2017-04-13,6.500663737006937,0.006500663737006937,1690172.5716218036,1689552.0537030876,620.517918715952
2017-04-14,6.40720449016863,0.00640720449016863,1665873.1674438438,1665261.5706352913,611.5968085525092
2017-04-15,6.820299987994634,0.006820299987994634,1773277.9968786049,1772626.9682260265,651.0286525783595
2017-04-16,5.651277443114595,0.005651277443114595,1469332.1352097946,1468792.6950758395,539.4401339550968
2017-04-17,7.691975079808533,0.007691975079808533,1999913.5207502185,1999179.2867457482,734.2340044702869
2017-04-18,8.167466958195462,0.008167466958195462,2123541.40913082,2122761.7872640206,779.6218667994253
2017-04-19,9.425153829137438,0.009425153829137438,2450539.995575734,2449640.3217771435,899.6737985904329
2017-04-20,9.582550392901387,0.009582550392901387,2491463.1021543606,2490548.404137919,914.6980164414272
2017-04-21,9.084594401493215,0.009084594401493215,2361994.544388236,2361127.3785358784,867.1658523576334
2017-04-22,6.224384873671936,0.006224384873671936,1618340.0671547034,1617745.9213100092,594.145844694227
2017-04-23,8.02038574894483,0.008020385748944831,2085300.294725656,2084534.712429205,765.582296451088
2017-04-24,8.612730105690009,0.00861273010569001,2239309.8274794025,2238487.703220118,822.1242592846975
2017-04-25,8.926241843532878,0.008926241843532879,2320822.8793185484,2319970.8289380353,852.050380513072
2017-04-26,10.439304775880009,0.01043930477588001,2714219.2417288027,2713222.762609987,996.4791188156232
2017-04-27,9.873777701596017,0.009873777701596018,2567182.202414965,2566239.705427407,942.49698755797
2017-04-28,8.56422773275625,0.008564227732756249,2226699.2105166246,2225881.7160294256,817.494487199001
2017-04-29,8.464474286794253,0.008464474286794253,2200763.3145665056,2199955.3419994023,807.9725671033375
2017-04-30,9.635988492626787,0.009635988492626786,2505357.0080829645,2504437.2091568676,919.7989260968752
2017-05-01,9.83183673621201,0.00983183673621201,2556277.5514151226,2555339.0578834577,938.4935316648334
2017-05-02,10.075398084348896,0.010075398084348895,2619603.5019307127,2618641.7593606515,961.7425700612366
2017-05-03,9.991747979516326,0.009991747979516326,2597854.474674245,2596900.7168871304,953.7577871144749
2017-05-04,9.418855308400078,0.009418855308400078,2448902.3801840204,2448003.30760788,899.0725761405192
2017-05-05,8.736207439389336,0.008736207439389337,2271413.9342412273,2270580.0235088663,833.9107323610224
2017-05-06,10.252732551651935,0.010252732551651935,2665710.463429503,2664731.7934780205,978.669951482676
2017-05-07,9.77963355237866,0.009779633552378661,2542704.723618452,2541771.2131181043,933.5105003477074
2017-05-08,5.977158967995022,0.0059771589679950225,1554061.3316787058,1553490.7846710917,570.5470076140482
2017-05-09,7.8277342347392995,0.0078277342347393,2035210.901032218,2034463.708198977,747.1928332410753
2017-05-10,8.681255879508113,0.008681255879508113,2257126.5286721094,2256297.8633160586,828.6653560507111
2017-05-11,8.67618768828884,0.00867618768828884,2255808.7989550983,2254980.6173809497,828.1815741485916
2017-05-12,9.468824164584852,0.009468824164584852,2461894.2827920616,2460990.44046134,903.8423307216726
2017-05-13,9.540198011325458,0.009540198011325458,2480451.482944619,2479540.8276556176,910.6552890012972
2017-05-14,9.992465182396293,0.009992465182396293,2598040.947423036,2597087.121175645,953.826247391291
2017-05-15,7.701629031911052,0.007701629031911052,2002423.5482968735,2001688.392778769,735.1555181045551
2017-05-16,8.461520236435344,0.008461520236435344,2199995.2614731896,2199187.570883628,807.6905895615928
2017-05-17,10.22379269023309,0.01022379269023309,2658186.099460603,2657210.1919505117,975.9075100915506
2017-05-18,9.477646065803803,0.009477646065803803,2464187.977108989,2463283.2926876736,904.6844213153236
2017-05-19,8.271573432488003,0.008271573432488003,2150609.092446881,2149819.533143634,789.5593032469042
2017-05-20,4.141991754094898,0.004141991754094898,1076917.8560646735,1076522.4841139668,395.37195070669986
2017-05-21,3.4522502885854087,0.0034522502885854086,897585.0750322063,897255.5420413265,329.53299087972846
2017-05-22,3.838399797506443,0.003838399797506443,997983.9473516751,997617.554633961,366.3927177141886
2017-05-23,4.249409847311527,0.0042494098473115265,1104846.560300997,1104440.9348047553,405.6254962417297
2017-05-24,9.192587725979928,0.009192587725979928,2390072.8087547813,2389195.3344484475,877.4743063338101
2017-05-25,10.318835674379773,0.010318835674379773,2682897.275338741,2681912.295543557,984.9797951839864
2017-05-26,8.340839624472492,0.008340839624472492,2168618.302362848,2167822.1312865536,796.1710762945004
2017-05-27,7.38183512306984,0.0073818351230698406,1919277.1319981585,1918572.5022630754,704.6297350830864
2017-05-28,7.156500487783788,0.007156500487783788,1860690.1268237848,1860007.0063044617,683.1205193230417
2017-05-29,7.8871390416929525,0.007887139041692953,2050656.1508401677,2049903.28754793,752.8632922377437
2017-05-30,4.309854804282605,0.004309854804282604,1120562.249113477,1120150.8538711886,411.39524228847586
2017-05-31,6.077004821235856,0.006077004821235856,1580021.2535213225,1579441.1757729177,580.0777484048158
2017-06-01,6.904341092102425,0.006904341092102425,1795128.6839466305,1794469.633188446,659.0507581843995
2017-06-02,8.40393541788616,0.00840393541788616,2185023.2086504013,2184221.014793666,802.1938567352481
2017-06-03,7.809147347984333,0.007809147347984333,2030378.3104759266,2029632.8918455595,745.4186303671449
2017-06-04,7.9408889944327,0.0079408889944327,2064631.1385525018,2063873.1445828201,757.9939696816728
2017-06-05,9.391729780489761,0.009391729780489761,2441849.742927338,2440953.2596062035,896.4833211344667
2017-06-06,9.424764157306955,0.009424764157306954,2450438.680899808,2449539.044297166,899.6366026420146
2017-06-07,8.877413360391584,0.008877413360391584,2308127.473701812,2307280.0842220867,847.389479725156
2017-06-08,9.326062400658998,0.009326062400658999,2424776.2241713395,2423886.009100265,890.2150710746646
2017-06-09,9.891253080833085,0.009891253080833084,2571725.8010166017,2570781.6359246173,944.1650919844396
2017-06-10,10.707400190632859,0.010707400190632859,2783924.049564543,2782901.9795190915,1022.0700454516336
2017-06-11,9.22935826351778,0.009229358263517779,2399633.1485146224,2398752.164293248,880.9842213741504
2017-06-12,10.260844958247823,0.010260844958247823,2667819.689144434,2666840.2448268463,979.4443175876513
2017-06-13,9.641226590775506,0.009641226590775506,2506718.9136016318,2505798.614675244,920.2989263879135
2017-06-14,10.26741728940615,0.010267417289406151,2669528.495245599,2668548.4235691116,980.0716764875688
2017-06-15,9.898007655059365,0.009898007655059365,2573481.990315435,2572537.1804686207,944.8098468142562
2017-06-16,10.444375420311296,0.010444375420311297,2715537.6092809374,2714540.6461460493,996.9631348880939
2017-06-17,10.563658866096107,0.010563658866096106,2746551.305184988,2745542.9559026984,1008.3492822893895
2017-06-18,10.248540351195738,0.010248540351195738,2664620.4913108917,2663642.2215240085,978.2697868831456
2017-06-19,7.932358212067369,0.00793235821206737,2062413.135137516,2061655.9554698092,757.1796677068342
2017-06-20,9.261377578852409,0.00926137757885241,2407958.1705016266,2407074.12989098,884.0406106463633
2017-06-21,9.504081762644704,0.009504081762644704,2471061.258287623,2470154.050458815,907.2078288081102
2017-06-22,9.343499419834819,0.00934349941983482,2429309.849157053,2428417.9696431947,891.8795138583519
2017-06-23,10.525317709471064,0.010525317709471065,2736582.604462477,2735577.915017963,1004.6894445139915
2017-06-24,7.368784146888318,0.007368784146888318,1915883.8781909626,1915180.4942309118,703.3839600507636
2017-06-25,9.107150303443865,0.009107150303443865,2367859.078895405,2366989.759979622,869.318915782962
2017-06-26,9.369319687542541,0.009369319687542541,2436023.1187610608,2435128.774585219,894.3441758416593
2017-06-27,9.13308106048248,0.00913308106048248,2374601.0757254446,2373729.281600969,871.7941244756803
2017-06-28,9.35589744396919,0.009355897443969191,2432533.3354319897,2431640.2724703415,893.0629616482183
2017-06-29,10.693728748456458,0.010693728748456458,2780369.474598679,2779348.709554561,1020.7650441182777
2017-06-30,10.99894423433141,0.010998944234331409,2859725.5009261663,2858675.601675801,1049.899250365328
2017-07-01,8.078863140248329,0.008078863140248329,2100504.4164645653,2099733.2522351593,771.1642294060439
2017-07-02,9.778601134123125,0.009778601134123125,2542436.2948720125,2541502.8829206824,933.4119513300247
2017-07-03,10.826854708037535,0.010826854708037535,2814982.224089759,2813948.751567342,1033.4725224170834
2017-07-04,10.685062665234614,0.010685062665234614,2778116.2929609995,2777096.355133938,1019.9378270613961
2017-07-05,9.626429736207722,0.009626429736207722,2502871.731414008,2501952.8449146845,918.8864993234165
2017-07-06,9.421653804550258,0.009421653804550258,2449629.9891830673,2448730.6494777417,899.3397053256631
2017-07-07,9.243207469226753,0.009243207469226753,2403233.941998956,2402351.6358079105,882.3061910453252
2017-07-08,9.75814683418149,0.00975814683418149,2537118.1768871876,2536186.717391813,931.4594953744672
2017-07-09,10.354104099025307,0.010354104099025306,2692067.06574658,2691078.7194198626,988.3463267171755
2017-07-10,10.784544114237978,0.010784544114237977,2803981.469701874,2802952.0359180635,1029.4337838105857
2017-07-11,10.689088437726209,0.010689088437726209,2779162.9938088143,2778142.671703459,1020.3221053550951
2017-07-12,10.352596249020904,0.010352596249020903,2691675.024745435,2690686.8223498585,988.202395576518
2017-07-13,6.0377383223132535,0.006037738322313253,1569811.963801446,1569235.6342189473,576.3295824986417
2017-07-14,7.235341500825772,0.007235341500825772,1881188.7902147006,1880498.1439621137,690.646252586972
2017-07-15,8.408443685587072,0.008408443685587071,2186195.3582526385,2185392.734061247,802.6241913912818
2017-07-16,8.23206051335193,0.00823206051335193,2140335.7334715016,2139549.945856091,785.7876154105179
2017-07-17,7.158122389112055,0.007158122389112055,1861111.8211691345,1860428.5458319532,683.2753371812869
2017-07-18,7.951138497976919,0.007951138497976918,2067296.0094739988,2066537.0371425892,758.9723314095754
2017-07-19,8.582075173947162,0.008582075173947162,2231339.545226262,2230520.347119631,819.198106631171
2017-07-20,9.991669845322999,0.009991669845322999,2597834.15978398,2596880.4094551294,953.7503288504668
2017-07-21,9.924738637612904,0.009924738637612904,2580432.045779355,2579484.6843386837,947.3614406711422
2017-07-22,9.697767991353718,0.009697767991353717,2521419.6777519663,2520493.981691743,925.6960602235049
2017-07-23,9.197077152588866,0.009197077152588867,2391240.0596731054,2390362.156830584,877.9028425212018
2017-07-24,8.877138255145729,0.008877138255145729,2308055.9463378894,2307208.583118211,847.363219678402
2017-07-25,9.930642818800287,0.009930642818800286,2581967.1328880745,2581019.207866457,947.9250216176733
2017-07-26,10.358381492327448,0.010358381492327448,2693179.1880051363,2692190.433381775,988.7546233613975
2017-07-27,10.123830742113006,0.010123830742113005,2632195.9929493815,2631229.6272618645,966.3656875169836
2017-07-28,9.708416569112673,0.009708416569112673,2524188.307969295,2523261.5954538947,926.712515400257
2017-07-29,9.70783272099969,0.00970783272099969,2524036.5074599194,2523109.8506754767,926.6567844427191
2017-07-30,9.842219758985554,0.009842219758985554,2558977.137336244,2558037.6526978333,939.4846384106204
2017-07-31,8.95754792307098,0.008957547923070979,2328962.4599984544,2328107.4213102693,855.0386881851591
2017-08-01,7.243239301146322,0.007243239301146322,1883242.2182980436,1882550.818164497,691.4001335466746
2017-08-02,6.236091062484286,0.006236091062484286,1621383.6762459143,1620788.412992258,595.263253656216
2017-08-03,9.022752004801614,0.009022752004801614,2345915.52124842,2345054.2585340855,861.2627143342979
2017-08-04,8.307948547372924,0.008307948547372924,2160066.6223169602,2159273.5908435634,793.0314733968116
2017-08-05,8.3882603339709,0.0083882603339709,2180947.686832434,2180146.9892337485,800.6975986855105
2017-08-06,6.851099973497035,0.006851099973497035,1781285.993109229,1780632.0244579562,653.9686512728222
2017-08-07,4.83391090573296,0.00483391090573296,1256816.8354905697,1256355.4167099907,461.41878057899885
2017-08-08,7.2195830519182485,0.007219583051918248,1877091.5934987445,1876402.4514617752,689.1420369693078
2017-08-09,8.98088053470845,0.008980880534708451,2335028.9390241974,2334171.673132115,857.2658920823596
2017-08-10,9.715104280040073,0.009715104280040073,2525927.112810419,2524999.761922595,927.3508878238499
2017-08-11,10.18216525604637,0.01018216525604637,2647362.966572056,2646391.032589879,971.9339821771719
2017-08-12,10.051971194666132,0.010051971194666132,2613512.510613194,2612553.0042462987,959.5063668955117
2017-08-13,9.339386744813822,0.009339386744813822,2428240.5536515936,2427349.0667112703,891.4869403233752
2017-08-14,9.361754038772565,0.009361754038772565,2434056.050080867,2433162.428080609,893.6220002579503
2017-08-15,6.642986021307563,0.006642986021307563,1727176.3655399664,1726542.2623119322,634.1032280342188
2017-08-16,8.081837026520542,0.008081837026520542,2101277.626895341,2100506.178794965,771.4481003759429
2017-08-17,8.852360931254875,0.008852360931254875,2301613.8421262675,2300768.8440148416,844.998111425899
2017-08-18,9.15546503019968,0.009155465030199681,2380420.907851917,2379546.97707573,873.9307761872187
2017-08-19,9.752867750401156,0.009752867750401156,2535745.6151043004,2534814.6595214824,930.9555828180164
2017-08-20,9.941197929869903,0.009941197929869902,2584711.4617661745,2583762.5292112003,948.9325549742207
2017-08-21,9.324404415291305,0.009324404415291304,2424345.147975739,2423455.0911669084,890.0568088307045
2017-08-22,9.286721611492249,0.009286721611492249,2414547.6189879845,2413661.159174158,886.4598138267174
2017-08-23,6.598091911934159,0.006598091911934159,1715503.8971028812,1714874.0792217653,629.817881115945
2017-08-24,7.8303646157617885,0.007830364615761788,2035894.8000980648,2035147.3561829922,747.4439150725957
2017-08-25,7.9224538988684134,0.007922453898868413,2059838.0137057875,2059081.7794498203,756.2342559671961
2017-08-26,7.326932503437212,0.0073269325034372125,1905002.4508936752,1904303.0618633332,699.3890303419903
2017-08-27,7.893657178885476,0.007893657178885476,2052350.8665102238,2051597.3810321465,753.4854780773167
2017-08-28,9.23381235009418,0.00923381235009418,2400791.211024487,2399909.801640292,881.4093841947615
2017-08-29,9.441914832892904,0.009441914832892903,2454897.8565521548,2453996.5828395267,901.2737126280554
2017-08-30,9.0232156621608,0.0090232156621608,2346036.0721618077,2345174.7651892696,861.306972538121
2017-08-31,8.702510313728641,0.008702510313728642,2262652.681569447,2261821.9873809847,830.6941884621046
2017-09-01,8.551593014344228,0.008551593014344227,2223414.183729499,2222597.8952836352,816.2884458638728
2017-09-02,7.644748013699025,0.007644748013699025,1987634.4835617465,1986904.7575955251,729.7259662214201
2017-09-03,8.353099861043358,0.008353099861043357,2171805.9638712727,2171008.6224996382,797.3413716345094
2017-09-04,8.744404935123198,0.008744404935123198,2273545.2831320316,2272710.5899114204,834.693220611196
2017-09-05,8.219493336827933,0.008219493336827933,2137068.2675752626,2136283.6795540066,784.5880212560296
2017-09-06,7.469472695613223,0.007469472695613223,1942062.9008594379,1941349.9057194798,712.9951399581041
2017-09-07,8.097936580465966,0.008097936580465965,2105463.510921151,2104690.52604513,772.9848760208115
2017-09-08,8.205481048725526,0.008205481048725526,2133425.0726686367,2132641.822184008,783.2504846286029
2017-09-09,7.644955907440172,0.007644955907440173,1987688.535934445,1986958.7901238205,729.7458106244449
2017-09-10,7.891958611462276,0.007891958611462276,2051909.2389801918,2051155.9156381001,753.3233420916367
2017-09-11,7.6849595442523215,0.007684959544252322,1998089.4815056038,1997355.917165909,733.5643396947999
2017-09-12,7.753322075356738,0.007753322075356737,2015863.7395927517,2015123.6497385502,740.0898542015348
2017-09-13,7.554663337161687,0.007554663337161687,1964212.4676620387,1963491.340687898,721.1269741407596
2017-09-14,9.097347311336291,0.00909734731133629,2365310.3009474357,2364441.917771833,868.3831756026484
2017-09-15,8.267234897846137,0.008267234897846138,2149481.0734399958,2148691.928269612,789.145170383621
2017-09-16,8.737761107587927,0.008737761107587927,2271817.887972861,2270983.8289358043,834.0590370567515
2017-09-17,8.434471973809705,0.008434471973809705,2192962.7131905234,2192157.6044806447,805.1087098787539
2017-09-18,8.061232000173897,0.008061232000173897,2095920.3200452132,2095150.8387883136,769.4812568996567
2017-09-19,6.804466480970557,0.006804466480970557,1769161.285052345,1768511.7677800227,649.5172723222058
2017-09-20,7.494660123480042,0.0074946601234800415,1948611.6321048108,1947896.2327103105,715.3993945003022
2017-09-21,7.538170083049971,0.007538170083049972,1959924.2215929925,1959204.668974968,719.5526180246379
2017-09-22,7.395847410622069,0.007395847410622069,1922920.326761738,1922214.35949008,705.9672716578934
2017-09-23,7.924849772280581,0.007924849772280581,2060460.940792951,2059704.4778399703,756.4629529807717
2017-09-24,4.789121889607592,0.004789121889607592,1245171.691297974,1244714.5478326846,457.1434652893804
2017-09-25,4.104969184223205,0.004104969184223205,1067291.9878980333,1066900.1499199995,391.8379780338146
2017-09-26,5.173979254705017,0.005173979254705017,1345234.6062233045,1344740.7263721854,493.8798511191271
2017-09-27,4.601773373603729,0.004601773373603729,1196461.0771369694,1196021.8169395938,439.2601973756682
2017-09-28,3.6261919350481167,0.0036261919350481166,942809.9031125103,942463.7666003891,346.13651212118566
2017-09-29,3.639363982260346,0.003639363982260346,946234.6353876899,945887.2415437559,347.39384393405635
2017-09-30,3.265390204107817,0.003265390204107817,849001.4530680324,848689.7567220557,311.6963459766703
2017-10-01,6.3548487610684985,0.006354848761068499,1652260.6778778096,1651654.0786617135,606.5992160961032
2017-10-02,6.83065167431919,0.00683065167431919,1775969.4353229895,1775317.418554872,652.0167681174353
2017-10-03,6.844212042671281,0.006844212042671281,1779495.131094533,1778841.8199275837,653.3111669493373
2017-10-04,5.486938500323008,0.005486938500323008,1426604.010083982,1426080.25684953,523.7532344521023
2017-10-05,6.582297797284234,0.006582297797284233,1711397.4272939006,1710769.1170328595,628.3102610411588
2017-10-06,7.316833001539927,0.007316833001539927,1902376.580400381,1901678.1554134276,698.4249869533814
2017-10-07,5.140941771817614,0.005140941771817614,1336644.8606725796,1336154.1343994564,490.7262731231749
2017-10-08,6.784545805821445,0.006784545805821445,1763981.9095135755,1763334.2937602955,647.6157532799989
2017-10-09,6.920270043573985,0.006920270043573985,1799270.211329236,1798609.6400801886,660.5712490472943
2017-10-10,4.408308930837286,0.004408308930837286,1146160.3220176944,1145739.528881257,420.7931364374235
2017-10-11,5.117986111395304,0.005117986111395304,1330676.3889627792,1330187.8539118457,488.5350509334821
2017-10-12,6.774008320854878,0.006774008320854878,1761242.1634222683,1760595.553519853,646.6099024154246
2017-10-13,7.2262101310155815,0.0072262101310155815,1878814.634064051,1878124.859442242,689.7746218091343
2017-10-14,6.156611448779364,0.006156611448779364,1600718.9766826346,1600131.3001195798,587.6765630547889
2017-10-15,5.098175297512921,0.005098175297512921,1325525.5773533597,1325038.9333347108,486.6440186488908
2017-10-16,6.208280910582552,0.006208280910582552,1614153.0367514635,1613560.428103287,592.6086481765378
2017-10-17,6.297529156290371,0.006297529156290371,1637357.5806354964,1636756.452836366,601.1277991305105
2017-10-18,6.076675357350937,0.006076675357350937,1579935.5929112437,1579355.546611665,580.046299578622
2017-10-19,5.903903055855668,0.0059039030558556685,1535014.7945224738,1534451.2401248415,563.5543976323679
2017-10-20,4.778294644527547,0.0047782946445275466,1242356.607577162,1241900.497621658,456.10995550407097
2017-10-21,5.327143606537803,0.005327143606537803,1385057.3376998287,1384548.8376147356,508.500085093081
2017-10-22,6.458096830271436,0.006458096830271436,1679105.1758705734,1678488.7211566996,616.454713873798
2017-10-23,5.861851097910948,0.005861851097910948,1524081.2854568465,1523521.7451098522,559.5403469942976
2017-10-24,5.04152127073503,0.00504152127073503,1310795.5303911078,1310314.2942569775,481.2361341302749
2017-10-25,5.747771245476895,0.005747771245476895,1494420.5238239928,1493871.8729177485,548.6509062442929
2017-10-26,5.802412068819396,0.005802412068819396,1508627.137893043,1508073.2712717042,553.8666213387623
2017-10-27,5.359821837171583,0.005359821837171583,1393553.6776646115,1393042.0582937838,511.6193708276842
2017-10-28,4.891123256660045,0.004891123256660045,1271692.0467316115,1271225.1667719348,466.87995967664756
2017-10-29,5.309260781077478,0.005309260781077478,1380407.8030801443,1379901.0099920726,506.79308807174675
2017-10-30,5.4089467186921025,0.005408946718692103,1406326.1468599467,1405809.838295758,516.3085641886573
2017-10-31,3.4957056629724845,0.0034957056629724846,908883.472372846,908549.791368846,333.68100400001276
2017-11-01,5.454423469812094,0.0054544234698120945,1418150.1021511445,1417629.4526242332,520.649526911322
2017-11-02,5.547649694713683,0.005547649694713683,1442388.9206255577,1441859.3722314865,529.5483940711711
2017-11-03,3.671972579136482,0.003671972579136482,954712.8705754854,954362.3640926756,350.506482809782
2017-11-04,4.915768199112674,0.0049157681991126734,1278099.7317692952,1277630.499337776,469.2324315190781
2017-11-05,2.855783319540618,0.002855783319540618,742503.6630805607,742231.065574608,272.59750595269725
2017-11-06,4.050383301014052,0.004050383301014052,1053099.6582636535,1052713.0307564286,386.6275072249118
2017-11-07,4.050554975915858,0.004050554975915858,1053144.293738123,1052757.649843748,386.64389437506907
2017-11-08,2.9073165408366535,0.0029073165408366533,755902.3006175299,755624.7840312314,277.51658629847225
2017-11-09,3.564270931013012,0.003564270931013012,926710.4420633831,926370.2161927137,340.22587066935375
2017-11-10,3.7160627686432246,0.0037160627686432246,966176.3198472384,965821.6047553179,354.7150919204578
2017-11-11,5.061551659877133,0.005061551659877133,1316003.4315680545,1315520.2834421822,483.1481258722488
2017-11-12,2.9458580421014604,0.0029458580421014603,765923.0909463797,765641.8953984987,281.1955478809541
2017-11-13,2.768526098767591,0.002768526098767591,719816.7856795737,719552.5172721896,264.2684073840501
2017-11-14,4.815580170286288,0.0048155801702862875,1252050.8442744347,1251591.1752459223,459.66902851243503
2017-11-15,4.874107303199554,0.004874107303199554,1267267.898831884,1266802.6431223536,465.25570953032
2017-11-16,4.75440510042338,0.00475440510042338,1236145.326110079,1235691.4965202091,453.82958986982703
2017-11-17,4.120742989149472,0.004120742989149472,1071393.1771788627,1070999.8335194094,393.34365945332684
2017-11-18,5.60340031236634,0.00560340031236634,1456884.0812152484,1456349.2111711686,534.870044079842
2017-11-19,4.24367176192769,0.004243671761927689,1103354.6581011992,1102949.580331304,405.0777698950842
2017-11-20,4.65738951778095,0.00465738951778095,1210921.2746230469,1210476.7056117672,444.56901127961464
2017-11-21,5.585635361963264,0.0055856353619632634,1452265.1941104485,1451732.0198116796,533.1742987688631
2017-11-22,4.650222849309016,0.004650222849309016,1209057.9408203443,1208614.0559001642,443.88492018007673
2017-11-23,4.22763291744674,0.0042276329174467395,1099184.5585361524,1098781.0117469076,403.54678924474865
2017-11-24,4.608025999814783,0.004608025999814782,1198086.7599518434,1197646.9029128589,439.85703898454085
2017-11-25,5.57386213377589,0.00557386213377589,1449204.1547817315,1448672.1042911378,532.0504905937705
2017-11-26,4.499231192434534,0.004499231192434534,1169800.1100329787,1169370.6379531573,429.4720798213966
2017-11-27,5.267768062276666,0.0052677680622766655,1369619.696191933,1369116.8637725797,502.83241935330443
2017-11-28,3.5840892762798564,0.0035840892762798566,931863.2118327627,931521.0942109039,342.1176218588371
2017-11-29,4.605077637318374,0.004605077637318373,1197320.185702777,1196880.610098402,439.57560437498614
2017-11-30,4.210351353677707,0.004210351353677707,1094691.3519562038,1094289.4547708174,401.89718538639136
2017-12-01,4.992770578072556,0.0049927705780725565,1298120.3502988648,1297643.7676400673,476.5826587975025
2017-12-02,4.280377918231005,0.004280377918231004,1112898.2587400612,1112489.6772006073,408.5815394539386
2017-12-03,3.7216584101201997,0.0037216584101201996,967631.1866312519,967275.9374099036,355.24922134832013
2017-12-04,3.5428060601867184,0.0035428060601867184,921129.5756485468,920791.39869742,338.17695112677757
2017-12-05,3.0860243944451073,0.0030860243944451074,802366.3425557279,802071.7674920392,294.57506368868053
2017-12-06,2.1414493644076216,0.0021414493644076214,556776.8347459816,556572.4236648373,204.41108114435337
2017-12-07,2.2198423795896347,0.0022198423795896345,577159.018693305,576947.12464233,211.89405097498093
2017-12-08,4.638239273265055,0.004638239273265054,1205942.2110489141,1205499.470015569,442.74103334522806
2017-12-09,4.757832892921925,0.004757832892921926,1237036.5521597008,1236582.3953714476,454.1567882532254
2017-12-10,3.7950866873572706,0.0037950866873572705,986722.5387128904,986360.2804285279,362.25828436249867
2017-12-11,3.6269798967737543,0.0036269798967737544,943014.7731611761,942668.5614345246,346.211726651527
2017-12-12,4.26744159738462,0.0042674415973846195,1109534.815320001,1109127.4686112064,407.3467087945901
2017-12-13,2.910503464255675,0.002910503464255675,756730.9007064756,756453.0799138427,277.82079263287596
2017-12-14,3.339300278557926,0.003339300278557926,868218.0724250608,867899.3210263348,318.7513987260172
2017-12-15,3.340399346743962,0.003340399346743962,868503.8301534301,868184.9738436472,318.8563097829465
2017-12-16,2.1332248671451435,0.0021332248671451434,554638.4654577373,554434.8394422616,203.6260154757183
2017-12-17,2.0443608751821154,0.0020443608751821154,531533.82754735,531338.6840040606,195.14354328939226
2017-12-18,2.4045912916083974,0.0024045912916083973,625193.7358181833,624964.2066433181,229.52917486522347
2017-12-19,3.256950478275665,0.003256950478275665,846807.1243516728,846496.2336159106,310.8907357621938
2017-12-20,4.675334362290788,0.004675334362290788,1215586.9341956049,1215140.6522673036,446.2819283013232
2017-12-21,4.079737642862539,0.004079737642862539,1060731.7871442602,1060342.3576316023,389.4295126579236
2017-12-22,2.961300099823552,0.0029613000998235522,769938.0259541236,769655.3563916027,282.66956252092496
2017-12-23,3.9127205806422953,0.003912720580642295,1017307.3509669967,1016933.8639925213,373.48697447543964
2017-12-24,4.4672496308098815,0.004467249630809881,1161484.9040105692,1161058.484716257,426.41929431213066
2017-12-25,4.218396151049995,0.004218396151049995,1096782.9992729987,1096380.3341751152,402.66509788343683
2017-12-26,2.431835469405633,0.002431835469405633,632277.2220454646,632045.0922899221,232.12975554249715
2017-12-27,2.4419409075943683,0.0024419409075943682,634904.6359745357,634671.5416089586,233.09436557709705
2017-12-28,1.913377373421313,0.0019133773734213131,497478.1170895414,497295.47651720804,182.64057233335916
2017-12-29,1.881567449533099,0.001881567449533099,489207.5368786057,489027.93270817905,179.60417042666813
2017-12-30,3.5164394186810317,0.003516439418681032,914274.2488570682,913938.5887217887,335.660135279526
2017-12-31,2.0153279580389527,0.0020153279580389528,523985.2690901277,523792.89687082137,192.3722193063586
2018-01-01,2.15230695088061,0.00215230695088061,559599.8072289586,559394.359741805,205.44748715357855
2018-01-02,1.701249806330208,0.0017012498063302078,442324.94964585407,442162.55761455576,162.39203129831003
2018-01-03,4.0315282841645566,0.004031528284164557,1048197.3538827847,1047812.5261726707,384.8277101140702
2018-01-04,3.4934915927245305,0.0034934915927245305,908307.8141083779,907974.3444474526,333.46966092532966
2018-01-05,4.012783435877719,0.004012783435877718,1043323.6933282068,1042940.6548991132,383.03842909354717
2018-01-06,3.661585991713922,0.003661585991713922,952012.3578456198,951662.8428098176,349.5150358021492
2018-01-07,3.290485442584836,0.003290485442584836,855526.2150720573,855212.1232714348,314.0918006225256
2018-01-08,4.456742356454656,0.004456742356454656,1158753.0126782106,1158327.5963510228,425.41632718779147
2018-01-09,4.557200480129618,0.0045572004801296175,1184872.1248337005,1184437.1193217244,435.00551197608
2018-01-10,4.650687769466951,0.004650687769466951,1209178.8200614073,1208734.8907624837,443.9292989235837
2018-01-11,5.293718157856774,0.005293718157856774,1376366.721042761,1375861.4115687637,505.30947399744764
2018-01-12,4.212701584790624,0.004212701584790624,1095302.4120455622,1094900.2905199272,402.1215256350115
2018-01-13,4.2335932708981385,0.004233593270898139,1100734.2504335162,1100330.1347014268,404.1157320893835
2018-01-14,4.490979182322109,0.004490979182322109,1167654.5874037482,1167225.9030158222,428.6843879260123
2018-01-15,4.673103434612642,0.004673103434612642,1215006.892999287,1214560.8240231788,446.0689761082176
2018-01-16,2.436686137811968,0.002436686137811968,633538.3958311117,633305.803057209,232.59277390269563
2018-01-17,2.3089721084286943,0.0023089721084286943,600332.7481914605,600112.3463025058,220.401888954686
2018-01-18,3.5637944401957276,0.0035637944401957274,926586.5544508891,926246.3740634354,340.18038745375816
2018-01-19,4.1988811097066,0.0041988811097066,1091709.0885237162,1091308.2862252835,400.8022984326817
2018-01-20,3.3538158320165006,0.0033538158320165004,871992.11632429,871671.9793499698,320.1369743202813
2018-01-21,3.7863143276303703,0.00378631432763037,984441.7251838963,984080.3042611664,361.4209227298852
2018-01-22,5.519081599088965,0.005519081599088965,1434961.215763131,1434434.3943237148,526.8214394161478
2018-01-23,4.628481657997544,0.004628481657997544,1203405.2310793614,1202963.421454771,441.8096245904453
2018-01-24,4.7132682458019435,0.0047132682458019435,1225449.7439085054,1224999.8410184998,449.9028900056146
2018-01-25,3.778989408614195,0.003778989408614195,982537.2462396907,982176.5245137947,360.72172589600086
2018-01-26,2.825020197904855,0.002825020197904855,734505.2514552623,734235.5904291804,269.6610260818852
2018-01-27,3.4447033347287075,0.0034447033347287073,895622.8670294639,895294.0544296533,328.8125998105388
2018-01-28,4.869245298780343,0.004869245298780343,1266003.777682889,1265538.986073793,464.791609096108
2018-01-29,4.957839465684357,0.004957839465684357,1289038.2610779328,1288565.0127526794,473.24832525337115
2018-01-30,5.1871162025600555,0.005187116202560056,1348650.2126656144,1348155.0788330757,495.13383253873326
2018-01-31,5.085730389655285,0.005085730389655285,1322289.901310374,1321804.4452147796,485.4560955944471
2018-02-01,4.964853945227706,0.004964853945227706,1290862.0257592036,1290388.107869976,473.917889227625
2018-02-02,4.0292642691601825,0.004029264269160182,1047608.7099816474,1047224.0983820623,384.6115995851578
2018-02-03,5.1963280220292765,0.005196328022029276,1351045.2857276117,1350549.2725850092,496.0131426025182
2018-02-04,6.2684515450750125,0.0062684515450750124,1629797.4017195033,1629199.0495106084,598.3522088949103
2018-02-05,4.582064229477612,0.004582064229477612,1191336.699664179,1190899.3207942473,437.3788699316792
2018-02-06,2.5369409219435215,0.0025369409219435216,659604.6397053156,659362.4771563088,242.16254900675267
2018-02-07,4.579470658334468,0.004579470658334468,1190662.3711669617,1190225.2398651913,437.1313017704524
2018-02-08,4.5986723350032115,0.004598672335003212,1195654.807100835,1195215.8429116972,438.9641891377978
2018-02-09,3.7828587525981967,0.0037828587525981965,983543.2756755311,983182.1846031541,361.0910723770503
2018-02-10,4.282923299093089,0.004282923299093089,1113560.057764203,1113151.2332565696,408.82450763345696
2018-02-11,4.101214388774906,0.004101214388774906,1066315.7410814755,1065924.261515744,391.4795657314826
2018-02-12,5.0899815308388785,0.005089981530838878,1323395.1980181085,1322909.336131754,485.8618863543961
2018-02-13,3.4516486561826794,0.0034516486561826792,897428.6506074966,897099.1750451659,329.4755623306846
2018-02-14,4.684993760588085,0.004684993760588086,1218098.3777529022,1217651.1737911026,447.2039617996197
2018-02-15,3.507402499740734,0.003507402499740734,911924.6499325909,911589.8524123242,334.7975202667294
2018-02-16,3.4566136743268543,0.003456613674326854,898719.555324982,898389.6058290886,329.9494958934374
2018-02-17,5.433730831220794,0.005433730831220794,1412770.0161174063,1412251.3417969586,518.6743204477243
2018-02-18,3.5814685322035698,0.00358146853220357,931181.8183729282,930839.9509130105,341.86745991767384
2018-02-19,4.9300871134568816,0.004930087113456882,1281822.649498789,1281352.0502617736,470.59923701547086
2018-02-20,4.992583073746857,0.004992583073746858,1298071.599174183,1297595.0344135263,476.56476065679453
2018-02-21,4.124629392242907,0.004124629392242907,1072403.6419831559,1072009.927348852,393.7146343039349
2018-02-22,3.8085008823767432,0.003808500882376743,990210.2294179532,989846.6906876684,363.5387302847812
2018-02-23,3.3481377268939507,0.0033481377268939506,870515.8089924272,870196.2140190648,319.5949733624002
2018-02-24,4.686554177951965,0.0046865541779519656,1218504.0862675111,1218056.7333567773,447.35291073378175
2018-02-25,6.623366907535503,0.006623366907535503,1722075.3959592308,1721443.165464834,632.2304943967611
2018-02-26,6.288522232902148,0.006288522232902148,1635015.7805545584,1634415.5125072289,600.268047329504
2018-02-27,4.155656716918169,0.004155656716918169,1080470.746398724,1080074.0700651675,396.6763335564174
2018-02-28,3.2027755673761145,0.0032027755673761146,832721.6475177897,832415.9280236604,305.71949412929825
2018-03-01,6.7084277117739255,0.006708427711773926,1744191.2050612208,1743550.8551262028,640.3499350179918
2018-03-02,6.448435550053384,0.006448435550053384,1676593.2430138797,1675977.7105131424,615.5325007373467
2018-03-03,5.804920743681953,0.0058049207436819536,1509279.3933573079,1508725.2872715439,554.1060857640114
2018-03-04,6.786318254168177,0.0067863182541681765,1764442.746083726,1763794.9611421903,647.7849415356759
2018-03-05,6.661886768645306,0.006661886768645306,1732090.5598477796,1731454.6524574514,635.9073903281242
2018-03-06,6.177663861605141,0.006177663861605141,1606192.6040173369,1605602.9179057316,589.6861116052605
2018-03-07,7.126318100793016,0.007126318100793016,1852842.706206184,1852162.4667329688,680.2394732153043
2018-03-08,5.889440996275228,0.005889440996275228,1531254.6590315592,1530692.4851032873,562.1739282719791
2018-03-09,5.709496896293462,0.005709496896293462,1484469.1930363001,1483924.195590757,544.9974455430638
2018-03-10,7.70354759772308,0.00770354759772308,2002922.3754080008,2002187.0367540638,735.3386539369822
2018-03-11,4.550476007443241,0.004550476007443242,1183123.761935243,1182689.3983047677,434.36363047524355
2018-03-12,4.878050325979144,0.004878050325979144,1268293.0847545774,1267827.4526655897,465.6320889876224
2018-03-13,5.979781386037884,0.005979781386037884,1554743.1603698498,1554172.3630405068,570.7973293429241
2018-03-14,4.311796151739248,0.004311796151739248,1121066.9994522044,1120655.418899472,411.58055273233913
2018-03-15,5.828853404484304,0.005828853404484305,1515501.8851659193,1514945.4945988362,556.3905670831446
2018-03-16,7.148620991246119,0.0071486209912461195,1858641.457723991,1857959.0893384484,682.3683855426498
2018-03-17,7.360359168190977,0.007360359168190976,1913693.383729654,1912990.8039721367,702.5797575172037
2018-03-18,8.118339371723206,0.008118339371723206,2110768.236648034,2109993.3042327957,774.9324152381159
2018-03-19,8.279408217729488,0.008279408217729487,2152646.1366096665,2151855.829440536,790.3071691305377
2018-03-20,7.287012724853775,0.007287012724853775,1894623.3084619816,1893927.7299560604,695.5785059211776
2018-03-21,8.418126190867438,0.008418126190867438,2188712.809625534,2187909.261194978,803.5484305559658
2018-03-22,8.48505041180271,0.008485050411802711,2206113.107068705,2205303.1704168892,809.9366518156603
2018-03-23,6.56728964587846,0.00656728964587846,1707495.3079283994,1706868.4302636671,626.8776647322811
2018-03-24,5.746240750319115,0.005746240750319115,1494022.5950829699,1493474.0902694492,548.5048135207035
2018-03-25,5.8393328352354175,0.005839332835235417,1518226.5371612085,1517669.1462847996,557.3908764088992
2018-03-26,4.685470692867747,0.004685470692867746,1218222.380145614,1217775.1306584592,447.24948715488426
2018-03-27,3.2864473000768277,0.0032864473000768276,854476.2980199752,854162.5916784205,313.7063415546436
2018-03-28,6.948154073830842,0.006948154073830841,1806520.0591960188,1805856.826289467,663.2329065517988
2018-03-29,9.024710526258028,0.009024710526258028,2346424.7368270876,2345563.287162973,861.4496641145088
2018-03-30,8.439987266404072,0.008439987266404072,2194396.689265059,2193591.0540954187,805.6351696401834
2018-03-31,8.773225267250332,0.008773225267250332,2281038.5694850865,2280201.125232699,837.4442523876205
2018-04-01,6.86429207763606,0.00686429207763606,1784715.9401853755,1784060.7122877648,655.2278976107482
2018-04-02,6.431794289309386,0.006431794289309387,1672266.5152204405,1671652.5712037256,613.9440167148132
2018-04-03,5.7663234801265215,0.005766323480126521,1499244.1048328956,1498693.6830314784,550.4218014171347
2018-04-04,7.601371210486964,0.007601371210486964,1976356.5147266106,1975630.9292735334,725.5854530772194
2018-04-05,8.882882713008305,0.008882882713008305,2309549.5053821593,2308701.593827852,847.9115543072112
2018-04-06,6.882812651386977,0.006882812651386977,1789531.289360614,1788874.2935900073,656.995770606678
2018-04-07,7.436755280914524,0.007436755280914524,1933556.3730377762,1932846.50092385,709.8721139261033
2018-04-08,8.562684594670252,0.008562684594670252,2226297.9946142654,2225480.6474266145,817.3471876508556
2018-04-09,4.7767185576959275,0.004776718557695928,1241946.8250009413,1241490.8654900934,455.95951084792614
2018-04-10,8.375585923223468,0.008375585923223468,2177652.3400381017,2176852.852269565,799.4877685364336
2018-04-11,9.553842786600814,0.009553842786600814,2483999.1245162115,2483087.1667713537,911.957744857762
2018-04-12,9.005395663569379,0.00900539566356938,2341402.8725280385,2340543.2665554113,859.6059726271778
2018-04-13,9.859355836926236,0.009859355836926235,2563432.5176008213,2562491.3972458364,941.120354984887
2018-04-14,8.500320111617043,0.008500320111617042,2210083.229020431,2209271.8348063217,811.3942141095176
2018-04-15,8.630484185381311,0.008630484185381312,2243925.8881991412,2243102.0692322045,823.8189669367857
2018-04-16,9.88856503341038,0.00988856503341038,2571026.908686699,2570083.0001810663,943.9085056325421
2018-04-17,9.389209240148634,0.009389209240148634,2441194.402438645,2440298.1597145493,896.2427240954712
2018-04-18,8.409431495056705,0.008409431495056704,2186452.188714743,2185649.4702324457,802.7184822973795
2018-04-19,6.296019820075699,0.006296019820075699,1636965.1532196817,1636364.1694935574,600.9837261242792
2018-04-20,5.293496412928758,0.005293496412928758,1376309.067361477,1375803.7790540415,505.28830743557774
2018-04-21,9.309103743092905,0.009309103743092904,2420366.973204155,2419478.3769140732,888.5962900817394
2018-04-22,7.293107584546678,0.007293107584546678,1896207.9719821361,1895511.811694138,696.160287998151
2018-04-23,8.935016756118886,0.008935016756118885,2323104.35659091,2322251.468605082,852.8879858278669
2018-04-24,9.37590885626546,0.00937590885626546,2437736.3026290196,2436841.3294870555,894.9731419640593
2018-04-25,4.197419825936646,0.004197419825936646,1091329.154743528,1090928.491931277,400.66281225089915
2018-04-26,8.361574426499528,0.008361574426499528,2174009.3508898774,2173211.2005824274,798.1503074499778
2018-04-27,6.342907230755758,0.006342907230755758,1649155.8799964972,1648550.4206537795,605.4593427176587
2018-04-28,9.425924351895572,0.009425924351895572,2450740.3314928487,2449840.5841443567,899.7473484920338
2018-04-29,7.816626807670517,0.007816626807670517,2032322.9699943345,2031576.8374155238,746.1325788106769
2018-04-30,6.232628490208819,0.006232628490208819,1620483.407454293,1619888.4747189083,594.9327353846747
2018-05-01,9.622568571036389,0.00962256857103639,2501867.8284694613,2500949.3105359143,918.5179335470311
2018-05-02,8.728153016836208,0.008728153016836208,2269319.7843774143,2268486.6424763175,833.1419010967948
2018-05-03,8.07854371248293,0.008078543712482929,2100421.3652455616,2099650.2315069884,771.1337385731749
2018-05-04,5.093839593790221,0.005093839593790221,1324398.2943854574,1323912.0642294476,486.23015600978397
2018-05-05,8.903074546424575,0.008903074546424574,2314799.382070389,2313949.54311375,849.8389566391706
2018-05-06,9.23475550342201,0.00923475550342201,2401036.4308897224,2400154.931477253,881.4994124695659
2018-05-07,9.885425828644294,0.009885425828644294,2570210.715447516,2569267.1065932554,943.6088542607613
2018-05-08,10.275864329234656,0.010275864329234656,2671724.7256010105,2670743.8476161542,980.8779848562554
2018-05-09,10.205790460425087,0.010205790460425086,2653505.5197105226,2652531.3305951403,974.1891153822653
2018-05-10,10.486046959163657,0.010486046959163657,2726372.209382551,2725371.2685097572,1000.9408727935515
2018-05-11,10.559779888743076,0.010559779888743076,2745542.7710732,2744534.7920569405,1007.9790162593126
2018-05-12,9.647734797011587,0.009647734797011587,2508411.0472230124,2507490.12705874,920.9201642726548
2018-05-13,6.2348680021535605,0.0062348680021535605,1621065.6805599257,1620470.5340529406,595.1465069851838
2018-05-14,4.786511916062763,0.004786511916062763,1244493.0981763185,1244036.2038448742,456.8943314442877
2018-05-15,9.645113239394975,0.009645113239394975,2507729.4422426936,2506808.7723180186,920.6699246750213
2018-05-16,9.998110698279007,0.009998110698279007,2599508.781552542,2598554.416414984,954.3651375579648
2018-05-17,10.34887626530784,0.01034887626530784,2690707.8289800384,2689719.9816738255,987.847306212876
2018-05-18,9.92234497487503,0.00992234497487503,2579809.6934675076,2578862.560512831,947.1329546766356
2018-05-19,8.040413964811606,0.008040413964811605,2090507.6308510173,2089740.1367702733,767.4940807439853
2018-05-20,6.051397735003879,0.006051397735003879,1573363.4111010085,1572785.7776654456,577.6334355629515
2018-05-21,9.190235308293836,0.009190235308293836,2389461.1801563976,2388583.930399031,877.2497573667206
2018-05-22,8.785048145008265,0.008785048145008264,2284112.5177021488,2283273.9449023088,838.5727998400107
2018-05-23,9.953339853004879,0.009953339853004879,2587868.3617812684,2586918.2702245098,950.0915567586198
2018-05-24,9.568912636114883,0.009568912636114882,2487917.2853898695,2487003.8891593376,913.3962305318564
2018-05-25,10.095461359110883,0.010095461359110883,2624819.9533688296,2623856.2956679445,963.6577008850873
2018-05-26,10.738153974460076,0.010738153974460075,2791920.03335962,2790895.0277256332,1025.005633986555
2018-05-27,11.165805339390483,0.011165805339390482,2903109.3882415253,2902043.561339798,1065.826901727356
2018-05-28,11.087842128201974,0.011087842128201974,2882838.953332513,2881780.5683738706,1058.384958642535
2018-05-29,10.819084138173144,0.010819084138173144,2812961.8759250175,2811929.1451388346,1032.7307861829177
2018-05-30,10.432261896105032,0.010432261896105032,2712388.0929873083,2711392.286143398,995.8068439103663
2018-05-31,9.484288938005362,0.009484288938005361,2465915.123881394,2465009.8053677157,905.3185136783868
2018-06-01,10.169119015075973,0.010169119015075972,2643970.9439197527,2643000.2552606105,970.6886591422372
2018-06-02,9.711203480175339,0.009711203480175339,2524912.904845588,2523985.9263068517,926.9785387362354
2018-06-03,10.025791639328027,0.010025791639328027,2606705.8262252873,2605748.818816013,957.0074092741124
2018-06-04,10.100558768557253,0.010100558768557253,2626145.279824886,2625181.135553086,964.1442717998289
2018-06-05,10.289181838721047,0.010289181838721047,2675187.2780674724,2674205.1288657677,982.1492017046548
2018-06-06,10.535467261659392,0.010535467261659392,2739221.488031442,2738215.8297660113,1005.6582654304802
2018-06-07,9.986138711536341,0.00998613871153634,2596396.0649994486,2595442.8426424735,953.2223569750786
2018-06-08,9.973733614474488,0.009973733614474489,2593170.739763367,2592218.701529325,952.0382340420038
2018-06-09,9.86001302354501,0.00986001302354501,2563603.386121703,2562662.2030352666,941.1830864362419
2018-06-10,9.532572901202919,0.00953257290120292,2478468.954312759,2477559.026875198,909.9274375610985
2018-06-11,10.427881346603645,0.010427881346603645,2711249.1501169475,2710253.76141641,995.3887005373836
2018-06-12,10.080692038260826,0.010080692038260827,2620979.929947815,2620017.6820457755,962.2479020394385
2018-06-13,10.433929077375232,0.010433929077375233,2712821.5601175604,2711825.5941336155,995.965983944945
2018-06-14,10.990126164868379,0.010990126164868379,2857432.8028657786,2856383.745340248,1049.0575255304575
2018-06-15,10.13248950540018,0.01013248950540018,2634447.2714040466,2633480.079198194,967.1922058523633
2018-06-16,8.892498864815915,0.008892498864815915,2312049.704852138,2311200.8753924067,848.8294597314671
2018-06-17,9.159146379648208,0.009159146379648207,2381378.0587085336,2380503.7765307985,874.2821777351201
2018-06-18,8.473892118657362,0.008473892118657362,2203211.950850914,2202403.079308927,808.8715419871733
2018-06-19,9.565368066802218,0.009565368066802218,2486995.6973685767,2486082.6394833066,913.0578852701001
2018-06-20,9.436068766097272,0.009436068766097271,2453377.8791852905,2452477.163506326,900.7156789647415
2018-06-21,8.94457637888226,0.00894457637888226,2325589.8585093874,2324736.0580140897,853.800495297648
2018-06-22,10.123261000827672,0.010123261000827671,2632047.8602151945,2631081.5489120744,966.3113031201065
2018-06-23,11.449840558731953,0.011449840558731952,2976958.5452703075,2975865.6059151017,1092.9393552057445
2018-06-24,11.141568451757754,0.011141568451757754,2896807.797457016,2895744.2840764425,1063.5133805735968
2018-06-25,10.737037863651297,0.010737037863651298,2791629.8445493374,2790604.9454532037,1024.899096133653
2018-06-26,10.104801094328822,0.010104801094328823,2627248.284525494,2626283.735304405,964.5492210891098
2018-06-27,11.074106708809236,0.011074106708809235,2879267.744290401,2878210.6704400084,1057.0738503928296
2018-06-28,11.114144302581282,0.011114144302581282,2889677.5186711336,2888616.623050324,1060.8956208094023
2018-06-29,10.127335135875807,0.010127335135875807,2633107.13532771,2632140.4351298707,966.7001978391781
2018-06-30,8.855736799664774,0.008855736799664773,2302491.567912841,2301646.247559422,845.3203534190543
2018-07-01,10.167371005586707,0.010167371005586708,2643516.461452544,2642545.939648858,970.5218036863953
2018-07-02,10.434881880181562,0.010434881880181561,2713069.288847206,2712073.2319139,996.0569333061576
2018-07-03,10.739056456529056,0.010739056456529056,2792154.6786975544,2791129.5869175503,1025.0917800040916
2018-07-04,10.565782928879443,0.010565782928879443,2747103.561508655,2746095.009474913,1008.5520337419584
2018-07-05,6.270739096240212,0.006270739096240212,1630392.1650224552,1629793.5944563977,598.5705660574604
2018-07-06,5.931267172438192,0.005931267172438192,1542129.46483393,1541563.2984069176,566.1664270123001
2018-07-07,7.220926647168801,0.007220926647168801,1877440.9282638882,1876751.6579746418,689.2702892464586
2018-07-08,6.0143753066453165,0.0060143753066453165,1563737.5797277824,1563163.4802513842,574.0994763982017
2018-07-09,5.60181546779155,0.00560181546779155,1456472.0216258029,1455937.3028623455,534.7187634573784
2018-07-10,9.701839870206749,0.009701839870206749,2522478.3662537546,2521552.2815141757,926.0847395788878
2018-07-11,9.899789093243115,0.009899789093243115,2573945.16424321,2573000.1843500193,944.9798931907862
2018-07-12,10.203562329518268,0.010203562329518268,2652926.20567475,2651952.229244596,973.9764301539399
2018-07-13,9.974205204793195,0.009974205204793194,2593293.3532462306,2592341.269996748,952.0832494827919
2018-07-14,10.482588680985605,0.010482588680985606,2725473.0570562575,2724472.4462918444,1000.6107644131407
2018-07-15,9.937838147773856,0.009937838147773857,2583837.918421203,2582889.30657271,948.611848492641
2018-07-16,9.696896247398307,0.009696896247398307,2521193.02432356,2520267.4114752617,925.6128482981585
2018-07-17,10.297545767163658,0.010297545767163659,2677361.8994625513,2676378.9518858376,982.9475767137483
2018-07-18,10.067788898237197,0.010067788898237198,2617625.1135416715,2616664.097303031,961.0162386405282
2018-07-19,10.613832449609445,0.010613832449609445,2759596.436898456,2758583.298319431,1013.1385790249333
2018-07-20,10.6444226167291,0.0106444226167291,2767549.880349566,2766533.8217999656,1016.0585496006534
2018-07-21,10.754868544979155,0.010754868544979155,2796265.8216945804,2795239.22057882,1026.6011157603934
2018-07-22,10.236710474972726,0.010236710474972726,2661544.7234929088,2660567.5829215134,977.1405713954009
2018-07-23,10.089774970141585,0.010089774970141584,2623341.492236812,2622378.377327616,963.1149091962725
2018-07-24,9.512096742517928,0.009512096742517928,2473145.1530546616,2472237.1801595725,907.9728950890712
2018-07-25,8.824231441788415,0.008824231441788415,2294300.174864988,2293457.8618412646,842.3130237231962
2018-07-26,9.791837448741406,0.009791837448741406,2545877.7366727656,2544943.0612550066,934.6754177589901
2018-07-27,9.849355377128457,0.009849355377128458,2560832.398053399,2559892.2322877836,940.1657656151801
2018-07-28,9.585563519905095,0.009585563519905095,2492246.515175325,2491331.5295422073,914.9856331176125
2018-07-29,9.945614253941926,0.009945614253941927,2585859.706024901,2584910.3519117087,949.3541131922975
2018-07-30,9.97081655073755,0.009970816550737551,2592412.3031917633,2591460.543404722,951.7597870412283
2018-07-31,5.146737758732375,0.005146737758732375,1338151.8172704175,1337660.537743983,491.2795264343731
2018-08-01,8.99841002255352,0.00899841002255352,2339586.6058639153,2338727.666702494,858.9391614212655
2018-08-02,9.55877717283563,0.009558777172835629,2485282.0649372633,2484369.6361827976,912.4287544656545
2018-08-03,9.932889991950626,0.009932889991950626,2582551.397907163,2581603.2583826478,948.1395245152526
2018-08-04,10.119577601817534,0.010119577601817534,2631090.176472559,2630124.216766627,965.9597059320658
2018-08-05,9.709386529005988,0.009709386529005987,2524440.4975415566,2523513.692439073,926.8051024833694
2018-08-06,9.416408722858552,0.009416408722858552,2448266.2679432235,2447367.4289047997,898.8390384237282
2018-08-07,10.012611051254604,0.010012611051254604,2603278.8733261973,2602323.124064,955.7492621974088
2018-08-08,9.96076246249783,0.00996076246249783,2589798.240249436,2588847.4401708427,950.8000785931945
2018-08-09,7.862304826150552,0.007862304826150553,2044199.2547991439,2043448.7620457255,750.4927534183953
2018-08-10,7.387471603870066,0.0073874716038700656,1920742.6170062171,1920037.449243407,705.1677628101315
2018-08-11,3.055205686838118,0.0030552056868381177,794353.4785779106,794061.8453000265,291.6332778841024
2018-08-12,2.359925883532663,0.002359925883532663,613580.7297184924,613355.4640599663,225.2656585260993
2018-08-13,5.630895758308773,0.005630895758308773,1464032.897160281,1463495.4025508366,537.4946094444022
2018-08-14,7.146398489986968,0.007146398489986968,1858063.6073966115,1857381.451158922,682.1562376895454
2018-08-15,9.010558184760724,0.009010558184760724,2342745.1280377884,2341885.0292790346,860.0987587538548
2018-08-16,9.06132436198371,0.00906132436198371,2355944.3341157646,2355079.3894945104,864.9446212542243
2018-08-17,9.202833773162963,0.009202833773162963,2392736.7810223703,2391858.328684234,878.4523381362669
2018-08-18,9.074763866655577,0.009074763866655577,2359438.60533045,2358572.3778473516,866.2274830983952
2018-08-19,6.4706909533931825,0.006470690953393182,1682379.6478822273,1681761.9910020237,617.6568802036345
2018-08-20,8.599626113914287,0.008599626113914287,2235902.7896177145,2235081.9161940417,820.8734236727469
2018-08-21,9.164084246815753,0.009164084246815753,2382661.904172096,2381787.150652482,874.7535196137615
2018-08-22,9.295658015426936,0.009295658015426936,2416871.0840110034,2415983.7711767782,887.3128342251293
2018-08-23,9.465292151299261,0.009465292151299261,2460975.959337808,2460072.454153818,903.5051839901134
2018-08-24,9.63130418195359,0.00963130418195359,2504139.0873079333,2503219.7355205943,919.3517873389646
2018-08-25,9.65946052454587,0.009659460524545868,2511459.7363819256,2510537.6969436314,922.0394382942468
2018-08-26,9.776931074865113,0.009776931074865113,2542002.0794649296,2541068.8269283515,933.2525365781039
2018-08-27,9.976810141575065,0.009976810141575065,2593970.6368095167,2593018.304906971,952.3319025458768
2018-08-28,9.842269807295935,0.009842269807295936,2558990.1498969435,2558050.660481194,939.4894157494418
2018-08-29,9.55826843735971,0.00955826843735971,2485149.7937135245,2484237.4135201736,912.3801933508366
2018-08-30,9.0657878537993,0.009065787853799299,2357104.8419878175,2356239.471305969,865.370681848377
2018-08-31,9.159124886601667,0.009159124886601666,2381372.4705164335,2380498.1903903075,874.2801261260174
2018-09-01,9.14504380958759,0.00914504380958759,2377711.3904927736,2376838.4544694894,872.9360232842155
2018-09-02,5.119026771569566,0.0051190267715695665,1330946.9606080872,1330458.3262214072,488.63438668008894
2018-09-03,4.641934465792143,0.004641934465792143,1206902.9611059572,1206459.8673496793,443.09375627781264
2018-09-04,5.847286510063422,0.005847286510063422,1520294.4926164898,1519736.3425256452,558.1500908446033
2018-09-05,4.882826287887322,0.0048828262878873215,1269534.8348507036,1269068.746874431,466.0879762726836
2018-09-06,3.110152759445987,0.0031101527594459867,808639.7174559565,808342.8392300927,296.8782258637948
2018-09-07,5.7231057458459915,0.005723105745845992,1488007.493919958,1487461.197447832,546.2964721259195
2018-09-08,3.832467418857578,0.003832467418857578,996441.5289029703,996075.7024577785,365.8264451917494
2018-09-09,5.108191574795468,0.005108191574795468,1328129.8094468217,1327642.2093289522,487.60011786944233
2018-09-10,6.6048910129595235,0.006604891012959523,1717271.663369476,1716641.196483245,630.4668862312101
2018-09-11,5.491013229678737,0.005491013229678737,1427663.4397164716,1427139.2975305708,524.142185900826
2018-09-12,6.881329790835422,0.006881329790835422,1789145.7456172097,1788488.8913923868,656.8542248229496
2018-09-13,6.532526232744994,0.006532526232744994,1698456.8205136983,1697833.2611748537,623.5593388446141
2018-09-14,5.832577308796845,0.005832577308796844,1516470.1002871795,1515913.3542564933,556.7460306861904
2018-09-15,5.349932187444224,0.005349932187444223,1390982.368735498,1390471.693376715,510.67535878298804
2018-09-16,3.2477880368288905,0.0032477880368288903,844424.8895755114,844114.8734364562,310.016139055253
2018-09-17,5.828053291119658,0.005828053291119658,1515293.855691111,1514737.5414984873,556.3141926235985
2018-09-18,6.880632489442376,0.006880632489442376,1788964.4472550177,1788307.659590784,656.7876642337069
2018-09-19,7.288170300652371,0.00728817030065237,1894924.2781696164,1894228.5891678208,695.689001795603
2018-09-20,4.82185018477937,0.00482185018477937,1253681.0480426361,1253220.7805127243,460.2675299118273
2018-09-21,5.533292835069558,0.005533292835069558,1438656.137118085,1438127.9591515618,528.177966523217
2018-09-22,5.495235726616224,0.005495235726616224,1428761.2889202184,1428236.7436777807,524.5452424376272
2018-09-23,7.171810390491925,0.007171810390491925,1864670.7015279005,1863986.1196087345,684.5819191660266
2018-09-24,7.583940218345232,0.007583940218345232,1971824.4567697602,1971100.5351841592,723.921585601056
2018-09-25,7.354039043262945,0.007354039043262945,1912050.1512483656,1911348.1747755166,701.9764728490263
2018-09-26,5.968275747207469,0.005968275747207469,1551751.694273942,1551181.995210153,569.6990637888666
2018-09-27,6.5410468081478825,0.006541046808147883,1700672.1701184495,1700047.797451931,624.3726665184367
2018-09-28,5.809210513867984,0.005809210513867984,1510394.7336056759,1509840.218041838,554.515563837951
2018-09-29,6.768574136441576,0.006768574136441576,1759829.2754748098,1759183.1842900114,646.0911847983953
2018-09-30,6.744330741733507,0.006744330741733507,1753525.9928507118,1752882.2158081972,643.7770425146446
2018-10-01,6.022135965672634,0.0060221359656726335,1565755.3510748846,1565180.510808287,574.8402665976901
2018-10-02,6.920118877092556,0.006920118877092556,1799230.9080440647,1798570.3512245456,660.5568195190281
2018-10-03,7.6546059414028695,0.00765460594140287,1990197.5447647462,1989466.8778144915,730.6669502547011
2018-10-04,7.430962557748576,0.007430962557748577,1932050.26501463,1931340.9458424754,709.3191721546464
2018-10-05,7.300043387036623,0.007300043387036623,1898011.280629522,1897314.458287632,696.8223418898415
2018-10-06,6.033459922521835,0.006033459922521835,1568699.579855677,1568123.6586658966,575.921189780347
2018-10-07,4.3874034477000965,0.004387403447700096,1140724.8964020251,1140306.0987890314,418.79761299374513
2018-10-08,6.178521994411704,0.006178521994411704,1606415.7185470432,1605825.9505227585,589.7680242846254
2018-10-09,6.934444339474973,0.006934444339474973,1802955.528263493,1802293.6040134374,661.9242500555702
2018-10-10,6.407126507244501,0.006407126507244502,1665852.8918835705,1665241.3025188427,611.5893647277262
2018-10-11,3.736904720308627,0.003736904720308627,971595.2272802431,971238.522729247,356.7045509960735
2018-10-12,5.1186103104881155,0.005118610310488115,1330838.68072691,1330350.0860933342,488.5946335757617
2018-10-13,7.023181268110257,0.007023181268110257,1826027.1297086668,1825356.7351151975,670.3945934693329
2018-10-14,4.961516584286116,0.004961516584286116,1289994.3119143902,1289520.7125914427,473.59932294744067
2018-10-15,3.7543258474271175,0.0037543258474271174,976124.7203310506,975766.3528542398,358.3674768108176
2018-10-16,2.7823518057818224,0.0027823518057818225,723411.4695032738,723145.881369276,265.58813399786595
2018-10-17,2.5367736979322113,0.002536773697932211,659561.1614623748,659319.0148756604,242.14658671442885
2018-10-18,2.417708151543945,0.002417708151543945,628604.1194014257,628373.3381626242,230.78123880154453
2018-10-19,2.5177705113073614,0.0025177705113073614,654620.332939914,654380.0002937894,240.33264612453058
2018-10-20,2.996545957290158,0.002996545957290158,779101.948895441,778815.9149555267,286.0339399143122
2018-10-21,2.935500157816065,0.002935500157816065,763230.0410321769,762949.8341914588,280.20684071816504
2018-10-22,2.2315585938790687,0.0022315585938790686,580205.2344085579,579992.2219916437,213.01241691422183
2018-10-23,2.421562393219821,0.002421562393219821,629606.2222371534,629375.0730934549,231.14914369850885
2018-10-24,2.4158885494411613,0.002415888549441161,628131.0228547018,627900.4153051967,230.60754950519186
2018-10-25,4.047633722665581,0.004047633722665581,1052384.767893051,1051998.4028455846,386.3650474664755
2018-10-26,5.361204116079766,0.005361204116079766,1393913.0701807393,1393401.3188651032,511.75131563609466
2018-10-27,5.229843331590366,0.005229843331590366,1359759.266213495,1359260.0538821674,499.2123313276097
2018-10-28,5.802095056462526,0.005802095056462526,1508544.7146802568,1507990.8783191892,553.8363610676024
2018-10-29,4.924305104001351,0.004924305104001351,1280319.3270403512,1279849.2797224347,470.0473179165274
2018-10-30,4.264695734346799,0.004264695734346799,1108820.8909301679,1108413.8063264883,407.08460367959924
2018-10-31,2.8787709092460187,0.002878770909246019,748480.4364039649,748205.6446280273,274.7917759375414
2018-11-01,5.326915277163969,0.005326915277163969,1384997.9720626317,1384489.493772616,508.4782900158316
2018-11-02,5.240487563637486,0.005240487563637486,1362526.7665457462,1362026.5381740597,500.22837168653496
2018-11-03,5.359631322735961,0.0053596313227359605,1393504.1439113498,1392992.5427259915,511.6011853583623
2018-11-04,4.677768005214942,0.004677768005214942,1216219.681355885,1215773.1671252984,446.5142305865884
2018-11-05,4.837358605124657,0.004837358605124657,1257713.2373324109,1257251.489453245,461.7478791659232
2018-11-06,5.181652227801284,0.005181652227801284,1347229.579228334,1346734.966957036,494.6122712979559
2018-11-07,3.147455930647685,0.003147455930647685,818338.5419683981,818038.1029851882,300.43898320989683
2018-11-08,2.424067459294708,0.002424067459294708,630257.5394166241,630026.1511529756,231.38826364849228
2018-11-09,3.1001073023005334,0.0031001073023005335,806027.8985981387,805731.9792568461,295.9193412925815
2018-11-10,4.905712392469353,0.0049057123924693535,1275485.2220420318,1275016.9494829907,468.27255904115736
2018-11-11,3.378531433387933,0.003378531433387933,878418.1726808626,878095.6764899848,322.4961908777477
2018-11-12,3.4871947511227592,0.0034871947511227594,906670.6352919175,906337.7666931611,332.8685987563804
2018-11-13,4.887036751280426,0.004887036751280426,1270629.5553329107,1270163.065448758,466.48988415277563
2018-11-14,4.440094051698831,0.004440094051698831,1154424.4534416962,1154000.626270914,423.82717078225687
2018-11-15,3.870912162942049,0.003870912162942049,1006437.1623649327,1006067.6661940714,369.4961708612973
2018-11-16,4.664717558791912,0.004664717558791912,1212826.565285897,1212381.296779775,445.26850612205453
2018-11-17,4.654519637509648,0.0046545196375096486,1210175.1057525086,1209730.810684353,444.2950681555085
2018-11-18,2.4747969299310553,0.0024747969299310554,643447.2017820744,643210.971159736,236.2306223383639
2018-11-19,2.8552217918181566,0.0028552217918181564,742357.6658727207,742085.1219671429,272.54390557773877
2018-11-20,4.037497682728957,0.004037497682728957,1049749.3975095288,1049363.999993173,385.3975163558498
2018-11-21,2.565097348448273,0.002565097348448273,666925.3105965509,666680.4603885788,244.85020797210746
2018-11-22,3.0387593546503293,0.0030387593546503293,790077.4322090857,789787.3688084068,290.0634006789187
2018-11-23,4.792760560891705,0.004792760560891705,1246117.7458318432,1245660.2550388312,457.4907930120826
2018-11-24,3.5666892194821056,0.0035666892194821057,927339.1970653475,926998.7403580453,340.4567073021317
2018-11-25,3.3081726846074355,0.0033081726846074357,860124.8979979333,859809.1178696182,315.78012831509113
2018-11-26,4.094826440640643,0.004094826440640643,1064654.8745665671,1064264.0047595373,390.86980702984147
2018-11-27,4.084219191891536,0.004084219191891536,1061896.9898917992,1061507.1325949044,389.8572968947701
2018-11-28,4.184091968976459,0.004184091968976459,1087863.9119338794,1087464.5213261903,399.39060768904164
2018-11-29,4.536111847636875,0.004536111847636875,1179389.0803855876,1178956.087879494,432.9925060935784
2018-11-30,4.3709938419831404,0.00437099384198314,1136458.3989156166,1136041.1676741194,417.23124149721116
2018-12-01,5.447781158328534,0.005447781158328534,1416423.1011654187,1415903.0856773476,520.0154880711343
2018-12-02,4.488225862066089,0.004488225862066089,1166938.724137183,1166510.3025661977,428.42157098534517
2018-12-03,3.8943500465104575,0.0038943500465104574,1012531.012092719,1012159.2786692756,371.7334234433947
2018-12-04,4.247599641470468,0.004247599641470468,1104375.9067823216,1103970.45407846,405.4527038615197
2018-12-05,2.6423351600145915,0.0026423351600145914,687007.1416037937,686754.91869543,252.22290836367756
2018-12-06,2.195388011976059,0.002195388011976059,570800.8831137753,570591.3233434075,209.55977036780678
2018-12-07,2.190839869315589,0.0021908398693155887,569618.3660220531,569409.2403925871,209.1256294659106
2018-12-08,3.698171019152871,0.0036981710191528712,961524.4649797465,961171.4577366866,353.0072430599248
2018-12-09,3.9821350613595103,0.003982135061359511,1035355.1159534728,1034975.0030511158,380.11290235701017
2018-12-10,3.7387011594202137,0.0037387011594202137,972062.3014492556,971705.4254199761,356.87602927943226
2018-12-11,3.2819478341673687,0.0032819478341673688,853306.4368835159,852993.160036446,313.2768470699666
2018-12-12,1.9511973635085769,0.001951197363508577,507311.31451223,507125.0638498375,186.25066239247099
2018-12-13,5.236781625920656,0.005236781625920657,1361563.2227393708,1361063.3481162938,499.87462307699025
2018-12-14,5.342534074527468,0.005342534074527469,1389058.8593771418,1388548.8902018832,509.9691752586514
2018-12-15,4.336100390941041,0.0043361003909410415,1127386.1016446708,1126972.201141771,413.9005028998945
2018-12-16,2.644161344010494,0.002644161344010494,687481.9494427284,687229.5522167969,252.39722593151964
2018-12-17,4.078659710787735,0.004078659710787735,1060451.5248048112,1060062.1981856723,389.32661913894117
2018-12-18,2.4027472182768426,0.0024027472182768426,624714.276751979,624484.9236023002,229.35314967879094
2018-12-19,4.815749347593653,0.004815749347593653,1252094.8303743498,1251635.145197094,459.68517725588754
2018-12-20,4.975273101519996,0.004975273101519995,1293571.0063951989,1293096.0939501168,474.9124450820964
2018-12-21,4.248357324205611,0.0042483573242056115,1104572.904293459,1104167.3792653345,405.52502812445164
2018-12-22,3.9437172639106266,0.003943717263910626,1025366.4886167628,1024990.0428678965,376.4457488663029
2018-12-23,4.307116816142207,0.0043071168161422065,1119850.3721969738,1119439.2383081059,411.13388886791654
2018-12-24,4.416128749725517,0.004416128749725517,1148193.4749286345,1147771.9353549196,421.53957371483557
2018-12-25,2.655611722634685,0.0026556117226346847,690459.047885018,690205.5576683705,253.49021664750762
2018-12-26,4.62268099489918,0.00462268099489918,1201897.058673787,1201455.8027488708,441.2559249161277
2018-12-27,4.844526985450083,0.0048445269854500836,1259577.0162170217,1259114.5840833518,462.43213366996497
2018-12-28,3.9432250952734718,0.003943225095273472,1025238.5247711027,1024862.1260019712,376.3987691315124
2018-12-29,2.307161381620233,0.002307161381620233,599861.9592212606,599641.730174415,220.2290468455758
2018-12-30,1.53192127785426,0.0015319212778542599,398299.53224210755,398153.3033889584,146.22885314916493
2018-12-31,4.586403628934116,0.004586403628934116,1192464.94352287,1192027.1504375248,437.7930853452999
2019-01-01,2.490054006438852,0.002490054006438852,647414.0416741015,647176.3546944213,237.6869796802057
2019-01-02,1.694444987070251,0.0016944449870702509,440555.6966382652,440393.95415791357,161.74248035164783
2019-01-03,4.729233765192927,0.004729233765192927,1229600.7789501608,1229149.3520787181,451.42687144270167
2019-01-04,4.737885375125408,0.004737885375125408,1231850.197532606,1231397.9448256476,452.25270695844665
2019-01-05,4.411714792012026,0.004411714792012026,1147045.8459231267,1146624.7276817502,421.11824137647636
2019-01-06,4.78314056846173,0.00478314056846173,1243616.54780005,1243159.975279067,456.57252098293975
2019-01-07,3.7784795264351874,0.0037784795264351875,982404.6768731488,982044.0038178257,360.67305532307364
2019-01-08,3.9868498638608445,0.003986849863860845,1036580.9646038197,1036200.401652121,380.56295169866644
2019-01-09,2.2617172496564995,0.0022617172496564994,588046.4849106899,587830.5937129201,215.89119776978623
2019-01-10,3.998704958295609,0.003998704958295609,1039663.2891568583,1039281.594582479,381.69457437936217
2019-01-11,2.3552631852428787,0.0023552631852428786,612368.4281631485,612143.60758038,224.82058276841417
2019-01-12,5.110358166038172,0.0051103581660381725,1328693.1231699248,1328205.3162410676,487.80692885722965
2019-01-13,3.723375258536648,0.003723375258536648,968077.5672195285,967722.1541171905,355.4131023379741
2019-01-14,2.4143539398201925,0.0024143539398201923,627732.02435325,627501.5632892125,230.46106403751764
2019-01-15,1.9836085710817581,0.0019836085710817583,515738.22848125716,515548.88402169565,189.34445956151467
2019-01-16,1.887177100509802,0.001887177100509802,490666.0461325485,490485.9064954234,180.13963712507393
2019-01-17,3.9504719114012885,0.003950471911401288,1027122.6969643349,1026745.6064536455,377.0905106894206
2019-01-18,3.5884027744614695,0.0035884027744614694,932984.721359982,932642.191995104,342.5293648780789
2019-01-19,5.675261766537635,0.005675261766537635,1475568.059299785,1475026.3297530785,541.729546706425
2019-01-20,4.761902126249456,0.004761902126249456,1238094.5528248586,1237640.0076097772,454.5452150814235
2019-01-21,5.562390926209373,0.005562390926209373,1446221.6408144368,1445690.6853027763,530.9555116605479
2019-01-22,3.7226328465672704,0.0037226328465672703,967884.5401074903,967529.1978717513,355.3422357389936
2019-01-23,4.875468722261979,0.0048754687222619785,1267621.8677881144,1267156.4821249428,465.38566317153163
2019-01-24,5.147505372578048,0.005147505372578048,1338351.3968702925,1337860.0440716255,491.35279866703786
2019-01-25,4.430040049983071,0.004430040049983071,1151810.4129955985,1151387.5455250056,422.86747059295885
2019-01-26,2.8457869561103655,0.0028457869561103657,739904.6085886951,739632.9652810952,271.6433075998211
2019-01-27,5.102322632846866,0.0051023226328468655,1326603.884540185,1326116.8446395167,487.0399006684311
2019-01-28,5.851860252713171,0.005851860252713171,1521483.6657054245,1520925.0790300427,558.5866753817536
2019-01-29,4.27311057348264,0.00427311057348264,1111008.7491054863,1110600.8612671406,407.8878383457195
2019-01-30,4.179325706317395,0.004179325706317395,1086624.683642523,1086225.7479962816,398.93564624129795
2019-01-31,4.541064260934494,0.004541064260934494,1180676.7078429684,1180243.242606502,433.465236466378
2019-02-01,4.06407356947042,0.00406407356947042,1056659.1280623092,1056271.1937566968,387.9343056124635
2019-02-02,4.492120370134466,0.004492120370134466,1167951.2962349611,1167522.5029154683,428.7933194928337
2019-02-03,3.1722887561826223,0.0031722887561826223,824795.0766074818,824492.267218135,302.8093893468613
2019-02-04,2.516587231217262,0.002516587231217262,654312.6801164881,654072.4604198297,240.21969665843062
2019-02-05,3.8795479534019344,0.0038795479534019343,1008682.467884503,1008312.1473881667,370.3204963362077
2019-02-06,3.236057151447952,0.0032360571514479524,841374.8593764676,841065.963003774,308.8963726935908
2019-02-07,5.005880903506213,0.005005880903506213,1301529.0349116155,1301051.2008126297,477.83409898588434
2019-02-08,2.5372891609723545,0.0025372891609723547,659695.1818528122,659452.9860628063,242.1957900058478
2019-02-09,3.223232537372557,0.003223232537372557,838040.4597168649,837732.7875119111,307.67220495373476
2019-02-10,2.287866851906684,0.002287866851906684,594845.3814957378,594626.994199505,218.38729623286054
2019-02-11,2.1796854860267434,0.0021796854860267434,566718.2263669532,566510.1654741024,208.0608928508591
2019-02-12,5.695291339262395,0.005695291339262395,1480775.7482082227,1480232.1067477053,543.6414605174214
2019-02-13,6.147841427862643,0.006147841427862643,1598438.7712442873,1597851.931819615,586.8394246723037
2019-02-14,4.460246276766159,0.004460246276766159,1159664.0319592012,1159238.281166884,425.75079231732525
2019-02-15,5.913538280698843,0.005913538280698843,1537519.9529816993,1536955.4788580346,564.474123664666
2019-02-16,5.975105109944735,0.005975105109944735,1553527.3285856312,1552956.977628109,570.3509575221688
2019-02-17,6.205945153544909,0.0062059451535449095,1613545.7399216765,1612953.3542321322,592.3856895442586
2019-02-18,4.977165999490798,0.004977165999490798,1294063.1598676075,1293588.0667368053,475.09313080227
2019-02-19,3.0192897247889245,0.0030192897247889247,785015.3284451205,784727.1235091598,288.20493596070446
2019-02-20,5.236739153954599,0.0052367391539546,1361552.180028196,1361052.3094592614,499.8705689345952
2019-02-21,3.0524417763523677,0.0030524417763523677,793634.8618516156,793343.4924015576,291.36945005797315
2019-02-22,5.6017968094683175,0.005601796809468317,1456467.1704617625,1455932.4534793268,534.7169824356679
2019-02-23,5.990374254627364,0.005990374254627364,1557497.3062031146,1556925.4977362885,571.8084668260999
2019-02-24,6.40827345461683,0.00640827345461683,1666151.098200376,1665539.3993543051,611.6988460707944
2019-02-25,6.706937347079347,0.0067069373470793475,1743803.7102406304,1743163.5025677008,640.2076729296241
2019-02-26,4.838507194519497,0.0048385071945194974,1258011.8705750692,1257550.0130578217,461.8575172475539
2019-02-27,5.209487367617437,0.005209487367617437,1354466.7155805337,1353969.446318546,497.26926198764704
2019-02-28,2.600455679491563,0.002600455679491563,676118.4766678064,675870.2513463265,248.2253214798402
2019-03-01,4.47680443062057,0.00447680443062057,1163969.151961348,1163541.8206179389,427.33134340913966
2019-03-02,3.0484943785710157,0.003048494378571016,792608.5384284641,792317.5457754771,290.99265298701357
2019-03-03,4.070352036425112,0.004070352036425111,1058291.529470529,1057902.9958566912,388.53361383778974
2019-03-04,4.243714048085966,0.004243714048085966,1103365.6525023512,1102960.57069605,405.0818063011393
2019-03-05,4.544872183950285,0.004544872183950285,1181666.767827074,1181232.9391070374,433.82872003666125
2019-03-06,6.263014996804275,0.0062630149968042744,1628383.8991691114,1627786.0659034743,597.8332656370476
2019-03-07,5.226888004490463,0.0052268880044904625,1358990.8811675203,1358491.9509356052,498.93023191508837
2019-03-08,4.383940373170861,0.004383940373170862,1139824.497024424,1139406.029977644,418.46704677981324
2019-03-09,7.282673358535084,0.007282673358535084,1893495.073219122,1892799.9089254513,695.1642936705612
2019-03-10,3.477525476835953,0.003477525476835953,904156.6239773477,903824.6783547979,331.94562254985794
2019-03-11,3.2048203080060254,0.0032048203080060253,833253.2800815665,832947.3654076447,305.91467392188497
2019-03-12,5.337423640781232,0.005337423640781232,1387730.1466031203,1387220.6652420051,509.4813611151185
2019-03-13,8.163299760738365,0.008163299760738365,2122457.9377919747,2121678.7137031252,779.2240888494998
2019-03-14,7.5711375866624495,0.00757113758666245,1968495.772532237,1967773.0730160563,722.6995161806699
2019-03-15,4.282883707002152,0.004282883707002152,1113549.7638205595,1113140.943092171,408.8207283883821
2019-03-16,4.66143886928763,0.00466143886928763,1211974.1060147837,1211529.1504744864,444.9555402973201
2019-03-17,6.114934681723646,0.006114934681723646,1589883.017248148,1589299.3189220547,583.6983260933775
2019-03-18,5.9194108361293285,0.005919410836129329,1539046.8173936256,1538481.7827078367,565.034685788909
2019-03-19,7.29248103989839,0.00729248103989839,1896045.0703735815,1895348.9698921195,696.1004814619664
2019-03-20,4.955022825503473,0.004955022825503473,1288305.934630903,1287832.9551667648,472.9794641381595
2019-03-21,5.064882259894166,0.005064882259894166,1316869.3875724832,1316385.9215256919,483.46604679129086
2019-03-22,5.257075713415805,0.005257075713415805,1366839.6854881092,1366337.8737020835,501.81178602576256
2019-03-23,6.7501920249970775,0.006750192024997078,1755049.92649924,1754405.589970581,644.3365286590997
2019-03-24,4.353832907386278,0.004353832907386277,1131996.555920432,1131580.96276819,415.5931522420142
2019-03-25,5.881231692681708,0.005881231692681708,1529120.240097244,1528558.8497843358,561.3903129082173
2019-03-26,6.55776010338422,0.006557760103384221,1705017.6268798974,1704391.6588533365,625.9680265609641
2019-03-27,5.81596923781655,0.00581596923781655,1512152.0018323031,1511596.8411175255,555.1607147776522
2019-03-28,5.026980044051687,0.005026980044051687,1307014.8114534386,1306534.9633455286,479.84810791001655
2019-03-29,7.859227512152518,0.007859227512152518,2043399.1531596547,2042648.9541498532,750.199009801494
2019-03-30,6.473428184839008,0.0064734281848390085,1683091.3280581422,1682473.4098967481,617.9181613940746
2019-03-31,6.461623575935893,0.006461623575935893,1680022.1297433323,1679405.3383855452,616.7913577870931
2019-04-01,6.55669528708136,0.00655669528708136,1704740.7746411536,1704114.9082561517,625.866385001922
2019-04-02,8.269830070695207,0.008269830070695207,2150155.818380754,2149366.425489319,789.3928914349526
2019-04-03,6.220777693500855,0.006220777693500855,1617402.2003102223,1616808.3987872808,593.8015229415614
2019-04-04,8.47280605697146,0.00847280605697146,2202929.5748125794,2202120.8069401197,808.7678724597208
2019-04-05,7.372930958615422,0.007372930958615422,1916962.0492400096,1916258.26944792,703.7797920897137
2019-04-06,6.60963560765736,0.00660963560765736,1718505.2579909137,1717874.3382115401,630.9197793735657
2019-04-07,8.346605183074699,0.0083466051830747,2170117.347599422,2169320.626174337,796.7214250848629
2019-04-08,8.365712063866189,0.00836571206386619,2175085.136605209,2174286.591341455,798.5452637542039
2019-04-09,9.205930544888782,0.009205930544888781,2393541.941671083,2392663.1937320014,878.7479390818626
2019-04-10,10.016716801351384,0.010016716801351385,2604346.36835136,2603390.227176643,956.141174716875
2019-04-11,9.352237288175711,0.009352237288175712,2431581.694925685,2430688.9813425536,892.7135831313208
2019-04-12,9.255232402138418,0.009255232402138418,2406360.424555989,2405476.970530408,883.4540255810134
2019-04-13,9.39650614620246,0.00939650614620246,2443091.5980126397,2442194.658765675,896.9392469646409
2019-04-14,8.148861796830769,0.008148861796830768,2118704.0671759997,2117926.221256469,777.8459195308387
2019-04-15,9.548410802328723,0.009548410802328723,2482586.808605468,2481675.369368213,911.4392372546718
2019-04-16,6.535162908659346,0.006535162908659345,1699142.3562514298,1698518.5452298773,623.8110215524212
2019-04-17,9.077353801165563,0.009077353801165563,2360111.988303046,2359245.51359892,866.4747041263618
2019-04-18,9.29480652857022,0.00929480652857022,2416649.697428257,2415762.465872325,887.2315559322014
2019-04-19,8.405555729687956,0.008405555729687956,2185444.4897188684,2184642.1411960023,802.3485228661448
2019-04-20,9.570980797493439,0.009570980797493439,2488455.0073482944,2487541.413702353,913.5936459414661
2019-04-21,7.191025986331951,0.007191025986331951,1869666.7564463073,1868980.3403111259,686.41613518144
2019-04-22,5.635769983262656,0.005635769983262656,1465300.1956482904,1464762.2357719063,537.9598763841204
2019-04-23,5.827837573327835,0.005827837573327835,1515237.769065237,1514681.4754638576,556.2936013792641
2019-04-24,5.436053342732228,0.005436053342732228,1413373.8691103791,1412854.9730956447,518.8960147344042
2019-04-25,8.913746400864095,0.008913746400864096,2317574.064224665,2316723.206590984,850.8576336810365
2019-04-26,9.296196579992616,0.009296196579992616,2417011.11079808,2416123.746555418,887.36424266221
2019-04-27,9.698265724754508,0.009698265724754507,2521549.088436172,2520623.3448650315,925.7435711403377
2019-04-28,8.06569850289407,0.008065698502894071,2097081.6107524587,2096311.7031475608,769.9076048978604
2019-04-29,6.25540247135356,0.00625540247135356,1626404.6425519255,1625807.5359364646,597.1066154609434
2019-04-30,5.832417817584218,0.005832417817584218,1516428.6325718965,1515871.901765372,556.7308065246325
2019-05-01,5.157907370718454,0.005157907370718454,1341055.916386798,1340563.5706701004,492.34571669762954
2019-05-02,5.189864334020686,0.005189864334020686,1349364.7268453783,1348869.330691193,495.3961541852914
2019-05-03,4.294731652800278,0.004294731652800279,1116630.2297280724,1116220.2780593731,409.951668699272
2019-05-04,6.867285624476514,0.006867285624476514,1785494.2623638937,1784838.7487186224,655.513645271305
2019-05-05,7.892492010914744,0.007892492010914744,2052047.9228378334,2051294.548580338,753.374257495394
2019-05-06,8.94192337057694,0.008941923370576942,2324900.076350005,2324046.5290964157,853.5472535891458
2019-05-07,6.704887423117721,0.006704887423117721,1743270.7300106075,1742630.718012243,640.011998364469
2019-05-08,9.699757521564255,0.009699757521564255,2521936.9556067064,2521011.069636776,925.8859699303284
2019-05-09,6.1723174855316145,0.006172317485531614,1604802.5462382196,1604213.3704625259,589.1757756937295
2019-05-10,3.6820693166486773,0.0036820693166486774,957338.0223286562,956986.5520663308,351.4702623253688
2019-05-11,8.27427942639137,0.00827427942639137,2151312.6508617564,2150522.8332590847,789.8176026716828
2019-05-12,7.809627493030533,0.007809627493030533,2030503.1481879384,2029757.6837255429,745.4644623955246
2019-05-13,6.189237176350044,0.006189237176350044,1609201.6658510114,1608610.875013878,590.7908371333033
2019-05-14,7.5578739425580865,0.007557873942558087,1965047.2250651026,1964325.7916240748,721.4334410277661
2019-05-15,8.056866722872241,0.008056866722872242,2094785.347946783,2094016.283375455,769.0645713279955
2019-05-16,7.560479942437395,0.007560479942437395,1965724.7850337226,1965003.1028381544,721.6821955682244
2019-05-17,8.9689880763639,0.0089689880763639,2331936.899854614,2331080.7691517673,856.1307028466836
2019-05-18,9.85885214371542,0.009858852143715421,2563301.5573660093,2562360.485090832,941.07227517711
2019-05-19,8.971006477362266,0.008971006477362266,2332461.6841141894,2331605.3607457876,856.3233684017323
2019-05-20,9.038276416015123,0.009038276416015123,2349951.868163932,2349089.1235739426,862.7445899895392
2019-05-21,10.105085621901003,0.010105085621901003,2627322.261694261,2626357.685313721,964.5763805396855
2019-05-22,9.45891881564383,0.00945891881564383,2459318.892067396,2458415.99524728,902.8968201158568
2019-05-23,7.244424288121293,0.007244424288121293,1883550.3149115362,1882858.8016655934,691.5132459427696
2019-05-24,8.136390638994083,0.008136390638994084,2115461.5661384617,2114684.910647665,776.6554907965474
2019-05-25,9.29291609712974,0.00929291609712974,2416158.1852537324,2415271.134148079,887.0511056534015
2019-05-26,8.09240021613923,0.008092400216139231,2104024.0561962,2103251.5997913335,772.4564048666507
2019-05-27,8.44351245943493,0.00844351245943493,2195313.2394530815,2194507.267787734,805.9716653474607
2019-05-28,9.219610903529409,0.009219610903529409,2397098.8349176464,2396218.781126114,880.053791532293
2019-05-29,8.769672637937642,0.008769672637937643,2280114.885863787,2279277.780726025,837.1051377621479
2019-05-30,6.853751960297056,0.006853751960297056,1781975.5096772346,1781321.2878817604,654.2217954741791
2019-05-31,9.062969853875753,0.009062969853875754,2356372.162007696,2355507.060316757,865.1016909391619
2019-06-01,9.27306924686165,0.009273069246861651,2410998.004184029,2410112.8475504974,885.1566335316747
2019-06-02,6.453421198789236,0.006453421198789236,1677889.5116852014,1677273.5032816175,616.0084035838954
2019-06-03,5.191186495442966,0.005191186495442966,1349708.4888151712,1349212.966454665,495.5223605062347
2019-06-04,7.667908801650212,0.007667908801650212,1993656.2884290551,1992924.3516602884,731.9367687667254
2019-06-05,8.459030976868902,0.008459030976868903,2199348.0539859147,2198540.6010074997,807.452978414949
2019-06-06,9.694979186064836,0.009694979186064837,2520694.5883768573,2519769.1585207824,925.4298560749739
2019-06-07,9.435006501156137,0.009435006501156137,2453101.6903005955,2452201.076019651,900.6142809446901
2019-06-08,10.04040469380247,0.01004040469380247,2610505.220388642,2609546.818096858,958.402291784063
2019-06-09,8.962591693062318,0.008962591693062318,2330273.840196203,2329418.3200572333,855.5201389696449
2019-06-10,6.218407075334893,0.006218407075334893,1616785.8395870721,1616192.2643504161,593.5752366560046
2019-06-11,4.3347681214571505,0.004334768121457151,1127039.7115788592,1126625.9382471407,413.77333171851933
2019-06-12,8.513867604472258,0.008513867604472258,2213605.5771627873,2212792.8897788706,812.6873839166947
2019-06-13,9.571310153269843,0.009571310153269844,2488540.6398501596,2487627.0147657115,913.6250844481401
2019-06-14,9.40855201835439,0.00940855201835439,2446223.524772141,2445325.435691895,898.0890802461654
2019-06-15,9.428949575735396,0.009428949575735396,2451526.889691203,2450626.8535713363,900.0361198666506
2019-06-16,9.262603687204331,0.009262603687204331,2408276.958673126,2407392.801024861,884.1576482648961
2019-06-17,8.729650515407865,0.008729650515407866,2269709.1340060453,2268875.849161899,833.2848441461101
2019-06-18,6.547856178349498,0.006547856178349498,1702442.6063708693,1701817.583718996,625.0226518732961
2019-06-19,8.978076844061007,0.008978076844061007,2334299.9794558617,2333442.9811888025,856.9982670592144
2019-06-20,8.789264152331333,0.008789264152331333,2285208.6796061466,2284369.7043692335,838.9752369131893
2019-06-21,9.63664476739987,0.00963664476739987,2505527.6395239662,2504607.7779534576,919.861570508685
2019-06-22,9.997298987037592,0.009997298987037592,2599297.736629774,2598343.4489737456,954.2876560282893
2019-06-23,8.372697390713897,0.008372697390713897,2176901.3215856133,2176102.1095406422,799.2120449710637
2019-06-24,9.719502335816802,0.009719502335816803,2527070.6073123687,2526142.8366101184,927.7707022503018
2019-06-25,10.371201853813096,0.010371201853813097,2696512.481991405,2695522.503606233,989.9783851723187
2019-06-26,9.308716313276042,0.009308716313276042,2420266.241451771,2419377.682143627,888.5593081437983
2019-06-27,9.954235059042958,0.009954235059042959,2588101.1153511694,2587150.938342923,950.1770082465373
2019-06-28,9.621652008521524,0.009621652008521523,2501629.522215596,2500711.0917721093,918.4304434866644
2019-06-29,9.755845284302456,0.009755845284302456,2536519.7739186385,2535588.5341166677,931.2398019707762
2019-06-30,7.218516026979431,0.007218516026979431,1876814.1670146522,1876125.126830066,689.0401845860761
2019-07-01,9.8551282451786,0.009855128245178599,2562333.343746436,2561392.6269343104,940.7168121254072
2019-07-02,9.726538285608703,0.009726538285608703,2528899.9542582626,2527971.5119426055,928.4423156571575
2019-07-03,7.912064955143016,0.007912064955143017,2057136.8883371844,2056381.6457531448,755.24258403969
2019-07-04,8.054066736219493,0.008054066736219494,2094057.3514170684,2093288.554117201,768.7972998674959
2019-07-05,9.134685971736149,0.009134685971736148,2375018.3526513986,2374146.4053308447,871.9473205539398
2019-07-06,9.26658894530148,0.00926658894530148,2409313.125778385,2408428.5877191094,884.5380592755973
2019-07-07,9.246553284384861,0.00924655328438486,2404103.8539400636,2403221.228375745,882.625564318616
2019-07-08,8.814921883555561,0.008814921883555562,2291879.6897244463,2291038.265340396,841.4243840500712
2019-07-09,9.210474662453743,0.009210474662453743,2394723.412237973,2393844.230542203,879.1816957700066
2019-07-10,9.547725669518028,0.009547725669518028,2482408.674074687,2481497.300236475,911.3738382118754
2019-07-11,8.611541701623603,0.008611541701623603,2239000.842422137,2238178.8316014255,822.0108207114972
2019-07-12,7.751766702333065,0.007751766702333065,2015459.3426065969,2014719.4012198243,739.9413867725525
2019-07-13,9.06149405329465,0.00906149405329465,2355988.453856609,2355123.493037547,864.9608190618455
2019-07-14,8.646703931156546,0.008646703931156546,2248143.022100702,2247317.6548852636,825.3672154382803
2019-07-15,9.652728155958116,0.009652728155958116,2509709.32054911,2508787.9237460163,921.3968030936085
2019-07-16,10.606559122561912,0.010606559122561912,2757705.371866097,2756692.927559218,1012.4443068793043
2019-07-17,10.629823474955973,0.010629823474955974,2763754.1034885533,2762739.4384934315,1014.6649951217696
2019-07-18,10.425333454431279,0.01042533345443128,2710586.698152133,2709591.552659491,995.1454926417209
2019-07-19,11.260504693859538,0.011260504693859539,2927731.22040348,2926656.354017676,1074.8663858040236
2019-07-20,11.0152370432972,0.0110152370432972,2863961.631257272,2862910.1767841913,1051.4544730805792
2019-07-21,10.761285384658143,0.010761285384658143,2797934.200011117,2796906.9863788257,1027.2136322911829
2019-07-22,9.671977792677158,0.009671977792677158,2514714.226096061,2513790.991827595,923.2342684660107
2019-07-23,8.684149384750544,0.008684149384750544,2257878.8400351414,2257049.898480856,828.9415542855859
2019-07-24,8.737767163300461,0.00873776716330046,2271819.4624581197,2270985.4028430176,834.0596151021309
2019-07-25,9.870437610162929,0.009870437610162928,2566313.7786423615,2565371.6004817216,942.1781606399454
2019-07-26,10.16255582683803,0.01016255582683803,2642264.5149778877,2641294.4528049123,970.0621729753911
2019-07-27,10.072570394652772,0.010072570394652772,2618868.3026097207,2617906.829955501,961.4726542197168
2019-07-28,10.360347372327869,0.010360347372327869,2693690.316805246,2692701.3745296975,988.9422755483538
2019-07-29,10.111871082729957,0.010111871082729956,2629086.4815097884,2628121.2574261525,965.224083635956
2019-07-30,9.634909405383896,0.009634909405383895,2505076.445399813,2504156.749477501,919.6959223118611
2019-07-31,9.909878154011448,0.009909878154011448,2576568.3200429766,2575622.3771030507,945.9429399259388
2019-08-01,10.04951845771116,0.010049518457711161,2612874.7990049017,2611915.526762903,959.2722419984639
2019-08-02,9.897691558065057,0.009897691558065058,2573399.805096915,2572455.0254229964,944.779673918616
2019-08-03,10.101229713395314,0.010101229713395315,2626319.725482782,2625355.5171662457,964.2083165361546
2019-08-04,7.763871586061802,0.007763871586061802,2018606.6123760685,2017865.515523091,741.0968529775273
2019-08-05,9.582359804702914,0.009582359804702914,2491413.5492227576,2490498.8693988263,914.6798239313066
2019-08-06,9.807101598022811,0.00980710159802281,2549846.4154859306,2548910.2830357016,936.1324502290227
2019-08-07,10.175457523270843,0.010175457523270844,2645618.9560504192,2644647.6623518425,971.2936985767446
2019-08-08,10.106236515981758,0.010106236515981758,2627621.494155257,2626656.807916643,964.686238613911
2019-08-09,10.055046272464711,0.010055046272464712,2614312.0308408253,2613352.2309437683,959.7998970570043
2019-08-10,10.060012047508316,0.010060012047508315,2615603.132352162,2614642.858449293,960.2739028693177
2019-08-11,10.502266069543094,0.010502266069543093,2730589.178081204,2729586.68902056,1002.4890606440604
2019-08-12,10.09566131751241,0.010095661317512411,2624871.942553227,2623908.265765403,963.6767878239043
2019-08-13,10.330156331555006,0.010330156331555006,2685840.6462043016,2684854.585800904,986.0604033977725
2019-08-14,8.906251134268231,0.00890625113426823,2315625.29490974,2314775.152733344,850.1421763957478
2019-08-15,8.925446226058893,0.008925446226058894,2320616.018775312,2319764.0443401057,851.9744352065027
2019-08-16,9.914166553030311,0.009914166553030311,2577683.303787881,2576736.951500765,946.3522871159948
2019-08-17,10.359295527694739,0.01035929552769474,2693416.8372006323,2692427.995328438,988.8418721943162
2019-08-18,10.199802801453503,0.010199802801453503,2651948.728377911,2650975.110811809,973.6175661017187
2019-08-19,9.986260679926698,0.009986260679926699,2596427.7767809415,2595474.542781529,953.2339994125068
2019-08-20,9.893300235044173,0.009893300235044172,2572258.0611114847,2571313.7006093203,944.3605021643452
2019-08-21,9.962175090510733,0.009962175090510733,2590165.5235327906,2589214.5886124293,950.9349203612655
2019-08-22,9.826074048028392,0.009826074048028393,2554779.252487382,2553841.309030513,937.9434568691067
2019-08-23,7.958138003759727,0.007958138003759727,2069115.880977529,2068356.2405114586,759.6404660705011
2019-08-24,8.154718164622453,0.008154718164622453,2120226.7228018376,2119448.317865366,778.4049364714883
2019-08-25,8.69080620061028,0.00869080620061028,2259609.612158673,2258780.035181038,829.5769776348025
2019-08-26,10.062672238512391,0.010062672238512392,2616294.782013222,2615334.254183023,960.5278301993385
2019-08-27,8.793696820058308,0.008793696820058308,2286361.17321516,2285521.7748599527,839.398355207406
2019-08-28,8.42119813072792,0.00842119813072792,2189511.513989259,2188707.672328072,803.8416611868888
2019-08-29,8.41417582431958,0.008414175824319579,2187685.7143230904,2186882.5429729875,803.1713501028717
2019-08-30,9.523243449031252,0.009523243449031252,2476043.2967481255,2475134.259849204,909.0368989212438
2019-08-31,8.931109317189932,0.008931109317189932,2322088.422469382,2321235.9074663715,852.5150030106306
2019-09-01,7.343052878698812,0.007343052878698812,1909193.748461691,1908492.8206682147,700.9277934762649
2019-09-02,7.32151054717277,0.0073215105471727705,1903592.7422649204,1902893.8707849628,698.8714799575973
2019-09-03,8.502219687503375,0.008502219687503376,2210577.1187508777,2209765.5432136105,811.575537267141
2019-09-04,7.2676891758640165,0.007267689175864017,1889599.1857246445,1888905.451739358,693.7339852864388
2019-09-05,6.722063093768333,0.006722063093768333,1747736.4043797664,1747094.7528855235,641.6514942429494
2019-09-06,8.411447562904439,0.008411447562904439,2186976.366355154,2186173.4554300117,802.910925142467
2019-09-07,8.944038189850914,0.008944038189850914,2325449.9293612377,2324596.180238531,853.7491227067076
2019-09-08,9.600398171257025,0.009600398171257025,2496103.5245268266,2495187.1228587693,916.4016680573113
2019-09-09,8.693521143050878,0.008693521143050878,2260315.497193228,2259485.6610619896,829.8361312383786
2019-09-10,6.545587803607898,0.0065455878036078975,1701852.8289380535,1701228.022812866,624.8061251875479
2019-09-11,8.260989551927889,0.008260989551927889,2147857.283501251,2147068.734477539,788.5490237120539
2019-09-12,8.973304742871935,0.008973304742871935,2333059.2331467033,2332202.6903984062,856.542748297099
2019-09-13,7.264908095338976,0.007264908095338976,1888876.1047881336,1888182.6362696316,693.468518502079
2019-09-14,7.811540187772306,0.007811540187772306,2031000.4488207996,2030254.801782992,745.6470378076192
2019-09-15,7.978411010089466,0.007978411010089465,2074386.862623261,2073625.2870065349,761.5756167261861
2019-09-16,7.8110959179723904,0.0078110959179723905,2030884.9386728215,2030139.3340425869,745.6046302346513
2019-09-17,7.690325865353382,0.007690325865353382,1999484.7249918794,1998750.6484124295,734.0765794499312
2019-09-18,7.887875557962298,0.007887875557962299,2050847.6450701978,2050094.7114741323,752.9335960655008
2019-09-19,8.166050012566666,0.008166050012566666,2123173.003267333,2122393.516654438,779.486612895038
2019-09-20,6.99142901096979,0.00699142901096979,1817771.5428521454,1817104.1791560294,667.3636961160228
2019-09-21,7.4863585711113485,0.0074863585711113486,1946453.2284889505,1945738.6215153793,714.6069735712372
2019-09-22,7.15175365744258,0.00715175365744258,1859455.9509350709,1858773.2835222925,682.6674127783626
2019-09-23,8.300586937778757,0.008300586937778756,2158152.6038224767,2157360.2750481963,792.3287742803805
2019-09-24,7.982218036320971,0.007982218036320972,2075376.6894434525,2074614.750428758,761.9390146944206
2019-09-25,7.229613193449008,0.007229613193449009,1879699.4302967424,1879009.3308371468,690.0994595955126
2019-09-26,5.240508290314927,0.005240508290314927,1362532.155481881,1362031.925131739,500.230350142112
2019-09-27,8.127057030137033,0.008127057030137034,2113034.8278356288,2112259.0632802467,775.7645553820767
2019-09-28,7.6955044041497205,0.00769550440414972,2000831.1450789273,2000096.5741843972,734.570894530043
2019-09-29,7.843625686376367,0.007843625686376367,2039342.6784578555,2038593.9687132814,748.7097445740364
2019-09-30,7.218358904034635,0.007218358904034635,1876773.315049005,1876084.2898625187,689.0251864863094
2019-10-01,7.578801336077798,0.007578801336077798,1970488.3473802274,1969764.9163243105,723.4310559169389
2019-10-02,7.213480150549799,0.007213480150549799,1875504.8391429477,1874816.27965567,688.5594872776419
2019-10-03,7.513246525974782,0.007513246525974781,1953444.0967534431,1952726.9232022937,717.1735511494335
2019-10-04,7.3032564205768455,0.007303256420576845,1898846.6693499798,1898149.5403094257,697.1290405541658
2019-10-05,7.332144556371844,0.007332144556371844,1906357.5846566795,1905657.6981121805,699.8865444990806
2019-10-06,7.473863577332704,0.007473863577332704,1943204.530106503,1942491.115836915,713.4142695879564
2019-10-07,6.483255434818292,0.006483255434818292,1685646.4130527559,1685027.5568356568,618.8562170991208
2019-10-08,7.194637181221775,0.007194637181221775,1870605.6671176616,1869918.906277504,686.7608401575126
2019-10-09,7.896994210697545,0.007896994210697545,2053218.494781362,2052464.6907684212,753.8040129407309
2019-10-10,7.159585100063557,0.007159585100063558,1861492.126016525,1860808.7110569312,683.4149595939089
2019-10-11,3.8790659182710647,0.0038790659182710648,1008557.1387504769,1008186.8642665861,370.27448389073834
2019-10-12,4.42813808078796,0.00442813808078796,1151315.9010048697,1150893.2150858867,422.68591898307204
2019-10-13,3.0755572907754054,0.0030755572907754055,799644.8956016054,799351.3196705664,293.57593103905674
2019-10-14,4.491076975187989,0.004491076975187989,1167680.013548877,1167251.3198261773,428.69372269976884
2019-10-15,6.284462020194154,0.006284462020194155,1633960.1252504801,1633360.2447689194,599.8804815607145
2019-10-16,2.897073950981149,0.0028970739509811493,753239.2272550989,752962.6883705854,276.53888451342937
2019-10-17,5.089590861747688,0.005089590861747688,1323293.6240543989,1322807.799459186,485.8245952129364
2019-10-18,6.88631314862049,0.00688631314862049,1790441.4186413274,1789784.0887323394,657.3299089879729
2019-10-19,6.764348994575419,0.006764348994575419,1758730.738589609,1758085.0507138176,645.6878757914528
2019-10-20,6.657907199797989,0.006657907199797988,1731055.8719474769,1730420.3444250943,635.5275223825593
2019-10-21,7.05597894277407,0.00705597894277407,1834554.525121258,1833880.9998405783,673.5252806798089
2019-10-22,6.605213764362862,0.006605213764362862,1717355.578734344,1716725.0810400236,630.4976943205111
2019-10-23,7.272091268772193,0.0072720912687721925,1890743.72988077,1890049.5756956947,694.1541850753129
2019-10-24,4.615045610419427,0.004615045610419428,1199911.8587090513,1199471.3316163095,440.52709274180233
2019-10-25,6.8341837049741825,0.006834183704974182,1776887.7632932873,1776235.40937678,652.3539165072143
2019-10-26,6.232661036869755,0.006232661036869754,1620491.8695861362,1619896.9337440247,594.9358421114739
2019-10-27,6.208960862152017,0.006208960862152017,1614329.8241595244,1613737.150606878,592.6735526463017
2019-10-28,5.000409830332714,0.005000409830332714,1300106.5558865056,1299629.2440263366,477.3118601690512
2019-10-29,2.9621655991467524,0.0029621655991467523,770163.0557781556,769880.3035997879,282.752178367693
2019-10-30,4.199195407798721,0.00419919540779872,1091790.8060276674,1091389.9737280523,400.83229961502366
2019-10-31,5.0258481247823,0.0050258481247823,1306720.5124433981,1306240.7723823304,479.7400610677432
2019-11-01,5.594594178506129,0.005594594178506129,1454594.4864115934,1454060.4569530408,534.029458552599
2019-11-02,5.3427481042464215,0.005342748104246422,1389114.5071040697,1388604.517498701,509.98960536858067
2019-11-03,5.72676527423788,0.00572676527423788,1488958.9713018488,1488412.3255110944,546.6457907543518
2019-11-04,5.467119305424035,0.0054671193054240345,1421451.019410249,1420929.158008088,521.8614021611866
2019-11-05,4.969169667145317,0.004969169667145317,1291984.1134577824,1291509.78361327,474.32984451251104
2019-11-06,5.365854042955125,0.005365854042955125,1395122.0511683326,1394609.8559960283,512.1951723042876
2019-11-07,3.035733063839272,0.003035733063839272,789290.5965982107,789000.8220707533,289.7745274574263
2019-11-08,2.3720562026644894,0.0023720562026644893,616734.6126927673,616508.1891401114,226.42355265584774
2019-11-09,4.781785978768917,0.004781785978768917,1243264.3544799183,1242807.9112606822,456.44321923609823
2019-11-10,5.151053651255261,0.005151053651255262,1339273.949326368,1338782.2578283637,491.6914980043657
2019-11-11,2.9951485328550653,0.002995148532855065,778738.618542317,778452.7179929204,285.9005493965233
2019-11-12,3.092472329246921,0.003092472329246921,804042.8056041995,803747.6150558088,295.19054839073215
2019-11-13,2.9703103931975963,0.0029703103931975963,772280.702231375,771997.1725953727,283.52963600237854
2019-11-14,3.2430134074233807,0.003243013407423381,843183.485930079,842873.9255511155,309.560378963477
2019-11-15,4.386988742009638,0.004386988742009638,1140617.072922506,1140198.3148950564,418.75802744948305
2019-11-16,4.199958371184639,0.004199958371184639,1091989.1765080062,1091588.271380066,400.9051279402338
2019-11-17,4.441585720000561,0.004441585720000561,1154812.287200146,1154388.31764284,423.96955730579793
2019-11-18,4.8288667103780725,0.004828866710378073,1255505.344698299,1255044.4074091075,460.93728919140995
2019-11-19,5.291299346503473,0.005291299346503473,1375737.830090903,1375232.7515034499,505.07858745311387
2019-11-20,3.033378411285366,0.003033378411285366,788678.3869341952,788388.837169033,289.54976516216993
2019-11-21,2.6041241881547066,0.0026041241881547064,677072.2889202237,676823.7134229075,248.57549731619656
2019-11-22,5.1093140977592535,0.005109314097759253,1328421.6654174058,1327933.9581496143,487.70726779149845
2019-11-23,4.707056337608323,0.0047070563376083235,1223834.6477781641,1223385.3378430472,449.3099351169076
2019-11-24,4.365474143184217,0.004365474143184217,1135023.2772278965,1134606.5728667532,416.70436114328913
2019-11-25,4.66197750646361,0.00466197750646361,1212114.1516805387,1211669.1447248731,445.0069556655362
2019-11-26,4.150685219167277,0.0041506852191672775,1079178.1569834922,1078781.9552020063,396.2017814859282
2019-11-27,2.751155447831926,0.002751155447831926,715300.4164363007,715037.8061365503,262.61029975046404
2019-11-28,2.6197838380587655,0.0026197838380587653,681143.797895279,680893.7276131595,250.07028211955912
2019-11-29,3.8560149354271926,0.003856014935427193,1002563.8832110701,1002195.8090483277,368.07416274235584
2019-11-30,5.257006157446827,0.005257006157446827,1366821.600936175,1366319.795789583,501.8051465922035
2019-12-01,4.845438968279622,0.004845438968279623,1259814.131752702,1259351.6125661233,462.519186578691
2019-12-02,4.282716711883614,0.004282716711883614,1113506.3450897397,1113097.540301795,408.8047879447695
2019-12-03,4.935890658122714,0.004935890658122714,1283331.5711119059,1282860.4179001574,471.1532117484603
2019-12-04,4.20706880250656,0.004207068802506561,1093837.8886517058,1093436.3048007577,401.58385094814
2019-12-05,3.1653141477382825,0.0031653141477382823,822981.6784119534,822679.534780703,302.1436312503647
2019-12-06,4.970977067189095,0.004970977067189095,1292454.0374691647,1291979.5351000978,474.50236906693317
2019-12-07,4.49877665722892,0.004498776657228919,1169681.930879519,1169252.5021871503,429.4286923687905
2019-12-08,4.13637789321777,0.004136377893217771,1075458.2522366203,1075063.416154466,394.83608215418644
2019-12-09,4.540359174714686,0.004540359174714686,1180493.3854258184,1180059.9874930384,433.39793277997524
2019-12-10,2.806962511224993,0.002806962511224993,729810.2529184981,729542.3155807363,267.9373377618613
2019-12-11,4.093989076617336,0.004093989076617336,1064437.1599205073,1064046.370043682,390.789876825409
2019-12-12,4.071212566409996,0.004071212566409996,1058515.267266599,1058126.6515112605,388.6157553384546
2019-12-13,5.175206277857623,0.005175206277857623,1345553.632242982,1345059.6352669224,493.99697605962865
2019-12-14,4.803684011041713,0.004803684011041713,1248957.8428708452,1248499.3093848366,458.5334860086441
2019-12-15,4.99245886657427,0.00499245886657427,1298039.30530931,1297562.7524047927,476.55290451738983
2019-12-16,4.96263822493034,0.00496263822493034,1290285.9384818885,1289812.2320932404,473.7063886481337
2019-12-17,3.7535490035309604,0.0037535490035309604,975922.7409180497,975564.4475945218,358.29332352790516
2019-12-18,3.9719221124214927,0.003971922112421492,1032699.749229588,1032320.6111996556,379.1380299323937
2019-12-19,3.904109311647449,0.003904109311647449,1015068.4210283367,1014695.7560386509,372.66498968587257
2019-12-20,3.6192542914414645,0.0036192542914414644,941006.1157747807,940660.6414922941,345.4742824865971
2019-12-21,4.3892094992345525,0.004389209499234553,1141194.4698009838,1140775.4997921572,418.97000882658176
2019-12-22,4.276168174206989,0.004276168174206989,1111803.725293817,1111395.545593576,408.1797002409585
2019-12-23,4.3861488871976615,0.004386148887197661,1140398.7106713918,1139980.0328119036,418.6778594881762
2019-12-24,5.051917332301053,0.0050519173323010525,1313498.5063982736,1313016.2779127855,482.2284854881
2019-12-25,2.9751749653504445,0.0029751749653504442,773545.4909911155,773261.497009577,283.99398153845686
2019-12-26,2.674892352668171,0.002674892352668171,695472.0116937244,695216.6810532518,255.33064047258813
2019-12-27,3.291247203834216,0.003291247203834216,855724.2729968962,855410.108482698,314.1645141982008
2019-12-28,4.262052432229187,0.004262052432229187,1108133.6323795887,1107726.800091118,406.8322884705849
2019-12-29,5.161074484875909,0.005161074484875909,1341879.3660677364,1341386.7180355883,492.6480321481358
2019-12-30,4.0461261303132,0.0040461261303132,1051992.793881432,1051606.572740512,386.2211409199517
2019-12-31,3.652353527309111,0.003652353527309111,949611.9171003689,949263.2833452835,348.63375508540776
2020-01-01,2.0510998037234662,0.002051099803723466,533285.9489681012,533090.1621634339,195.78680466732476
2020-01-02,3.485159146491822,0.003485159146491822,906141.3780878737,905808.7037968372,332.674291036441
2020-01-03,3.6465315829664893,0.0036465315829664895,948098.2115712872,947750.1335472675,348.07802401972003
2020-01-04,4.5879514618247335,0.004587951461824734,1192867.3800744307,1192429.4392413963,437.9408330344595
2020-01-05,4.594728417646459,0.004594728417646458,1194629.3885880793,1194190.80086379,438.58772428915836
2020-01-06,5.081115298448498,0.005081115298448498,1321089.9775966096,1320604.9620324604,485.0155641492456
2020-01-07,4.689488822352945,0.004689488822352945,1219267.0938117655,1218819.4607758769,447.63303588866256
2020-01-08,5.15981757629126,0.00515981757629126,1341552.5698357276,1341060.0417812204,492.52805450721644
2020-01-09,3.3876086114479764,0.0033876086114479763,880778.2389764738,880454.8763276672,323.3626488066511
2020-01-10,4.349336466245989,0.0043493364662459885,1130827.481223957,1130412.3172774715,415.1639464853797
2020-01-11,5.093536318479258,0.005093536318479259,1324319.4428046073,1323833.2415976054,486.2012070019264
2020-01-12,3.9873440034938517,0.003987344003493851,1036709.4409084014,1036328.8307888274,380.6101195740048
2020-01-13,3.449206124819274,0.0034492061248192736,896793.5924530112,896464.3500414077,329.24241160345264
2020-01-14,4.198255332724527,0.0041982553327245264,1091546.3865083768,1091145.6439432031,400.74256517365575
2020-01-15,2.361801204047867,0.002361801204047867,614068.3130524454,613842.8683860472,225.4446663982235
2020-01-16,2.454325721758615,0.002454325721758615,638124.6876572398,637890.4111048246,234.27655241522007
2020-01-17,2.1971783964847154,0.0021971783964847154,571266.3830860261,571056.6524153142,209.7306707118405
2020-01-18,5.056971550080025,0.005056971550080025,1314812.6030208066,1314329.892087245,482.71093356166966
2020-01-19,4.226458716456231,0.004226458716456231,1098879.26627862,1098475.8315722002,403.4347064199392
2020-01-20,4.299308095551954,0.0042993080955519535,1117820.104843508,1117409.7163325343,410.3885109736584
2020-01-21,3.9969284102255282,0.003996928410225528,1039201.3866586373,1038819.861663851,381.5249947863631
2020-01-22,3.759379526803585,0.003759379526803585,977438.676968932,977079.8270954406,358.8498734914465
2020-01-23,5.440671807275396,0.005440671807275396,1414574.669891603,1414055.3330234233,519.3368681797292
2020-01-24,5.01070899647669,0.005010708996476689,1302784.3390839393,1302306.044121521,478.29496241826564
2020-01-25,2.5205353853216774,0.0025205353853216773,655339.200183636,655098.6036177122,240.59656592388637
2020-01-26,5.434304108345855,0.005434304108345855,1412919.0681699223,1412400.3391275657,518.729042356601
2020-01-27,5.00018180862815,0.00500018180862815,1300047.270243319,1299569.9801488586,477.2900944603607
2020-01-28,6.143842606703839,0.006143842606703839,1597399.0777429983,1596812.6200239924,586.4577190058772
2020-01-29,4.970975654268469,0.004970975654268469,1292453.670109802,1291979.1678756047,474.5022341972217
2020-01-30,2.0799019231171996,0.0020799019231171998,540774.5000104719,540575.9639125165,198.53609795542434
2020-01-31,3.1385246692958346,0.0031385246692958346,816016.414016917,815716.8275632226,299.58645369438455
2020-02-01,5.352566474014721,0.005352566474014721,1391667.2832438275,1391156.3564304106,510.9268134168815
2020-02-02,4.975884493016827,0.004975884493016827,1293729.968184375,1293254.997379194,474.97080518095754
2020-02-03,3.159906134852346,0.003159906134852346,821575.59506161,821273.9676497852,301.6274118247675
2020-02-04,4.928899400235506,0.004928899400235507,1281513.8440612317,1281043.3581968448,470.4858643868938
2020-02-05,4.4252274090201285,0.004425227409020129,1150559.1263452335,1150136.7182631083,422.4080821252428
2020-02-06,5.453113708843827,0.005453113708843827,1417809.564299395,1417289.039795125,520.5245042701717
2020-02-07,5.621773302621364,0.005621773302621364,1461661.0586815546,1461124.4348519945,536.6238295601215
2020-02-08,5.538229964893117,0.005538229964893117,1439939.7908722104,1439411.1416341916,528.6492380187847
2020-02-09,5.297000504299948,0.005297000504299948,1377220.1311179865,1376714.5083290928,505.6227888937574
2020-02-10,3.3570325901936267,0.003357032590193627,872828.473450343,872508.0294218248,320.44402851816267
2020-02-11,2.418100757815381,0.002418100757815381,628706.1970319991,628475.3783171434,230.81871485570446
2020-02-12,5.907827909832122,0.005907827909832122,1536035.2565563517,1535471.327513557,563.9290427947417
2020-02-13,5.264669705865083,0.005264669705865083,1368814.1235249215,1368311.586857779,502.53666714252904
2020-02-14,5.626069067705007,0.0056260690677050074,1462777.9576033019,1462240.9237234273,537.033879874507
2020-02-15,5.147297849897148,0.005147297849897149,1338297.4409732586,1337806.1079835754,491.33298968314193
2020-02-16,3.86932310026963,0.00386932310026963,1006024.0060701037,1005654.6615825016,369.344487602124
2020-02-17,5.683371297422305,0.005683371297422305,1477676.5373297993,1477134.0336914877,542.5036383115221
2020-02-18,2.804679319929638,0.002804679319929638,729216.6231817058,728948.903784937,267.7193967688363
2020-02-19,2.5639352438558443,0.002563935243855844,666623.1634025195,666378.4241227161,244.7392798034707
2020-02-20,2.937834215080201,0.002937834215080201,763836.8959208522,763556.4662837528,280.4296370993834
2020-02-21,3.8995819799458125,0.0038995819799458125,1013891.3147859112,1013519.0819506266,372.2328352846671
2020-02-22,5.786798172455366,0.005786798172455366,1504567.5248383952,1504015.1486344764,552.3762039188296
2020-02-23,4.0489444530541565,0.004048944453054156,1052725.5577940806,1052339.0676314372,386.49016264337115
2020-02-24,4.998149270672492,0.004998149270672493,1299518.810374848,1299041.7142953796,477.0960794684943
2020-02-25,6.869044817645028,0.006869044817645028,1785951.6525877072,1785295.971019447,655.6815682600718
2020-02-26,6.3255282403089,0.0063255282403089,1644637.342480314,1644033.542041274,603.8004390399437
2020-02-27,5.951747485583529,0.005951747485583529,1547454.3462517175,1546886.2248856712,568.1213660463691
2020-02-28,6.051635901328102,0.006051635901328102,1573425.3343453065,1572847.6781756848,577.6561696217395
2020-03-01,5.774766086600569,0.005774766086600569,1501439.182516148,1500887.954829546,551.2276866021566
2020-03-02,3.8369067470670175,0.0038369067470670174,997595.7542374245,997229.5040381651,366.2501992593752
2020-03-03,3.4455545606094677,0.0034455545606094677,895844.1857584616,895515.2919052694,328.89385319221765
2020-03-04,7.251855034212947,0.007251855034212947,1885482.3088953663,1884790.086350914,692.2225444521755
2020-03-05,6.63050427675486,0.00663050427675486,1723931.1119562637,1723298.2001675142,632.9117887495086
2020-03-06,6.568635082189999,0.006568635082189999,1707845.1213693998,1707218.1152766526,627.0060927472077
2020-03-07,6.984027334069253,0.0069840273340692535,1815847.106858006,1815180.449685613,666.6571723930538
2020-03-08,4.136598581700901,0.004136598581700901,1075515.6312422343,1075120.7740943606,394.8571478736121
2020-03-09,3.0522263527670197,0.0030522263527670195,793578.8517194251,793287.5028325281,291.34888689697254
2020-03-10,4.238128629694657,0.004238128629694657,1101913.4437206108,1101508.8950678974,404.54865271341987
2020-03-11,6.595313994948084,0.006595313994948084,1714781.638686502,1714152.0859701962,629.5527163057122
2020-03-12,4.898519479075474,0.004898519479075474,1273615.0645596234,1273147.4785968792,467.5859627441969
2020-03-13,3.593690640402064,0.003593690640402064,934359.5665045367,934016.5323888053,343.0341157313669
2020-03-14,2.799934891817706,0.0027999348918177056,727983.0718726035,727715.8053530756,267.26651952788234
2020-03-15,3.979638412124032,0.003979638412124032,1034705.9871522483,1034326.1125664156,379.874585832702
2020-03-16,5.693678711335264,0.005693678711335264,1480356.4649471687,1479812.977419321,543.4875278477557
2020-03-17,6.140042699291396,0.006140042699291396,1596411.101815763,1595825.0068152014,586.0950005615596
2020-03-18,4.3979993169112594,0.004397999316911259,1143479.8223969273,1143060.0133600272,419.8090369000565
2020-03-19,6.450681241958915,0.0064506812419589145,1677177.1229093177,1676561.3760470746,615.7468622431625
2020-03-20,6.934342316266285,0.006934342316266285,1802929.0022292342,1802267.0877177578,661.9145114764106
2020-03-21,2.768968148206565,0.0027689681482065648,719931.7185337069,719667.4079306935,264.31060301337857
2020-03-22,5.132451515684911,0.005132451515684911,1334437.3940780768,1333947.4782385153,489.91583956149407
2020-03-23,5.8038675819712955,0.005803867581971296,1509005.571312537,1508451.565755848,554.0055566888768
2020-03-24,8.279556630842565,0.008279556630842564,2152684.724019067,2151894.4026832297,790.321335837245
2020-03-25,8.094158433364406,0.008094158433364406,2104481.1926747453,2103708.5684400485,772.6242346968502
2020-03-26,5.95532809634323,0.00595532809634323,1548385.3050492397,1547816.8418976115,568.4631516281515
2020-03-27,5.624365579664796,0.005624365579664796,1462335.0507128472,1461798.1794386536,536.871274193516
2020-03-28,8.0890873175032,0.008089087317503199,2103162.7025508317,2102390.562377207,772.1401736247353
2020-03-29,6.5482556962482175,0.006548255696248217,1702546.4810245365,1701921.4202368627,625.0607876738068
2020-03-30,6.466439035571893,0.0064664390355718936,1681274.1492486924,1680656.8982333825,617.2510153099429
2020-03-31,8.037521766357983,0.008037521766357983,2089755.6592530755,2088988.4412458278,767.2180072476622
2020-04-01,8.583671509849186,0.008583671509849186,2231754.5925607886,2230935.242076636,819.3504841527902
2020-04-02,6.340708826286085,0.006340708826286085,1648584.2948343821,1647979.0453393694,605.2494950126857
2020-04-03,3.1154674493696835,0.0031154674493696836,810021.5368361177,809724.1512989295,297.38553718826734
2020-04-04,2.719734473131028,0.002719734473131028,707130.9630140673,706871.3519892546,259.6110248126788
2020-04-05,4.123013845416411,0.0041230138454164105,1071983.5998082666,1071590.0393852547,393.56042301189154
2020-04-06,4.0449754945468746,0.004044975494546875,1051693.6285821875,1051307.5172746845,386.11130750295706
2020-04-07,7.255977777771792,0.0072559777777717925,1886554.222220666,1885861.6061415907,692.616079075262
2020-04-08,7.099202001327504,0.007099202001327505,1845792.5203451512,1845114.869226954,677.6511181972455
2020-04-09,5.187278836311889,0.0051872788363118896,1348692.4974410913,1348197.3480844214,495.14935666997917
2020-04-10,5.6994264421163585,0.005699426442116359,1481850.8749502532,1481306.838775362,544.0361748912837
2020-04-11,8.456563162827432,0.008456563162827432,2198706.4223351325,2197899.2049207916,807.2174143409356
2020-04-12,10.010018696714669,0.01001001869671467,2602604.861145814,2601649.3593356474,955.5018101665191
2020-04-13,8.05391945261795,0.008053919452617951,2094019.0576806674,2093250.2744396895,768.7832409779076
2020-04-14,5.544133408419625,0.005544133408419625,1441474.6861891025,1440945.4734405503,529.2127485522069
2020-04-15,8.010777359688399,0.008010777359688399,2082802.1135189838,2082037.4483869863,764.6651319975499
2020-04-16,7.4514852817364865,0.0074514852817364865,1937386.1732514864,1936674.8950919898,711.2781594966073
2020-04-17,5.667058036888879,0.005667058036888879,1473435.0895911085,1472894.1431277075,540.9464634009637
2020-04-18,5.89649187585025,0.00589649187585025,1533087.887721065,1532525.04075427,562.8469667949248
2020-04-19,9.951879964337632,0.009951879964337633,2587488.7907277844,2586538.8385240384,949.9522037459537
2020-04-20,8.626699434405307,0.008626699434405307,2242941.85294538,2242118.395250137,823.4576952429488
2020-04-21,8.865725774833239,0.008865725774833239,2305088.7014566422,2304242.4276101138,846.2738465284929
2020-04-22,7.981399457185026,0.007981399457185026,2075163.8588681067,2074401.9979905137,761.8608775930479
2020-04-23,9.020585941448068,0.009020585941448068,2345352.3447764977,2344491.2888227617,861.0559537359513
2020-04-24,10.105263929759474,0.010105263929759474,2627368.6217374634,2626404.0283366274,964.5934008359909
2020-04-25,8.565290697655454,0.008565290697655454,2226975.581390418,2226157.985438385,817.5959520330653
2020-04-26,9.840858847878254,0.009840858847878253,2558623.300448346,2557683.9457150903,939.3547332556918
2020-04-27,9.659099515374415,0.009659099515374414,2511365.873997348,2510443.869019021,922.0049783270806
2020-04-28,9.196991585155196,0.009196991585155197,2391217.812140351,2390339.9174656305,877.8946747207083
2020-04-29,8.972310316299282,0.008972310316299283,2332800.6822378132,2331944.2344120555,856.4478257577866
2020-04-30,10.041004968967439,0.010041004968967438,2610661.291931534,2609702.832340756,958.4595907782204
2020-05-01,9.933791560054134,0.009933791560054134,2582785.8056140747,2581837.5800307835,948.2255832911469
2020-05-02,9.715399720734386,0.009715399720734385,2526003.92739094,2525076.548301958,927.3790889820084
2020-05-03,8.492339843950042,0.008492339843950042,2208008.3594270106,2207197.726965744,810.6324612665921
2020-05-04,10.061989139258875,0.010061989139258876,2616117.1762073077,2615156.713582039,960.4626252688468
2020-05-05,6.278197299023524,0.006278197299023524,1632331.2977461163,1631732.0152606834,599.2824854329228
2020-05-06,9.277174152621035,0.009277174152621035,2412065.279681469,2411179.7312160134,885.5484654554166
2020-05-07,9.137980224090965,0.009137980224090965,2375874.858263651,2375002.5964917275,872.2617719233967
2020-05-08,8.012463430752037,0.008012463430752037,2083240.4919955297,2082475.665920381,764.8260751487687
2020-05-09,8.646414588610929,0.008646414588610929,2248067.7930388413,2247242.453442465,825.3395963762887
2020-05-10,9.328916410941932,0.009328916410941933,2425518.2668449027,2424627.7793455664,890.4874993362464
2020-05-11,6.547934995370432,0.006547934995370432,1702463.0987963122,1701838.0686209959,625.0301753163803
2020-05-12,9.14592075475086,0.009145920754750859,2377939.3962352234,2377066.376503535,873.0197316883132
2020-05-13,7.178526941226714,0.007178526941226714,1866417.0047189456,1865731.7816744652,685.22304448043
2020-05-14,9.875828714357697,0.009875828714357698,2567715.4657330015,2566772.772966947,942.6927660545334
2020-05-15,5.23014195455976,0.00523014195455976,1359836.9081855377,1359337.6673492894,499.24083624826744
2020-05-16,9.546354367678273,0.009546354367678273,2482052.135596351,2481140.892655137,911.2429412142374
2020-05-17,9.536430616639331,0.00953643061663933,2479471.960326226,2478561.6646521813,910.2956740446389
2020-05-18,10.311490448490659,0.010311490448490659,2680987.5166075714,2680003.2379476046,984.2786599667743
2020-05-19,10.837146243370837,0.010837146243370836,2817658.0232764175,2816623.5683801468,1034.4548962707631
2020-05-20,8.335297761879202,0.008335297761879202,2167177.4180885926,2166381.776008287,795.6420803056099
2020-05-21,9.817651176991863,0.009817651176991862,2552589.306017884,2551652.1665623626,937.1394555214792
2020-05-22,9.825155306692622,0.009825155306692621,2554540.3797400817,2553602.5239812518,937.8557588299736
2020-05-23,7.156806569030157,0.007156806569030157,1860769.707947841,1860086.5582116707,683.1497361701913
2020-05-24,5.787224011864339,0.005787224011864339,1504678.2430847283,1504125.826232501,552.4168522271793
2020-05-25,8.69819511906091,0.008698195119060911,2261530.730955837,2260700.4486723314,830.2822835054249
2020-05-26,8.863970334041749,0.00886397033404175,2304632.2868508548,2303786.1805691337,846.1062817210332
2020-05-27,10.196800807057148,0.010196800807057147,2651168.2098348583,2650194.8788227746,973.3310120836832
2020-05-28,9.025833121741178,0.009025833121741178,2346716.6116527063,2345855.054831747,861.5568209593184
2020-05-29,9.111032698762187,0.009111032698762187,2368868.501678169,2367998.8121700953,869.6895080734976
2020-05-30,7.911294360425008,0.007911294360425009,2056936.5337105023,2056181.3646832332,755.1690272691194
2020-05-31,5.552058524243079,0.005552058524243079,1443535.2163032005,1443005.2470662994,529.96923690103
2020-06-01,7.050464301860716,0.0070504643018607155,1833120.718483786,1832447.719600662,672.9988831242081
2020-06-02,9.071085062751337,0.009071085062751337,2358482.1163153476,2357616.239990813,865.8763245344162
2020-06-03,8.521832070589165,0.008521832070589165,2215676.3383531827,2214862.8907247526,813.4476284300908
2020-06-04,10.437746994851526,0.010437746994851527,2713814.218661397,2712817.8882398657,996.3304215315729
2020-06-05,10.693992806875924,0.010693992806875925,2780438.1297877403,2779417.3395380448,1020.7902496955357
2020-06-06,10.747708769226884,0.010747708769226883,2794404.27999899,2793378.3623163877,1025.9176826020703
2020-06-07,10.481651341286403,0.010481651341286403,2725229.348734465,2724228.827443389,1000.52129107574
2020-06-08,10.25018692495353,0.01025018692495353,2665048.6004879177,2664070.173528081,978.4269598368555
2020-06-09,11.047921815138913,0.011047921815138913,2872459.6719361176,2871405.097552914,1054.574383203406
2020-06-10,9.413087193742973,0.009413087193742974,2447402.670373173,2446504.1483898098,898.5219833632
2020-06-11,9.643667667275238,0.009643667667275238,2507353.593491562,2506433.0615533204,920.5319382417947
2020-06-12,10.381054553879565,0.010381054553879564,2699074.184008687,2698083.265138483,990.9188702036627
2020-06-13,10.210250236121768,0.010210250236121769,2654665.06139166,2653690.4465704043,974.6148212556727
2020-06-14,10.25253449037849,0.01025253449037849,2665658.9674984072,2664680.3164527738,978.65104563348
2020-06-15,10.542672647494562,0.010542672647494563,2741094.8883485864,2740088.542296308,1006.3460522782989
2020-06-16,10.843259218744695,0.010843259218744695,2819247.396873621,2818212.3584660487,1035.0384075720794
2020-06-17,8.497413030247106,0.008497413030247106,2209327.3878642474,2208516.271144276,811.1167199714109
2020-06-18,7.780007798961349,0.007780007798961349,2022802.0277299506,2022059.3906020643,742.6371278862935
2020-06-19,10.27533350098582,0.01027533350098582,2671586.710256313,2670605.882941427,980.8273148857988
2020-06-20,7.594366177755251,0.0075943661777552515,1974535.2062163653,1973810.2894255214,724.9167908439413
2020-06-21,10.477662845416917,0.010477662845416917,2724192.3398083984,2723192.1992373927,1000.1405710056424
2020-06-22,10.478423088974138,0.010478423088974138,2724390.003133276,2723389.7899935655,1000.2131397104822
2020-06-23,6.638252370021121,0.006638252370021121,1725945.6162054916,1725311.9648260013,633.6513794902712
2020-06-24,8.856927364786129,0.008856927364786129,2302801.1148443935,2301955.6808461193,845.4339982741512
2020-06-25,9.247060440070305,0.009247060440070305,2404235.714418279,2403353.0404436435,882.6739746355452
2020-06-26,9.10024576701923,0.00910024576701923,2366063.8994249995,2365195.23957862,868.6598463794217
2020-06-27,7.621382190481408,0.007621382190481408,1981559.369525166,1980831.8739330384,727.4955921275541
2020-06-28,7.780388529915893,0.0077803885299158925,2022901.017778132,2022158.3443077446,742.6734703874681
2020-06-29,7.273402268923199,0.007273402268923199,1891084.5899200316,1890390.3105940295,694.2793260021135
2020-06-30,6.744101133140496,0.006744101133140496,1753466.2946165288,1752822.5394911987,643.7551253300626
2020-07-01,8.075662795818877,0.008075662795818877,2099672.326912908,2098901.4681709325,770.8587419753894
2020-07-02,8.74718898856911,0.00874718898856911,2274269.1370279687,2273434.178056794,834.9589711744338
2020-07-03,10.083612591840968,0.010083612591840967,2621739.2738786517,2620776.7471964904,962.5266821612604
2020-07-04,9.766260096644894,0.009766260096644894,2539227.6251276727,2538295.391184497,932.2339431755245
2020-07-05,10.211590390975566,0.010211590390975566,2655013.501653647,2654038.7589085153,974.7427451317199
2020-07-06,8.412849182315727,0.008412849182315727,2187340.7874020888,2186537.742685999,803.0447160899639
2020-07-07,9.84014097692868,0.00984014097692868,2558436.6540014567,2557497.367792248,939.2862092088908
2020-07-08,10.143475987469378,0.010143475987469378,2637303.7567420383,2636335.5158265056,968.2409155326895
2020-07-09,10.433829610879089,0.010433829610879089,2712795.698828563,2711799.7423391477,995.9564894153737
2020-07-10,10.686675970362012,0.010686675970362013,2778535.752294123,2777515.66046975,1020.0918243732303
2020-07-11,10.628906079144318,0.010628906079144318,2763515.580577523,2762501.003152004,1014.5774255190045
2020-07-12,10.060857865084419,0.010060857865084418,2615823.0449219486,2614862.690281945,960.3546400037594
2020-07-13,11.055321384339436,0.011055321384339435,2874383.5599282533,2873328.279222517,1055.2807057364844
2020-07-14,11.25453411452595,0.01125453411452595,2926178.8697767467,2925104.573309894,1074.2964668525383
2020-07-15,11.036699519391265,0.011036699519391265,2869541.875041729,2868488.3718776936,1053.5031640352681
2020-07-16,9.91125837728751,0.00991125837728751,2576927.1780947526,2575981.1034062374,946.0746885151602
2020-07-17,10.384564585179183,0.010384564585179182,2699986.7921465873,2698995.5382279325,991.253918654751
2020-07-18,9.696741025469406,0.009696741025469406,2521152.6666220454,2520227.0685903863,925.5980316591449
2020-07-19,9.778938419648371,0.00977893841964837,2542523.9891085764,2541590.544961809,933.4441467672586
2020-07-20,9.895131914899276,0.009895131914899276,2572734.297873812,2571789.7625294747,944.5353443371132
2020-07-21,9.56528277370695,0.00956528277370695,2486973.5211638073,2486060.471420151,913.049743656069
2020-07-22,9.196753825390967,0.009196753825390968,2391155.9946016516,2390278.1226221817,877.8719794698991
2020-07-23,9.914906466069008,0.009914906466069007,2577875.681177942,2576929.2582627614,946.4229151806794
2020-07-24,9.550444119737834,0.009550444119737834,2483115.471131837,2482203.8378051883,911.6333266487345
2020-07-25,8.14500955894833,0.008145009558948329,2117702.4853265653,2116925.0071206605,777.4782059048302
2020-07-26,8.58180164837174,0.00858180164837174,2231268.4285766524,2230449.2565792818,819.171997370664
2020-07-27,9.282216447027443,0.009282216447027442,2413376.2762271347,2412490.2464517457,886.0297753890045
2020-07-28,10.083885419840097,0.010083885419840097,2621810.209158425,2620847.6564335907,962.5527248345315
2020-07-29,10.097473779756125,0.010097473779756125,2625343.1827365924,2624379.332941004,963.8497955882922
2020-07-30,8.164143181659995,0.008164143181659995,2122677.2272315985,2121897.922634386,779.3045972124673
2020-07-31,8.449839866007437,0.008449839866007437,2196958.3651619335,2196151.7895168513,806.5756450821646
2020-08-01,9.863171987250226,0.009863171987250226,2564424.716685059,2563483.23206117,941.4846238889731
2020-08-02,8.787613407466882,0.008787613407466881,2284779.485941389,2283940.6682755807,838.8176658083685
2020-08-03,7.604291189523031,0.007604291189523031,1977115.7092759882,1976389.845097632,725.8641783562489
2020-08-04,10.338236696140934,0.010338236696140934,2687941.540996643,2686954.7092856956,986.8317109472118
2020-08-05,10.599403463281416,0.010599403463281415,2755844.900453168,2754833.139186511,1011.7612666571513
2020-08-06,10.634229831545884,0.010634229831545884,2764899.75620193,2763884.6706000315,1015.0856018983759
2020-08-07,10.680163466723945,0.010680163466723945,2776842.501348226,2775823.0311719435,1019.4701762823388
2020-08-08,10.281528585687695,0.010281528585687696,2673197.4322788008,2672216.013614905,981.418663895689
2020-08-09,10.848437104817714,0.010848437104817714,2820593.6472526058,2819558.1145922593,1035.5326603464782
2020-08-10,10.816842218130343,0.010816842218130344,2812378.9767138893,2811346.4599291706,1032.5167847187258
2020-08-11,10.653515471453693,0.010653515471453693,2769914.02257796,2768897.0960740214,1016.9265039386228
2020-08-12,10.424669389751713,0.010424669389751713,2710414.0413354454,2709418.9592307974,995.0821046479978
2020-08-13,10.432676588825116,0.010432676588825116,2712495.91309453,2711500.0666663134,995.846428216435
2020-08-14,10.206844101814337,0.010206844101814336,2653779.4664717275,2652805.1767814825,974.2896902449429
2020-08-15,9.485183082417894,0.009485183082417893,2466147.601428652,2465242.197564823,905.4038638290949
2020-08-16,9.729157179723224,0.009729157179723223,2529580.866728038,2528652.174427027,928.6923010111786
2020-08-17,7.432527506523346,0.007432527506523346,1932457.15169607,1931747.6831424374,709.4685536327306
2020-08-18,7.975551946716142,0.007975551946716142,2073643.506146197,2072882.2034400727,761.302706124261
2020-08-19,8.609415106737606,0.008609415106737605,2238447.927751777,2237626.1199242193,821.8078275579028
2020-08-20,8.310301283366861,0.008310301283366862,2160678.333675384,2159885.0776226367,793.2560527473688
2020-08-21,9.217059354314676,0.009217059354314676,2396435.4321218156,2395555.6218872606,879.8102345550433
2020-08-22,9.420365384832365,0.009420365384832366,2449295.000056415,2448395.783336611,899.216719803866
2020-08-23,9.371552243694143,0.009371552243694143,2436603.5833604774,2435709.026076997,894.557283480186
2020-08-24,8.385387825267653,0.008385387825267652,2180200.8345695897,2179400.411164924,800.4234046656638
2020-08-25,7.735209258202021,0.007735209258202021,2011154.4071325255,2010416.0462290985,738.3609034270048
2020-08-26,7.838492885011562,0.007838492885011563,2038008.1501030063,2037259.9303076663,748.2197953399736
2020-08-27,8.735832198257503,0.008735832198257503,2271316.3715469507,2270482.496633062,833.8749138885178
2020-08-28,9.436971401385092,0.009436971401385092,2453612.564360124,2452711.762520516,900.8018396082334
2020-08-29,9.62750652429206,0.00962750652429206,2503151.696315936,2502232.7070322926,918.9892836431973
2020-08-30,9.990248271195684,0.009990248271195684,2597464.5505108777,2596510.935877743,953.6146331345662
2020-08-31,9.34944287078466,0.00934944287078466,2430855.1464040116,2429962.6995607293,892.4468432823196
2020-09-01,6.0985043956303135,0.0060985043956303135,1585611.1428638815,1585029.0128833207,582.1299805608578
2020-09-02,6.489372142622077,0.0064893721426220775,1687236.75708174,1686617.3169970624,619.4400846776552
2020-09-03,8.516857407795792,0.008516857407795791,2214382.926026906,2213569.9532526643,812.9727742415853
2020-09-04,6.318253449480541,0.006318253449480541,1642745.8968649406,1642142.790837771,603.1060271696188
2020-09-05,6.53506996721974,0.00653506996721974,1699118.1914771325,1698494.3893272632,623.8021498692688
2020-09-06,7.334175675594366,0.007334175675594366,1906885.6756545352,1906185.5952304688,700.0804240664002
2020-09-07,7.7699094650315095,0.007769909465031509,2020176.4609081924,2019434.787712207,741.6731959853787
2020-09-08,5.181891369614619,0.005181891369614619,1347291.756099801,1346797.1210013295,494.6350984715391
2020-09-09,4.939023250527311,0.0049390232505273106,1284146.0451371009,1283674.5929051603,471.45223194058053
2020-09-10,4.09250335654731,0.00409250335654731,1064050.8727023005,1063660.224644213,390.648058087565
2020-09-11,5.496284617725073,0.005496284617725073,1429034.000608519,1428509.3552446547,524.6453638642561
2020-09-12,6.25187781705231,0.00625187781705231,1625488.2324336006,1624891.4622624228,596.7701711778063
2020-09-13,2.686499375072753,0.002686499375072753,698489.8375189158,698233.398935366,256.4385835498106
2020-09-14,6.002263489988799,0.006002263489988799,1560588.5073970878,1560015.564048674,572.943348413799
2020-09-15,7.325995561287683,0.007325995561287683,1904758.8459347975,1904059.5463398448,699.2995949527249
2020-09-16,6.211608610201438,0.0062116086102014375,1615018.2386523737,1614425.312360134,592.9262922396883
2020-09-17,7.034153442903081,0.007034153442903081,1828879.895154801,1828208.453217346,671.4419374549761
2020-09-18,7.188461017459032,0.007188461017459032,1868999.8645393483,1868313.6932421112,686.1712972370442
2020-09-19,7.015542284519655,0.007015542284519655,1824040.9939751104,1823371.3285573667,669.665417743614
2020-09-20,6.537725970983225,0.0065377259709832256,1699808.7524556387,1699184.6967781307,624.055677508004
2020-09-21,4.553970486068867,0.004553970486068867,1184032.3263779054,1183597.6291835525,434.69719435297884
2020-09-22,7.675398610923283,0.007675398610923283,1995603.6388400537,1994870.9871349283,732.6517051253468
2020-09-23,6.986082961758067,0.006986082961758067,1816381.5700570974,1815714.7166656924,666.8533914049622
2020-09-24,5.787846213176923,0.005787846213176923,1504840.015426,1504287.5391818278,552.4762441723142
2020-09-25,7.419305984771956,0.007419305984771956,1929019.5560407087,1928311.3495414588,708.2064992499072
2020-09-26,7.109791933505813,0.0071097919335058124,1848545.9027115111,1847867.2407361243,678.6619753867853
2020-09-27,7.338586932175232,0.007338586932175232,1908032.6023655604,1907332.1008669909,700.5014985695016
2020-09-28,6.981205392999948,0.006981205392999948,1815113.4021799867,1814447.014374703,666.3878052837681
2020-09-29,6.927375329718047,0.0069273753297180475,1801117.5857266923,1800456.3362457678,661.2494809245691
2020-09-30,7.225537904104513,0.007225537904104513,1878639.8550671735,1877950.1446124804,689.7104546930641
2020-10-01,7.067038818352572,0.007067038818352572,1837430.0927716687,1836755.5117755644,674.5809961042833
2020-10-02,7.28208924817376,0.00728208924817376,1893343.2045251776,1892648.0959874976,695.1085376800038
2020-10-03,7.598171222186792,0.007598171222186792,1975524.517768566,1974799.2377689257,725.2799996403046
2020-10-04,6.799435882645275,0.006799435882645275,1767853.3294877715,1767204.2924089388,649.0370788327418
2020-10-05,7.416756189985636,0.007416756189985636,1928356.6093962654,1927648.6462865241,707.9631097412203
2020-10-06,7.313854104979099,0.007313854104979099,1901602.0672945657,1900903.926656837,698.1406377286185
2020-10-07,7.080586103219837,0.007080586103219837,1840952.3868371577,1840276.5126911,675.8741460577585
2020-10-08,6.841313083758949,0.0068413130837589485,1778741.4017773266,1778088.36732919,653.0344481365755
2020-10-09,6.589280120842177,0.006589280120842177,1713212.831418966,1712583.8546633855,628.9767555803992
2020-10-10,6.927096338298812,0.0069270963382988115,1801045.047957691,1800383.8251077663,661.222849924583
2020-10-11,7.316979389811361,0.007316979389811361,1902414.6413509538,1901716.2023905742,698.4389603796881
2020-10-12,6.869170157349502,0.0068691701573495014,1785984.2409108705,1785328.5473783656,655.6935325048398
2020-10-13,6.299089833694829,0.006299089833694829,1637763.3567606555,1637162.0799877688,601.2767728867475
2020-10-14,6.984916752769136,0.006984916752769136,1816078.3557199754,1815411.6136485224,666.7420714530163
2020-10-15,7.439426810816734,0.007439426810816734,1934250.9708123507,1933540.8436887453,710.1271236054599
2020-10-16,6.375927933712381,0.006375927933712381,1657741.262765219,1657132.651446226,608.6113189929165
2020-10-17,7.219542114069836,0.007219542114069836,1877080.9496581573,1876391.8115288918,689.1381292655133
2020-10-18,6.896090600518805,0.006896090600518805,1792983.5561348894,1792325.2929236498,658.263211239595
2020-10-19,5.679130969617503,0.005679130969617504,1476574.0521005508,1476031.9532208133,542.0988797375467
2020-10-20,6.217204870073846,0.006217204870073846,1616473.2662191999,1615879.8057385036,593.4604806962889
2020-10-21,7.052158256277399,0.007052158256277399,1833561.1466321237,1832887.9860533464,673.1605787773151
2020-10-22,6.349480822905255,0.006349480822905255,1650865.013955366,1650258.9271333811,606.0868219849654
2020-10-23,5.270111811747178,0.005270111811747178,1370229.0710542663,1369726.0149133666,503.0561408996582
2020-10-24,5.491607841979495,0.005491607841979495,1427818.0389146686,1427293.8399703193,524.1989443493076
2020-10-25,5.675850809723025,0.005675850809723025,1475721.2105279865,1475179.4247544291,541.785773557378
2020-10-26,3.421977176486021,0.0034219771764860208,889714.0658863654,889387.4226017176,326.6432846477255
2020-10-27,2.8136969310173954,0.002813696931017395,731561.2020645228,731292.6218957636,268.5801687592175
2020-10-28,6.4033478806498945,0.006403347880649894,1664870.4489689725,1664259.2202913384,611.2286776341498
2020-10-29,6.459348748332029,0.0064593487483320285,1679430.6745663274,1678814.100351181,616.5742151462473
2020-10-30,5.517418458768274,0.005517418458768274,1434528.7992797513,1434002.1365946427,526.6626851086039
2020-10-31,5.53988906148988,0.00553988906148988,1440371.155987369,1439842.3483810343,528.8076063345652
2020-11-01,5.9853270149502675,0.005985327014950268,1556185.0238870697,1555613.6972022254,571.3266848442145
2020-11-02,5.528586867836801,0.005528586867836801,1437432.5856375683,1436904.8568770203,527.728760547936
2020-11-03,6.304860169468391,0.006304860169468391,1639263.6440617817,1638661.816484102,601.8275776796509
2020-11-04,6.056308200449394,0.006056308200449395,1574640.1321168425,1574062.02995502,578.1021618226077
2020-11-05,5.29573835439594,0.00529573835439594,1376891.9721429443,1376386.4698319994,505.50231094495393
2020-11-06,5.821199543874239,0.005821199543874239,1513511.881407302,1512956.221436024,555.6599712781608
2020-11-07,5.305931447152731,0.005305931447152731,1379542.1762597102,1379035.7009717033,506.4752880069427
2020-11-08,6.269666209572775,0.006269666209572775,1630113.2144889215,1629514.7463347758,598.4681541456375
2020-11-09,5.533156600887289,0.00553315660088729,1438620.7162306954,1438092.5512683445,528.1649623508565
2020-11-10,5.968196660519081,0.005968196660519081,1551731.131734961,1551161.440220356,569.6915146049578
2020-11-11,5.1552226818102564,0.005155222681810257,1340357.8972706667,1339865.8078197353,492.0894509314094
2020-11-12,5.480447614201289,0.005480447614201289,1424916.3796923351,1424393.246042484,523.1336498511955
2020-11-13,3.657547600377357,0.003657547600377357,950962.3760981128,950613.2465451303,349.1295529825147
2020-11-14,4.813545905576694,0.004813545905576694,1251521.9354499404,1251062.4606012465,459.4748486939352
2020-11-15,5.431882651159303,0.005431882651159303,1412289.489301419,1411770.9913981636,518.4979032552801
2020-11-16,5.164599051241224,0.005164599051241224,1342795.7533227182,1342302.7688546807,492.9844680374954
2020-11-17,5.052204731114306,0.005052204731114306,1313573.2300897194,1313090.9741707074,482.25591901200823
2020-11-18,4.974236824589359,0.0049742368245893585,1293301.5743932333,1292826.7608654972,474.81352773611434
2020-11-19,5.508488868673964,0.005508488868673964,1432207.1058552307,1431681.2955401086,525.8103151221294
2020-11-20,5.377808377131755,0.005377808377131755,1398230.1780542564,1397716.8417863867,513.3362678696867
2020-11-21,4.855707582676647,0.004855707582676647,1262483.9714959282,1262020.4721234038,463.49937252444215
2020-11-22,4.345295457589918,0.004345295457589918,1129776.8189733787,1129362.040759548,414.77821383066475
2020-11-23,5.576453093729486,0.005576453093729486,1449877.8043696664,1449345.5065601612,532.2978095051367
2020-11-24,5.822182458308923,0.005822182458308923,1513767.43916032,1513211.6853653886,555.753794931341
2020-11-25,5.058982990417172,0.005058982990417172,1315335.5775084647,1314852.6745737747,482.9029346900061
2020-11-26,4.032197101925692,0.004032197101925692,1048371.24650068,1047986.3549488689,384.89155181113165
2020-11-27,3.5533158038118753,0.003553315803811875,923862.1089910875,923522.9288371335,339.18015395407565
2020-11-28,2.7520875288318116,0.0027520875288318115,715542.757496271,715280.05822515,262.69927112106234
2020-11-29,5.156453251942403,0.005156453251942403,1340677.8455050248,1340185.6385905775,492.206914447248
2020-11-30,4.274578268888871,0.0042745782688888715,1111390.3499111065,1110982.3219745592,408.0279365472961
2020-12-01,4.790176447313258,0.004790176447313258,1245445.876301447,1244988.6321738285,457.24412761838175
2020-12-02,5.111943167299172,0.005111943167299172,1329105.2234977847,1328617.2652733484,487.9582244362682
2020-12-03,4.410632727854592,0.004410632727854592,1146764.509242194,1146343.4942887628,421.0149534312077
2020-12-04,3.465098172604064,0.003465098172604064,900925.5248770567,900594.7654972152,330.7593798415037
2020-12-05,2.528808134682971,0.002528808134682971,657490.1150175724,657248.7287800976,241.3862374748569
2020-12-06,4.822496950217407,0.004822496950217407,1253849.2070565259,1253388.8777899116,460.32926661428064
2020-12-07,4.407998313445952,0.004407998313445952,1146079.5614959477,1145658.798009353,420.7634865946602
2020-12-08,4.591270667008841,0.004591270667008841,1193730.3734222986,1193292.1157560337,438.2576662648935
2020-12-09,4.648855608390477,0.004648855608390477,1208702.4581815242,1208258.703770708,443.7544108161237
2020-12-10,4.9595800451602585,0.004959580045160258,1289490.811741667,1289017.3972701866,473.41447148052976
2020-12-11,4.250793663874384,0.0042507936638743835,1105206.3526073396,1104800.5950195133,405.7575878263451
2020-12-12,4.850307295013795,0.0048503072950137945,1261079.8967035867,1260616.91281308,462.98389050667174
2020-12-13,5.678919046133316,0.005678919046133316,1476518.9519946622,1475976.873343985,542.078650677111
2020-12-14,4.274891417711419,0.004274891417711419,1111471.768604969,1111063.7107769423,408.05782802659087
2020-12-15,5.119927258913806,0.005119927258913806,1331181.0873175897,1330692.3669752972,488.72034229245037
2020-12-16,4.1373702106616985,0.004137370210661699,1075716.2547720417,1075321.3239686743,394.9308033674024
2020-12-17,4.413149295017248,0.0044131492950172475,1147418.8167044844,1146997.561533272,421.2551712123677
2020-12-18,4.764778269809585,0.004764778269809585,1238842.350150492,1238387.5303944272,454.8197560647968
2020-12-19,4.895155923341207,0.004895155923341207,1272740.540068714,1272273.275172662,467.2648960519582
2020-12-20,4.801881860625589,0.004801881860625589,1248489.2837626531,1248030.9223000978,458.36146255536005
2020-12-21,4.459837228110997,0.0044598372281109975,1159557.6793088594,1159131.9675620967,425.7117467627395
2020-12-22,4.534994529853418,0.004534994529853419,1179098.5777618887,1178665.6919088592,432.8858530295547
2020-12-23,4.876424989603994,0.004876424989603994,1267870.4972970386,1267405.0203538002,465.4769432384055
2020-12-24,4.490820040644079,0.004490820040644079,1167613.2105674604,1167184.5413703315,428.66919712885283
2020-12-25,4.291466726441218,0.004291466726441218,1115781.3488747166,1115371.7088580872,409.6400166293606
2020-12-26,4.499968819942079,0.004499968819942079,1169991.8931849406,1169562.350695219,429.5424897216726
2020-12-27,4.4559390856122745,0.004455939085612274,1158544.1622591913,1158118.8226078586,425.3396513327025
2020-12-28,4.251260841479456,0.004251260841479456,1105327.8187846586,1104922.016602605,405.80218205344863
2020-12-29,5.04563112447934,0.00504563112447934,1311864.0923646283,1311382.4639262664,481.6284383619204
2020-12-30,2.6359978061356544,0.0026359978061356545,685359.4295952702,685107.8116161566,251.61797911359463
2020-12-31,2.44505192530529,0.00244505192530529,635713.5005793754,635480.109253009,233.3913263664581
2021-01-01,3.5565484001883467,0.0035565484001883465,924702.5840489701,924363.0953289901,339.4887199799996
2021-01-02,3.422427906919032,0.003422427906919032,889831.2557989483,889504.5694900309,326.68630891747307
2021-01-03,3.5509332843399406,0.0035509332843399405,923242.6539283845,922903.7011967498,338.952731634723
2021-01-04,3.8660704968627324,0.0038660704968627325,1005178.3291843104,1004809.2951724962,369.0340118141612
2021-01-05,3.6173525689180135,0.0036173525689180133,940511.6679186835,940166.3751642609,345.2927544226404
2021-01-06,4.984874948534112,0.004984874948534112,1296067.486618869,1295591.6576338203,475.8289850486908
2021-01-07,4.334002819879392,0.004334002819879392,1126840.7331686418,1126427.0328884395,413.70028020231985
2021-01-08,4.06620309634085,0.004066203096340849,1057212.8050486208,1056824.6674699835,388.1375786373392
2021-01-09,2.4014250700423556,0.0024014250700423556,624370.5182110125,624141.2912663957,229.22694461676292
2021-01-10,2.3364312112337005,0.0023364312112337006,607472.1149207621,607249.0919355608,223.022985201329
2021-01-11,3.553815717741243,0.003553815717741243,923992.0866127232,923652.858739711,339.2278730121907
2021-01-12,3.1727010634129957,0.0031727010634129958,824902.2764873789,824599.4277414317,302.84874594712164
2021-01-13,4.629917395796917,0.004629917395796917,1203778.5229071984,1203336.5762349053,441.9466722931247
2021-01-14,5.248538772597343,0.005248538772597343,1364620.0808753092,1364119.0839791105,500.9968961987179
2021-01-15,4.172324612341866,0.004172324612341865,1084804.399208885,1084406.1318489045,398.267359980382
2021-01-16,4.674150819069857,0.004674150819069857,1215279.2129581629,1214833.0440044447,446.1689537181519
2021-01-17,4.374076813272439,0.004374076813272439,1137259.971450834,1136842.4459257058,417.52552512823604
2021-01-18,4.807767660493118,0.004807767660493118,1250019.5917282107,1249560.6684392893,458.9232889213599
2021-01-19,2.4029245981208516,0.0024029245981208518,624760.3955114215,624531.0254300298,229.37008139165118
2021-01-20,2.4817848309557324,0.0024817848309557325,645264.0560484905,645027.1583992183,236.89764927211218
2021-01-21,2.2904841715741195,0.0022904841715741197,595525.8846092711,595307.2474779723,218.63713129877578
2021-01-22,5.078941107172016,0.005078941107172016,1320524.687864724,1320039.8798370205,484.80802770354785
2021-01-23,2.5568315223853304,0.0025568315223853306,664776.1958201859,664532.1346229045,244.06119728146587
2021-01-24,3.4009827188343587,0.0034009827188343587,884255.5068969333,883930.8676287512,324.63926818210166
2021-01-25,5.622304878526868,0.005622304878526868,1461799.2684169859,1461262.593846088,536.6745708978269
2021-01-26,5.272357351778463,0.005272357351778462,1370812.9114624,1370309.6409744916,503.27048790850677
2021-01-27,4.980092665715697,0.004980092665715697,1294824.0930860813,1294348.7205916774,475.37249440397136
2021-01-28,4.0877566644556875,0.004087756664455687,1062816.7327584787,1062426.5377937392,390.194964739494
2021-01-29,4.0314271004384965,0.004031427100438497,1048171.0461140091,1047786.2280623418,384.8180516673019
2021-01-30,5.7587383384299375,0.005758738338429938,1497271.9679917837,1496722.2702266388,549.6977651449852
2021-01-31,5.533988299060037,0.005533988299060037,1438836.9577556096,1438308.7134038857,528.2443517239299
2021-02-01,4.709598882912159,0.004709598882912159,1224495.7095571614,1224046.1569245318,449.55263262963854
2021-02-02,4.9943330173662215,0.004994333017366221,1298526.5845152175,1298049.8527144834,476.7318007340655
2021-02-03,5.196132284390355,0.005196132284390355,1350994.3939414923,1350498.3994829378,495.9944585545454
2021-02-04,5.109661586441151,0.0051096615864411506,1328512.0124746992,1328024.2720375326,487.7404371665325
2021-02-05,5.187212801879306,0.005187212801879306,1348675.3284886195,1348180.1854352364,495.1430533831008
2021-02-06,5.989019744692185,0.0059890197446921855,1557145.1336199683,1556573.4544472757,571.6791726925876
2021-02-07,5.849779788921713,0.005849779788921713,1520942.7451196453,1520384.3570339943,558.3880856509786
2021-02-08,5.378371737250023,0.005378371737250023,1398376.651685006,1397863.261641851,513.3900431550574
2021-02-09,5.687947902255882,0.005687947902255882,1478866.4545865292,1478323.514090472,542.940496057272
2021-02-10,4.552228693653618,0.004552228693653617,1183579.4603499405,1183144.9294175953,434.53093234519474
2021-02-11,2.448242036019289,0.002448242036019289,636542.9293650151,636309.2335280724,233.69583694275934
2021-02-12,2.023365541104491,0.002023365541104491,526075.0406871677,525881.9012440027,193.13944316492416
2021-02-13,1.8898756201147868,0.0018898756201147868,491367.66122984455,491187.2640067503,180.39722309424542
2021-02-14,2.0602086383468747,0.002060208638346875,535654.2459701875,535457.5896858284,196.65628435905091
2021-02-15,3.687446417085488,0.0036874464170854877,958736.0684422269,958384.0849112098,351.98353101708926
2021-02-16,3.6551230524151967,0.003655123052415197,950331.9936279512,949983.0955090986,348.8981188526377
2021-02-17,3.564171591172144,0.0035641715911721443,926684.6137047575,926344.3973165278,340.21638822974637
2021-02-18,1.9668862353518137,0.0019668862353518137,511390.42119147157,511202.6729549087,187.74823656288208
2021-02-19,4.625243222522414,0.004625243222522414,1202563.2378558277,1202121.7373546318,441.50050119590014
2021-02-20,5.9464602793474945,0.0059464602793474946,1546079.6726303485,1545512.0559521834,567.616678165039
2021-02-21,4.911034534934513,0.004911034534934512,1276868.9790829732,1276400.1985012288,468.78058174438775
2021-02-22,5.844696933258496,0.0058446969332584964,1519621.2026472092,1519063.2997432481,557.9029039610177
2021-02-23,5.30383414067905,0.00530383414067905,1378996.876576553,1378490.6014859877,506.2750905654393
2021-02-24,5.452694020303279,0.005452694020303279,1417700.4452788525,1417179.960835762,520.4844430903904
2021-02-25,2.5621879995165058,0.0025621879995165056,666168.8798742915,665924.3073769066,244.57249738485552
2021-02-26,5.718970591535011,0.0057189705915350105,1486932.3537991028,1486386.4520462626,545.9017528402619
2021-02-27,3.876534953944262,0.003876534953944262,1007899.0880255082,1007529.0551336734,370.0328918348532
2021-02-28,3.7615201198743597,0.0037615201198743595,977995.2311673334,977636.176964498,359.0542028354248
2021-03-01,4.6270967189165075,0.004627096718916508,1203045.146918292,1202603.4694924355,441.6774258564692
2021-03-02,5.929771777050649,0.005929771777050649,1541740.6620331688,1541174.6383484474,566.0236847214401
2021-03-03,6.3363535533763065,0.006336353553376307,1647451.9238778397,1646847.090113434,604.8337644056883
2021-03-04,6.100754860115619,0.006100754860115619,1586196.263630061,1585613.91883243,582.3447976310272
2021-03-05,7.490833095900608,0.0074908330959006075,1947616.604934158,1946901.5708468454,715.0340873126406
2021-03-06,6.271627507002426,0.006271627507002426,1630623.1518206308,1630024.4964517255,598.6553689052816
2021-03-07,5.4952167678040285,0.0054952167678040285,1428756.3596290473,1428231.8161963148,524.5434327325784
2021-03-08,6.285194996125129,0.006285194996125129,1634150.6989925334,1633550.7485450865,599.9504474468995
2021-03-09,5.328881476433788,0.005328881476433788,1385509.183872785,1385000.5179001065,508.66597267845646
2021-03-10,2.8913862229655014,0.0028913862229655012,751760.4179710303,751484.4220060238,275.9959650065284
2021-03-11,4.867896414680161,0.004867896414680161,1265653.0678168419,1265188.4049648677,464.66285197413526
2021-03-12,5.393746458441613,0.005393746458441612,1402374.0791948193,1401859.2215646023,514.8576302169822
2021-03-13,6.752337788130863,0.006752337788130862,1755607.8249140242,1754963.283562515,644.5413515092805
2021-03-14,7.9888107327951925,0.007988810732795193,2077090.7905267503,2076328.2222091937,762.5683175565209
2021-03-15,7.203177734660414,0.007203177734660415,1872826.2110117078,1872138.6349368822,687.5760748255998
2021-03-16,7.088623240307544,0.0070886232403075435,1843042.0424799614,1842365.4011526157,676.6413273457438
2021-03-17,8.378624015912706,0.008378624015912706,2178442.2441373034,2177642.4663690026,799.7777683008462
2021-03-18,6.92500850036776,0.00692500850036776,1800502.2100956177,1799841.186539319,661.0235562985763
2021-03-19,6.599777464024491,0.006599777464024491,1715942.1406463676,1715312.1618716386,629.978774728952
2021-03-20,7.435623189142673,0.007435623189142673,1933262.0291770948,1932552.265126477,709.7640506178141
2021-03-21,7.715552324387997,0.007715552324387997,2006043.6043408792,2005307.1197811845,736.4845596947707
2021-03-22,5.461913695210234,0.0054619136952102345,1420097.560754661,1419576.1962516697,521.3645029913168
2021-03-23,7.983272743506722,0.007983272743506723,2075650.9133117478,2074888.8736204559,762.0396912919823
2021-03-24,7.367886357853418,0.0073678863578534185,1915650.4530418888,1914947.1547798845,703.2982620042749
2021-03-25,8.142062247981311,0.008142062247981311,2116936.184475141,2116158.987603472,777.1968716690317
2021-03-26,8.575028742431423,0.008575028742431422,2229507.4730321695,2228688.947539474,818.5254926956259
2021-03-27,8.359827253125939,0.008359827253125939,2173555.085812744,2172757.102280939,797.983531805221
2021-03-28,7.592364019740601,0.007592364019740601,1974014.6451325563,1973289.9194568007,724.7256757556461
2021-03-29,8.364206688712652,0.008364206688712652,2174693.7390652895,2173895.33749644,798.401568849571
2021-03-30,5.913704456648813,0.005913704456648813,1537563.1587286913,1536998.6687427764,564.4899859149009
2021-03-31,6.987373573277569,0.006987373573277569,1816717.129052168,1816050.1524660238,666.9765861441847
2021-04-01,7.402600529534788,0.007402600529534788,1924676.1376790449,1923969.5257914737,706.6118875711691
2021-04-02,7.870248721570201,0.007870248721570201,2046264.6676082523,2045513.4165738872,751.2510343650356
2021-04-03,4.715767403016898,0.004715767403016898,1226099.5247843934,1225649.3833384654,450.1414459280204
2021-04-04,3.5993131467691724,0.003599313146769172,935821.4181599848,935477.8473504495,343.57080953521654
2021-04-05,7.984467498872362,0.007984467498872362,2075961.549706814,2075199.3959706887,762.153736125445
2021-04-06,8.450731803496975,0.008450731803496975,2197190.2689092136,2196383.6081246417,806.6607845718972
2021-04-07,9.249618177770355,0.009249618177770355,2404900.7262202925,2404017.808097961,882.9181223316118
2021-04-08,8.71979719281418,0.008719797192814181,2267147.270131687,2266314.9258319954,832.3442996917292
2021-04-09,9.84776481125571,0.009847764811255709,2560418.8509264844,2559478.836987616,940.0139388684183
2021-04-10,8.620414781503428,0.008620414781503428,2241307.843190891,2240484.9853943503,822.8577965409495
2021-04-11,8.64679811086501,0.00864679811086501,2248167.5088249026,2247342.132619583,825.3762053195387
2021-04-12,5.61958908913212,0.00561958908913212,1461093.163174351,1460556.7478379023,536.4153364486992
2021-04-13,4.0208852626686795,0.004020885262668679,1045430.1682938567,1045046.3565085488,383.81178530782927
2021-04-14,4.645576268140194,0.004645576268140193,1207849.8297164503,1207406.3883335756,443.4413828747347
2021-04-15,4.033934558953675,0.0040339345589536744,1048822.9853279553,1048437.9279279689,385.0573999864282
2021-04-16,6.9158260850188125,0.006915826085018812,1798114.7821048913,1797454.6350518994,660.1470529919025
2021-04-17,7.193110859463753,0.007193110859463754,1870208.823460576,1869522.208314772,686.6151458038948
2021-04-18,5.864889206073742,0.005864889206073742,1524871.193579173,1524311.3632309372,559.8303482357878
2021-04-19,4.271710505335,0.004271710505335,1110644.7313871,1110236.9771916263,407.75419547362253
2021-04-20,8.8773035217566,0.0088773035217566,2308098.9156567156,2307251.5366615877,847.3789951279759
2021-04-21,5.053091340313723,0.005053091340313723,1313803.7484815682,1313321.407931676,482.34054989228025
2021-04-22,3.9919241361509363,0.003991924136150936,1037900.2753992433,1037519.2280851768,381.0473140665563
2021-04-23,8.61722698836253,0.00861722698836253,2240479.016974258,2239656.4634670704,822.5535071874037
2021-04-24,9.639590138944412,0.009639590138944411,2506293.436125547,2505373.293405929,920.1427196180448
2021-04-25,9.48318675041751,0.009483186750417509,2465628.5551085523,2464723.341803692,905.2133048605174
2021-04-26,7.051461875531607,0.007051461875531607,1833380.0876382177,1832706.9935321498,673.0941060679033
2021-04-27,5.238885337048222,0.005238885337048222,1362110.1876325377,1361610.112200666,500.0754318716936
2021-04-28,7.662206922309598,0.007662206922309598,1992173.7998004954,1991442.4073020439,731.3924984515179
2021-04-29,6.994303793942233,0.0069943037939422335,1818518.9864249807,1817851.3483177554,667.6381072252989
2021-04-30,5.172520138926093,0.005172520138926094,1344855.2361207844,1344361.4955489023,493.7405718821101
2021-05-01,3.5928034014382617,0.003592803401438262,934128.8843739481,933785.934949211,342.9494247371331
2021-05-02,9.622780146842441,0.00962278014684244,2501922.8381790346,2501004.3000496146,918.5381294200197
2021-05-03,9.824277712601502,0.009824277712601501,2554312.2052763905,2553374.433287908,937.7719884826802
2021-05-04,9.451441923056983,0.009451441923056983,2457374.8999948157,2456472.716878102,902.1831167135388
2021-05-05,8.902078750985806,0.008902078750985806,2314540.4752563094,2313690.7313528736,849.7439034357667
2021-05-06,9.546165473755188,0.009546165473755188,2482003.023176349,2481091.798265918,911.2249104306102
2021-05-07,9.670999974550185,0.009670999974550185,2514459.993383048,2513536.8524517696,923.1409312784672
2021-05-08,9.391463843475915,0.009391463843475915,2441780.5993037377,2440884.1413675006,896.4579362371005
2021-05-09,9.747929665170723,0.009747929665170723,2534461.712944388,2533531.2287242636,930.4842201243155
2021-05-10,5.247968196750041,0.005247968196750041,1364471.7311550106,1363970.7887228716,500.94243213906884
2021-05-11,4.814147664080346,0.004814147664080346,1251678.39266089,1251218.86037161,459.5322892800905
2021-05-12,4.40444769709031,0.0044044476970903105,1145156.4012434806,1144735.9766793654,420.42456411523744
2021-05-13,7.508122399310462,0.007508122399310462,1952111.8238207202,1951395.1393907655,716.6844299547374
2021-05-14,6.30854618447204,0.00630854618447204,1640222.0079627305,1639619.8285381547,602.1794245757628
2021-05-15,8.374020232680717,0.008374020232680718,2177245.2604969866,2176445.922180733,799.3383162533864
2021-05-16,9.502039967445732,0.009502039967445731,2470530.3915358903,2469623.37860572,907.0129301701672
2021-05-17,7.831884808000355,0.007831884808000355,2036290.0500800922,2035542.4610557565,747.5890243356116
2021-05-18,5.450625461992503,0.005450625461992503,1417162.6201180508,1416642.333128259,520.2869897917844
2021-05-19,5.357603516413551,0.0053576035164135515,1392976.9142675234,1392465.5066455011,511.40762202232145
2021-05-20,10.05788784858131,0.010057887848581309,2615050.8406311404,2614090.7694927193,960.0711384210736
2021-05-21,8.935476921346464,0.008935476921346464,2323223.9995500804,2322371.067639389,852.9319106913172
2021-05-22,9.845236272790942,0.009845236272790941,2559761.4309256445,2558821.6583472723,939.7725783721544
2021-05-23,7.885204892350916,0.007885204892350915,2050153.272011238,2049400.5933423513,752.6786688866559
2021-05-24,6.182017448068421,0.006182017448068421,1607324.5364977894,1606734.434816556,590.1016812333837
2021-05-25,7.721336820478813,0.007721336820478813,2007547.5733244913,2006810.5366083367,737.0367161545437
2021-05-26,8.218752193986232,0.008218752193986233,2136875.5704364204,2136091.0531606195,784.5172758009285
2021-05-27,8.611005438607872,0.008611005438607872,2238861.4140380467,2238039.454406079,821.959631967824
2021-05-28,7.533899982287968,0.007533899982287968,1958813.9953948718,1958094.8503773855,719.1450174862985
2021-05-29,9.941597018636259,0.00994159701863626,2584815.2248454276,2583866.2541956156,948.9706498119049
2021-05-30,7.671370359746581,0.007671370359746582,1994556.2935341112,1993824.0263438812,732.267190230079
2021-05-31,6.064452689370303,0.006064452689370304,1576757.699236279,1576178.8196459478,578.8795903311111
2021-06-01,6.927259559838673,0.006927259559838673,1801087.4855580549,1800426.247127892,661.2384301628917
2021-06-02,6.877812961268845,0.0068778129612688445,1788231.3699298997,1787574.8514024534,656.5185274463147
2021-06-03,8.249555325653212,0.008249555325653211,2144884.3846698347,2144096.9270950234,787.4575748112984
2021-06-04,6.128024460228858,0.006128024460228858,1593286.359659503,1592701.411854519,584.9478049839381
2021-06-05,9.291109576120071,0.00929110957612007,2415688.489791218,2414801.6111262115,886.8786650067195
2021-06-06,8.049894479724207,0.008049894479724207,2092972.5647282938,2092204.1656892842,768.399039009586
2021-06-07,9.410453484204941,0.009410453484204941,2446717.905893285,2445819.635309475,898.2705838098191
2021-06-08,7.2722030105179885,0.007272203010517988,1890772.782734677,1890078.6178833437,694.1648513332475
2021-06-09,7.883254495022541,0.007883254495022541,2049646.1687058609,2048893.6762112696,752.492494591279
2021-06-10,10.571518782036105,0.010571518782036105,2748594.8833293873,2747585.7837823746,1009.0995470127091
2021-06-11,10.634174250460683,0.010634174250460683,2764885.3051197776,2763870.224823347,1015.0802964307368
2021-06-12,10.791537692747491,0.010791537692747492,2805799.800114348,2804769.698761662,1030.1013526860625
2021-06-13,10.178953358413658,0.010178953358413657,2646527.873187551,2645556.2457956104,971.6273919404484
2021-06-14,9.436909808467368,0.009436909808467368,2453596.5502015157,2452695.754241232,900.7959602838382
2021-06-15,8.909882904331932,0.008909882904331931,2316569.555126302,2315719.0662809364,850.4888453655876
2021-06-16,9.225898266093992,0.009225898266093992,2398733.549184438,2397852.895235554,880.6539488839917
2021-06-17,10.136095949261986,0.010136095949261986,2635384.9468081165,2634417.4103507954,967.5364573211409
2021-06-18,10.348426808702246,0.010348426808702247,2690590.9702625843,2689603.1658590487,987.804403535556
2021-06-19,10.476575844618527,0.010476575844618526,2723909.7196008167,2722909.682788981,1000.0368118355982
2021-06-20,10.026374049347094,0.010026374049347093,2606857.252830244,2605900.189827285,957.0630029593594
2021-06-21,8.228830947246276,0.008228830947246276,2139496.0462840316,2138710.566945394,785.4793386375532
2021-06-22,7.947325563004148,0.007947325563004148,2066304.6463810785,2065546.038011653,758.6083694254048
2021-06-23,8.930960289706745,0.008930960289706745,2322049.6753237536,2321197.1745460937,852.5007776599377
2021-06-24,10.352606591455912,0.010352606591455912,2691677.713778537,2690689.510395728,988.2033828091808
2021-06-25,10.978253269740877,0.010978253269740878,2854345.8501326283,2853297.925928936,1047.9242036924697
2021-06-26,10.122554903061806,0.010122554903061807,2631864.2747960696,2630898.0308931926,966.2439028769732
2021-06-27,7.656143634743288,0.007656143634743288,1990597.345033255,1989866.5313031776,730.8137300773524
2021-06-28,9.471402213916964,0.009471402213916964,2462564.575618411,2461660.4872011556,904.0884172553197
2021-06-29,9.511435297030928,0.009511435297030928,2472973.1772280415,2472065.267470932,907.9097571093589
2021-06-30,7.864380482258978,0.007864380482258978,2044738.9253873343,2043988.2345031004,750.690884233918
2021-07-01,9.488226194085208,0.009488226194085207,2466938.810462154,2466033.116119476,905.6943426779471
2021-07-02,9.987646303660938,0.009987646303660938,2596788.038951844,2595834.6726883445,953.3662634994835
2021-07-03,8.306320602741376,0.008306320602741377,2159643.356712758,2158850.4806340802,792.8760786778294
2021-07-04,9.235391820772287,0.009235391820772288,2401201.873400795,2400320.3132489403,881.56015185453
2021-07-05,6.335011524669234,0.006335011524669234,1647102.9964140009,1646498.290752339,604.7056616619229
2021-07-06,8.093441109638553,0.008093441109638553,2104294.688506024,2103522.132743139,772.5557628851384
2021-07-07,9.113927895667755,0.009113927895667756,2369621.2528736168,2368751.2870058315,869.9658677852713
2021-07-08,8.38209717058817,0.00838209717058817,2179345.264352924,2178545.155056214,800.1092967102304
2021-07-09,5.9795486493895025,0.005979548649389503,1554682.6488412707,1554111.8737276993,570.7751135714352
2021-07-10,8.691273615704803,0.008691273615704804,2259731.140083249,2258901.5184887177,829.6215945314616
2021-07-11,7.858611668854911,0.00785861166885491,2043239.0339022768,2042488.8936775187,750.14022475807
2021-07-12,8.726380976416111,0.008726380976416112,2268859.053868189,2268026.0811164095,832.9727517794818
2021-07-13,9.703123995879043,0.009703123995879043,2522812.2389285513,2521886.031613337,926.207315214444
2021-07-14,9.470100045043175,0.009470100045043174,2462226.0117112254,2461322.047591911,903.9641193142161
2021-07-15,9.631559180609106,0.009631559180609105,2504205.386958367,2503286.010830247,919.3761281203479
2021-07-16,10.098970577808618,0.010098970577808617,2625732.3502302407,2624768.3575584707,963.9926717700437
2021-07-17,9.419399500610657,0.009419399500610657,2449043.870158771,2448144.745637009,899.1245217621326
2021-07-18,9.572615335566251,0.009572615335566251,2488879.9872472254,2487966.237577191,913.7496700342745
2021-07-19,8.393687692785932,0.008393687692785931,2182358.800124342,2181557.584459574,801.2156647681259
2021-07-20,9.148948903819798,0.009148948903819799,2378726.7149931476,2377853.4062108584,873.3087822892703
2021-07-21,8.63157575186239,0.00863157575186239,2244209.6954842214,2243385.7723223,823.923161921557
2021-07-22,9.632209129329068,0.009632209129329068,2504374.3736255574,2503454.935456876,919.4381686812267
2021-07-23,9.349495930622199,0.009349495930622198,2430868.941961772,2429976.490053687,892.4519080850296
2021-07-24,10.01498433766375,0.010014984337663749,2603895.9277925747,2602939.951989396,955.9758031787351
2021-07-25,10.03235672942008,0.010032356729420079,2608412.7496492206,2607455.1155722393,957.6340769813396
2021-07-26,10.443712223595032,0.010443712223595032,2715365.178134708,2714368.278304963,996.8998297452927
2021-07-27,9.812033469034985,0.009812033469034984,2551128.701949096,2550192.0987293483,936.6032197475433
2021-07-28,7.985415493027382,0.007985415493027382,2076208.0281871194,2075445.7839606404,762.2442264789715
2021-07-29,9.16148047829626,0.00916148047829626,2381984.9243570277,2381110.4193789614,874.5049780663103
2021-07-30,9.592380972242188,0.009592380972242187,2494019.0527829686,2493103.4163930197,915.6363899488933
2021-07-31,9.753566280076011,0.009753566280076011,2535927.232819763,2534996.2105591106,931.0222606523894
2021-08-01,8.751701941996378,0.008751701941996379,2275442.5049190586,2274607.115165955,835.3897531037219
2021-08-02,4.756268309923121,0.004756268309923121,1236629.7605800114,1236175.753138321,454.00744169042446
2021-08-03,8.32725089948531,0.00832725089948531,2165085.2338661808,2164290.359895488,794.8739706929773
2021-08-04,6.4298515629431146,0.006429851562943114,1671761.4063652097,1671147.647790562,613.7585746478289
2021-08-05,5.525954906637632,0.005525954906637632,1436748.2757257842,1436220.7981979027,527.4775278815068
2021-08-06,8.275004943638473,0.008275004943638474,2151501.2853460032,2150711.3984894105,789.886856592726
2021-08-07,9.942031687507054,0.009942031687507054,2584928.238751834,2583979.2266109013,949.0121409324929
2021-08-08,10.052397456094692,0.010052397456094693,2613623.33858462,2612663.7915291325,959.547055487521
2021-08-09,10.347025695531531,0.010347025695531531,2690226.680838198,2689239.010177287,987.6706609111279
2021-08-10,10.085944914626616,0.010085944914626615,2622345.67780292,2621382.9284899416,962.7493129782379
2021-08-11,8.762770900960291,0.00876277090096029,2278320.4342496754,2277483.9879140966,836.446335578803
2021-08-12,10.333901971888858,0.010333901971888859,2686814.5126911034,2685828.0947493007,986.417941802647
2021-08-13,9.884847919225072,0.009884847919225071,2570060.4589985185,2569116.90530834,943.5536901783198
2021-08-14,9.471203544342819,0.009471203544342818,2462512.921529133,2461608.852075792,904.0694533409551
2021-08-15,8.092087156877371,0.008092087156877372,2103942.6607881165,2103170.23426618,772.4265219364315
2021-08-16,7.699323950704751,0.007699323950704751,2001824.2271832353,2001089.2916956153,734.9354876200669
2021-08-17,4.580606288567796,0.004580606288567796,1190957.6350276268,1190520.3953247857,437.23970284103416
2021-08-18,7.229140905982953,0.007229140905982953,1879576.6355555677,1878886.5811779588,690.0543776089326
2021-08-19,7.524394519536796,0.007524394519536796,1956342.5750795668,1955624.337401731,718.2376778358594
2021-08-20,9.762673773327228,0.009762673773327228,2538295.1810650793,2537363.289452775,931.8916123043746
2021-08-21,9.875120711303644,0.009875120711303644,2567531.3849389474,2566588.7597550047,942.6251839427277
2021-08-22,9.935325608884671,0.009935325608884672,2583184.6583100148,2582236.286294786,948.3720152289607
2021-08-23,9.765102806735657,0.009765102806735657,2538926.7297512707,2537994.6062766802,932.1234745904803
2021-08-24,9.718684956906149,0.009718684956906148,2526858.0887955986,2525930.396115883,927.6926797158085
2021-08-25,9.390816279039676,0.009390816279039677,2441612.232550316,2440715.8364270492,896.3961232667789
2021-08-26,8.775984665743914,0.008775984665743914,2281756.0130934175,2280918.305443894,837.7076495233923
2021-08-27,8.817366072808996,0.008817366072808997,2292515.178930339,2291673.5212373086,841.6576930303127
2021-08-28,8.339432105216156,0.008339432105216156,2168252.3473562007,2167456.3106340207,796.0367221799679
2021-08-29,7.851286924818947,0.007851286924818946,2041334.600452926,2040585.1594082993,749.4410446267575
2021-08-30,7.583361665482262,0.0075833616654822624,1971674.0330253881,1970950.166665289,723.8663600990549
2021-08-31,8.861377993717767,0.008861377993717766,2303958.2783666193,2303112.4195355717,845.8588310475461
2021-09-01,9.031447281324064,0.009031447281324064,2348176.293144257,2347314.2004262325,862.0927180242725
2021-09-02,9.259422918345054,0.009259422918345054,2407449.958769714,2406566.1047403025,883.85402941145
2021-09-03,9.24345277643459,0.009243452776434591,2403297.7218729937,2402415.39226626,882.3296067337506
2021-09-04,8.913308454942477,0.008913308454942478,2317460.198285044,2316609.382455293,850.8158297510818
2021-09-05,8.403903127121422,0.008403903127121422,2185014.8130515697,2184212.6222771346,802.1907744351774
2021-09-06,8.645346744414654,0.008645346744414655,2247790.1535478104,2246964.9158820193,825.2376657910645
2021-09-07,8.024571842564866,0.008024571842564866,2086388.6790668652,2085622.69718874,765.9818781253416
2021-09-08,8.276100804797855,0.008276100804797855,2151786.2092474424,2150996.217785918,789.9914615242742
2021-09-09,8.399911875628153,0.008399911875628153,2183977.08766332,2183175.277871992,801.8097913279198
2021-09-10,7.874551719640419,0.007874551719640419,2047383.447106509,2046631.7853314083,751.6617751007434
2021-09-11,8.475626622766764,0.008475626622766765,2203662.921919359,2202853.884811066,809.0371082928032
2021-09-12,8.367073025168876,0.008367073025168877,2175438.986543908,2174640.3113702075,798.6751737003215
2021-09-13,6.2663822483195375,0.006266382248319538,1629259.3845630798,1628661.2298779713,598.1546851084568
2021-09-14,7.742491723834008,0.007742491723834008,2013047.848196842,2012308.7921489498,739.056047892198
2021-09-15,7.637549987531582,0.007637549987531582,1985762.9967582114,1985033.9578763242,729.0388818872161
2021-09-16,8.039616700200048,0.008039616700200048,2090300.3420520127,2089532.9240738018,767.4179782108404
2021-09-17,8.517047971040611,0.00851704797104061,2214432.4724705587,2213619.481506189,812.9909643698484
2021-09-18,6.426475751974308,0.0064264757519743075,1670883.69551332,1670270.2591751823,613.4363381376024
2021-09-19,7.749388803282786,0.007749388803282786,2014841.0888535243,2014101.3744480307,739.7144054935779
2021-09-20,8.47841511133471,0.00847841511133471,2204387.9289470245,2203578.625664816,809.3032822087407
2021-09-21,4.984284124610674,0.0049842841246106745,1295913.8723987753,1295438.099810557,475.7725882183295
2021-09-22,8.016093842296682,0.008016093842296682,2084184.3989971373,2083419.2263826954,765.1726144419517
2021-09-23,8.07527079433682,0.00807527079433682,2099570.406527573,2098799.585203922,770.8213236508891
2021-09-24,8.210974633266842,0.008210974633266841,2134853.4046493787,2134069.629777121,783.7748722578399
2021-09-25,7.819971188704884,0.007819971188704884,2033192.5090632697,2032446.057248079,746.451815190725
2021-09-26,7.293350884729616,0.007293350884729616,1896271.2300297,1895575.0465175929,696.1835121072363
2021-09-27,6.95208795521876,0.00695208795521876,1807542.8683568777,1806879.2599434562,663.6084134215489
2021-09-28,5.824452016133038,0.005824452016133038,1514357.52419459,1513801.5537600424,555.9704345476348
2021-09-29,7.0484535944306606,0.007048453594430661,1832597.9345519717,1831925.1276000165,672.8069519551937
2021-09-30,7.509270825970951,0.007509270825970951,1952410.4147524473,1951693.6206999447,716.7940525026061
2021-10-01,5.785628740094982,0.005785628740094982,1504263.4724246953,1503711.2078484138,552.2645762814209
2021-10-02,4.732791274987848,0.0047327912749878485,1230525.7314968407,1230073.9650449085,451.76645193225704
2021-10-03,5.563602433452499,0.0055636024334524995,1446536.6326976498,1446005.5615421128,531.0711555369198
2021-10-04,7.105304538999247,0.007105304538999247,1847379.1801398043,1846700.9465066318,678.2336331724655
2021-10-05,6.936774315335804,0.006936774315335804,1803561.321987309,1802899.1753304608,662.1466568482574
2021-10-06,7.149164253139361,0.0071491642531393606,1858782.7058162338,1858100.2855738727,682.4202423610259
2021-10-07,7.760053378465992,0.007760053378465992,2017613.878401158,2016873.1460134606,740.7323876973242
2021-10-08,7.845610078744052,0.007845610078744052,2039858.6204734535,2039109.721309603,748.8991638505831
2021-10-09,7.897379400531951,0.00789737940053195,2053318.6441383073,2052564.8033572452,753.8407810621429
2021-10-10,7.62783741000836,0.00762783741000836,1983237.7266021736,1982509.6148299838,728.1117721898481
2021-10-11,7.109312985726663,0.007109312985726663,1848421.3762889323,1847742.7600312894,678.6162576428615
2021-10-12,5.075737360273832,0.005075737360273832,1319691.7136711963,1319207.2114557046,484.5022154916078
2021-10-13,3.8104470149324623,0.003810447014932462,990716.2238824401,990352.4993849519,363.7244974882342
2021-10-14,6.46780505562301,0.00646780505562301,1681629.3144619826,1681011.933053846,617.3814081365708
2021-10-15,7.138237687517914,0.007138237687517914,1855941.7987546576,1855260.4215026791,681.377251978498
2021-10-16,5.4800764283291565,0.005480076428329156,1424819.8713655807,1424296.7731471092,523.0982184715103
2021-10-17,5.9606265576714685,0.005960626557671468,1549762.9049945818,1549193.9360807226,568.9689138592221
2021-10-18,6.877831409508476,0.006877831409508476,1788236.1664722038,1787579.646183789,656.5202884147875
2021-10-19,6.234619868174831,0.006234619868174831,1621001.165725456,1620406.0429039877,595.1228214683942
2021-10-20,5.296394452431318,0.0052963944524313175,1377062.5576321424,1376556.992693656,505.56493848655373
2021-10-21,5.5207453068446615,0.005520745306844661,1435393.7797796119,1434866.7995317238,526.9802478880156
2021-10-22,6.7572309461307265,0.006757230946130726,1756880.0459939889,1756235.0375682944,645.0084256944247
2021-10-23,6.846691740590145,0.006846691740590145,1780139.8525534377,1779486.3046880444,653.5478653933387
2021-10-24,6.506864088170529,0.006506864088170529,1691784.6629243377,1691163.553153904,621.1097704337444
2021-10-25,6.642125915749154,0.006642125915749154,1726952.7380947801,1726318.7169677333,634.0211270467844
2021-10-26,6.506040069710117,0.006506040069710117,1691570.4181246306,1690949.3870105066,621.0311141239945
2021-10-27,7.706703929068791,0.007706703929068791,2003743.0215578857,2003007.3816177668,735.6399401188828
2021-10-28,6.45289418371726,0.00645289418371726,1677752.4877664875,1677136.529668889,615.9580975985155
2021-10-29,6.0924150834265545,0.006092415083426554,1584027.921690904,1583446.3729628874,581.5487280166708
2021-10-30,6.144141403031501,0.006144141403031501,1597476.7647881904,1596890.278547716,586.4862404742744
2021-10-31,6.236306192404518,0.006236306192404518,1621439.6100251747,1620844.326236389,595.2837887855712
2021-11-01,5.117515007069061,0.005117515007069061,1330553.901837956,1330065.411756073,488.4900818830356
2021-11-02,5.156045605463096,0.005156045605463096,1340571.857420405,1340079.6894176682,492.1680027367547
2021-11-03,3.142828565744273,0.003142828565744273,817135.427093511,816835.4298133265,299.9972801845288
2021-11-04,2.6270091816948256,0.0026270091816948254,683022.3872406547,682771.6272666241,250.75997403054498
2021-11-05,4.543851995680274,0.004543851995680274,1181401.5188768713,1180967.7875384449,433.73133842647076
2021-11-06,5.232943671255004,0.005232943671255004,1360565.3545263011,1360065.8462534521,499.50827284902334
2021-11-07,6.145814621736477,0.006145814621736477,1597911.8016514839,1597325.1556946742,586.6459568096325
2021-11-08,5.88367868988452,0.00588367868988452,1529756.4593699751,1529194.835480055,561.6238899200689
2021-11-09,3.800523502908645,0.003800523502908645,988136.1107562477,987773.3335031142,362.77725313347764
2021-11-10,5.363897027283094,0.005363897027283094,1394613.2270936044,1394101.2187273465,512.0083662578836
2021-11-11,5.358006741305809,0.0053580067413058095,1393081.7527395105,1392570.3066278382,511.44611167232506
2021-11-12,5.426643544149108,0.005426643544149109,1410927.3214787683,1410409.3236721044,517.9978066638578
2021-11-13,5.471738664315795,0.0054717386643157945,1422652.0527221067,1422129.7503811303,522.3023409764282
2021-11-14,5.381487618666572,0.005381487618666572,1399186.7808533087,1398673.0933851013,513.6874682074413
2021-11-15,5.3832793945997395,0.0053832793945997395,1399652.6425959324,1399138.7840945632,513.8585013691336
2021-11-16,5.403425354736758,0.005403425354736758,1404890.592231557,1404374.810706669,515.781524888007
2021-11-17,4.455537424518256,0.0044555374245182555,1158439.7303747465,1158014.429063792,425.30131095438264
2021-11-18,3.1410590499507474,0.0031410590499507474,816675.3529871943,816375.52461534,299.82837185426615
2021-11-19,5.10303703265706,0.00510303703265706,1326789.6284908354,1326302.520397456,487.10809337953106
2021-11-20,5.185962503686037,0.005185962503686037,1348350.2509583696,1347855.2272516354,495.02370673418045
2021-11-21,3.2993122312510526,0.0032993122312510526,857821.1801252736,857506.2457675288,314.93435774487443
2021-11-22,4.1694083287992285,0.004169408328799229,1084046.1654877993,1083648.1765003465,397.9889874528162
2021-11-23,5.37436308389297,0.00537436308389297,1397334.4018121723,1396821.3944132114,513.0073989608791
2021-11-24,3.954659089128658,0.003954659089128659,1028211.3631734513,1027833.8729776045,377.49019584676716
2021-11-25,4.656646000380724,0.0046566460003807245,1210727.9600989884,1210283.4620598261,444.4980391622521
2021-11-26,2.420883808877876,0.002420883808877876,629429.7903082478,629198.7059385108,231.08436973695643
2021-11-27,2.4179552587346795,0.0024179552587346794,628668.3672710166,628437.5624447098,230.80482630676124
2021-11-28,4.581665873570242,0.004581665873570242,1191233.1271282628,1190795.786283214,437.3408450486604
2021-11-29,4.588645718700053,0.004588645718700053,1193047.8868620137,1192609.8797590032,438.0071030105464
2021-11-30,4.675469608589325,0.0046754696085893254,1215622.0982332246,1215175.803395049,446.29483817564324
2021-12-01,3.888176389997222,0.003888176389997222,1010925.8613992778,1010554.7172794264,371.1441198514076
2021-12-02,4.800249381797294,0.004800249381797294,1248064.8392672965,1247606.63363227,458.20563502656296
2021-12-03,4.779710438513482,0.004779710438513482,1242724.7140135053,1242268.4689140262,456.24509947909974
2021-12-04,3.6130517857335964,0.0036130517857335966,939393.4642907351,939048.5820656273,344.88222510775086
2021-12-05,2.356149228427179,0.002356149228427179,612598.7993910665,612373.8942314466,224.90515961998608
2021-12-06,4.432356779171278,0.004432356779171278,1152412.7625845324,1151989.673971602,423.08861293038353
2021-12-07,4.50433648861834,0.00450433648861834,1171127.4870407684,1170697.5276372074,429.9594035609625
2021-12-08,4.699226004624145,0.004699226004624145,1221798.7612022776,1221350.1987080565,448.5624942211434
2021-12-09,3.6938112774106817,0.0036938112774106816,960390.9321267772,960038.3410408947,352.5910858825082
2021-12-10,4.8297657604739035,0.004829765760473903,1255739.097723215,1255278.074615603,461.02310761180706
2021-12-11,4.036658477483119,0.004036658477483119,1049531.204145611,1049145.8867352125,385.3174103985075
2021-12-12,4.570723148403342,0.004570723148403342,1188388.0185848689,1187951.722272705,436.29631216381676
2021-12-13,4.217633758390823,0.004217633758390823,1096584.7771816142,1096182.1848575776,402.5923240366392
2021-12-14,3.415613702137239,0.003415613702137239,888059.5625556821,887733.5266936021,326.03586208005436
2021-12-15,4.518991136192291,0.004518991136192291,1174937.6954099957,1174506.3371536746,431.3582563211676
2021-12-16,2.29251878736705,0.00229251878736705,596054.884715433,595836.0533708034,218.8313446296379
2021-12-17,2.9530058931633993,0.0029530058931633994,767781.5322224839,767499.6543797107,281.8778427732177
2021-12-18,4.720524838643924,0.0047205248386439245,1227336.4580474205,1226885.862482625,450.59556479542516
2021-12-19,1.9589028573708902,0.00195890285737089,509314.74291643145,509127.75672960526,186.98618682619417
2021-12-20,4.2704696207627135,0.004270469620762714,1110322.1013983055,1109914.465650908,407.6357473975513
2021-12-21,4.407729962008072,0.004407729962008072,1146009.7901220988,1145589.0522508693,420.73787122941576
2021-12-22,4.846621529791175,0.004846621529791175,1260121.5977457056,1259658.9656782525,462.6320674531162
2021-12-23,4.162212912630516,0.0041622129126305165,1082175.3572839343,1081778.0551316794,397.30215225485153
2021-12-24,4.168622935727019,0.004168622935727019,1083841.9632890248,1083444.0492709125,397.91401811223477
2021-12-25,4.122748138288026,0.004122748138288026,1071914.5159548868,1071520.9808948287,393.53506005811505
2021-12-26,3.8768527198696927,0.0038768527198696926,1007981.7071661201,1007611.6439420824,370.0632240376435
2021-12-27,3.2870684401052914,0.0032870684401052914,854637.7944273758,854324.0287951805,313.7656321952818
2021-12-28,3.8867070054054174,0.0038867070054054175,1010543.8214054086,1010172.8175449992,371.00386040937155
2021-12-29,4.099425479685055,0.004099425479685055,1065850.6247181143,1065459.3159118914,391.3088062228635
2021-12-30,3.481943117640621,0.003481943117640621,905305.2105865615,904972.8432801054,332.3673064560862
2021-12-31,4.578499578576168,0.0045784995785761685,1190409.8904298039,1189972.8518220128,437.03860779106617
2022-01-01,5.368441791395142,0.005368441791395142,1395794.8657627369,1395282.4235780751,512.4421846617479
2022-01-02,4.889348817565926,0.004889348817565926,1271230.6925671408,1270763.9819857457,466.7105813950766
2022-01-03,4.595995558871857,0.004595995558871856,1194958.8453066826,1194520.1366280005,438.7086786821019
2022-01-04,4.472049170990192,0.004472049170990192,1162732.78445745,1162305.9070251994,426.8774322506506
2022-01-05,4.9698697951665824,0.004969869795166583,1292166.1467433115,1291691.7500683952,474.396674916381
2022-01-06,4.872530133395453,0.0048725301333954535,1266857.8346828178,1266392.7295213183,465.1051614994649
2022-01-07,4.534597801850045,0.004534597801850045,1178995.4284810117,1178562.5804974744,432.8479835372418
2022-01-08,3.9674994524371905,0.00396749945243719,1031549.8576336695,1031171.1417667469,378.7158669226337
2022-01-09,4.785204224668513,0.004785204224668513,1244153.0984138134,1243696.32890746,456.7695063534193
2022-01-10,3.7545929016756325,0.0037545929016756323,976194.1544356644,975835.7614673111,358.3929683533497
2022-01-11,2.212362455337212,0.002212362455337212,575214.2383876751,575003.0583294887,211.18005818640813
2022-01-12,3.8520201641488505,0.0038520201641488506,1001525.2426787012,1001157.5498350455,367.6928436557064
2022-01-13,5.063445073901423,0.005063445073901424,1316495.7192143702,1316012.3903535183,483.32886085193604
2022-01-14,5.238154772802331,0.005238154772802331,1361920.2409286061,1361420.2352324142,500.0056961919181
2022-01-15,5.997950435985815,0.005997950435985815,1559467.113356312,1558894.5817085188,572.5316477932502
2022-01-16,4.920059837225703,0.004920059837225703,1279215.5576786827,1278745.9155907875,469.64208789519034
2022-01-17,5.061383948763207,0.005061383948763207,1315959.8266784337,1315476.6945613502,483.132117083529
2022-01-18,4.846217947999063,0.004846217947999063,1260016.6664797564,1259554.0729360208,462.5935437355656
2022-01-19,5.920755512333119,0.005920755512333118,1539396.4332066108,1538831.2701653626,565.1630412482191
2022-01-20,3.2005379905559783,0.003200537990555978,832139.8775445543,831834.371637309,305.5059072453296
2022-01-21,3.4569548626264472,0.003456954862626447,898808.2642828763,898478.282219008,329.9820638683159
2022-01-22,2.5350938886493526,0.0025350938886493524,659124.4110488317,658882.4248075531,241.98624127858784
2022-01-23,2.7557601690570754,0.0027557601690570755,716497.6439548397,716234.5941135059,263.04984133376274
2022-01-24,4.390945335920014,0.004390945335920014,1141645.7873392038,1141226.6516368708,419.1357023329474
2022-01-25,5.164286332130147,0.005164286332130147,1342714.446353838,1342221.491736262,492.95461757597513
2022-01-26,2.3611805619509756,0.0023611805619509754,613906.9461072535,613681.5606839661,225.38542328740004
2022-01-27,2.9288228594776604,0.0029288228594776602,761493.9434641916,761214.3740019682,279.56946222344413
2022-01-28,4.831538114326666,0.004831538114326666,1256199.909724933,1255738.7174380852,461.19228684785776
2022-01-29,4.6422509297703565,0.004642250929770357,1206985.2417402926,1206542.1177760889,443.12396420375444
2022-01-30,5.396852724439903,0.005396852724439903,1403181.7083543746,1402666.5542169407,515.1541374339722
2022-01-31,4.613436137264066,0.004613436137264066,1199493.3956886572,1199053.022227448,440.3734612092376
2022-02-01,4.902196228281666,0.004902196228281665,1274571.019353233,1274103.0824280551,467.93692517792806
2022-02-02,2.4625987811282726,0.0024625987811282726,640275.6830933508,640040.6168397929,235.06625355791766
2022-02-03,4.094266013522555,0.004094266013522555,1064509.1635158642,1064118.3472041516,390.8163117126096
2022-02-04,4.503691172366489,0.004503691172366489,1170959.7048152871,1170529.8070100974,429.89780518971384
2022-02-05,4.634403486858801,0.004634403486858801,1204944.9065832882,1204502.5316932006,442.37489008763805
2022-02-06,4.885338102080273,0.004885338102080273,1270187.9065408711,1269721.57880051,466.32774036121555
2022-02-07,5.171589256173239,0.005171589256173239,1344613.206605042,1344119.5548901525,493.6517148895655
2022-02-08,5.209010712001038,0.005209010712001038,1354342.78512027,1353845.5613572288,497.22376304119825
2022-02-09,5.310506090529188,0.005310506090529188,1380731.5835375888,1380224.6715790662,506.911958522629
2022-02-10,5.152368100904088,0.005152368100904088,1339615.7062350628,1339123.8892668614,491.8169682014268
2022-02-11,5.895999221435392,0.005895999221435392,1532959.7975732018,1532396.9976325114,562.7999406903982
2022-02-12,6.002336265683397,0.006002336265683397,1560607.4290776832,1560034.4787824985,572.9502951847389
2022-02-13,5.190423147090417,0.0051904231470904175,1349510.0182435086,1349014.5687480744,495.4494954342954
2022-02-14,6.129934852510347,0.006129934852510347,1593783.0616526902,1593197.9314920744,585.1301606157795
2022-02-15,6.845031415225453,0.006845031415225453,1779708.1679586177,1779054.7785788316,653.3893797860947
2022-02-16,5.954862932662326,0.005954862932662327,1548264.3624922049,1547695.9437425658,568.4187496390659
2022-02-17,7.25336138750355,0.00725336138750355,1885873.960750923,1885181.5944181983,692.3663327246904
2022-02-18,5.1573186057121,0.0051573186057121,1340902.837485146,1340410.547968746,492.2895164000802
2022-02-19,5.976136939678358,0.005976136939678358,1553795.604316373,1553225.15486601,570.4494503629394
2022-02-20,4.63064848003876,0.00463064848003876,1203968.6048100775,1203526.5883524686,442.01645760890096
2022-02-21,6.012719722307177,0.006012719722307177,1563307.127799866,1562733.1863565226,573.941443343414
2022-02-22,6.3420255365550915,0.006342025536555091,1648926.6395043237,1648321.2643233275,605.375180996256
2022-02-23,3.904443480432443,0.003904443480432443,1015155.3049124352,1014782.608024819,372.69688761618454
2022-02-24,4.848528624931856,0.004848528624931857,1260617.4424822826,1260154.6283739249,462.8141083577648
2022-02-25,3.6921962295742086,0.0036921962295742086,959971.0196892943,959618.5827670731,352.4369222212117
2022-02-26,3.808090941452581,0.0038080909414525813,990103.6447776712,989740.145178112,363.4995995592326
2022-02-27,6.029699551025123,0.0060296995510251234,1567721.883266532,1567146.3210213133,575.5622452187818
2022-02-28,6.305571750457716,0.006305571750457716,1639448.6551190063,1638846.7596176849,601.8955013214145
2022-03-01,6.7097424175600064,0.006709742417560007,1744533.0285656017,1743892.553135937,640.4754296645988
2022-03-02,6.575890833730527,0.0065758908337305265,1709731.6167699369,1709103.918082706,627.6986872309353
2022-03-03,6.328326532948302,0.006328326532948302,1645364.8985665585,1644760.8310177596,604.0675487988628
2022-03-04,7.321397473650461,0.007321397473650461,1903563.34314912,1902864.4824625445,698.8606865755282
2022-03-05,6.300781681972114,0.006300781681972114,1638203.2373127497,1637601.7990452505,601.4382674992085
2022-03-06,6.836876785528378,0.006836876785528378,1777587.9642373782,1776935.353254084,652.610983294202
2022-03-07,6.72661388885313,0.00672661388885313,1748919.6111018138,1748277.525213483,642.0858883308247
2022-03-08,6.073287940708839,0.006073287940708839,1579054.864584298,1578475.141629044,579.7229552541394
2022-03-09,7.188728856493254,0.007188728856493254,1869069.502688246,1868383.305824555,686.1968636910897
2022-03-10,7.156323776109487,0.0071563237761094875,1860644.1817884666,1859961.0781370765,683.1036513901781
2022-03-11,5.881687737962875,0.005881687737962875,1529238.8118703475,1528677.378025843,561.4338445044123
2022-03-12,6.387083062032424,0.006387083062032424,1660641.5961284302,1660031.9200017056,609.6761267245747
2022-03-13,7.483706959210219,0.007483706959210219,1945763.809394657,1945049.4555295012,714.3538651557174
2022-03-14,8.19413142808559,0.00819413142808559,2130474.1713022534,2129692.004190533,782.1671117204241
2022-03-15,7.591196834785578,0.007591196834785577,1973711.17704425,1972986.5627816066,724.614262643503
2022-03-16,8.166977011772962,0.008166977011772962,2123414.02306097,2122634.447961785,779.5750991851091
2022-03-17,8.904920367464618,0.008904920367464618,2315279.295540801,2314429.2803921485,850.0151486522518
2022-03-18,7.631434921144225,0.0076314349211442254,1984173.0794974987,1983444.6243265097,728.4551709890366
2022-03-19,7.690585981275402,0.007690585981275402,1999552.3551316045,1998818.2537229068,734.1014086976647
2022-03-20,8.905526451579124,0.008905526451579125,2315436.8774105725,2314586.8044084352,850.0730021372437
2022-03-21,8.739350711885747,0.008739350711885746,2272231.185090294,2271396.9743182776,834.2107720165513
2022-03-22,8.191090374509498,0.008191090374509498,2129683.4973724694,2128901.6205431437,781.8768293256871
2022-03-23,6.363739236662577,0.006363739236662578,1654572.2015322703,1653964.7536798448,607.4478524255101
2022-03-24,8.192928866141939,0.008192928866141938,2130161.505196904,2129379.4528751904,782.0523217134178
2022-03-25,8.092347792260451,0.008092347792260451,2104010.425987717,2103237.9745869483,772.4514007689431
2022-03-26,8.66057383307703,0.00866057383307703,2251749.196600028,2250922.505439371,826.6911606569774
2022-03-27,8.797441985354808,0.008797441985354808,2287334.91619225,2286495.160343982,839.755848268047
2022-03-28,8.566852809879117,0.008566852809879117,2227381.7305685706,2226563.985505821,817.7450627493672
2022-03-29,5.654372386632494,0.005654372386632495,1470136.8205244485,1469597.0849640588,539.7355603897013
2022-03-30,9.30686758003039,0.00930686758003039,2419785.570807901,2418897.1879697535,888.3828381476924
2022-03-31,8.207196259382902,0.008207196259382902,2133871.0274395547,2133087.613230268,783.4142092866823
2022-04-01,8.915209849409804,0.008915209849409803,2317954.560846549,2317103.5635200487,850.9973265002482
2022-04-02,7.068979232026962,0.007068979232026961,1837934.60032701,1837259.8341095955,674.7662174145225
2022-04-03,9.122793702854194,0.009122793702854194,2371926.3627420906,2371055.5505926874,870.8121494031511
2022-04-04,5.810045685273254,0.005810045685273254,1510611.878171046,1510057.282886299,554.5952847469598
2022-04-05,9.60684747692114,0.00960684747692114,2497780.343999496,2496863.326715882,917.0172836142592
2022-04-06,9.257781440298807,0.009257781440298807,2407023.17447769,2406139.4771348233,883.697342866566
2022-04-07,7.902191560576058,0.007902191560576057,2054569.805749775,2053815.5056261509,754.300123624038
2022-04-08,7.9569770494624885,0.007956977049462488,2068814.032860247,2068054.5032125441,759.5296477028169
2022-04-09,9.199457302286428,0.009199457302286428,2391858.898594471,2390980.7685558363,878.1300386348739
2022-04-10,8.316633944657402,0.008316633944657403,2162324.825610925,2161530.9650768563,793.8605340686627
2022-04-11,9.063320843417143,0.009063320843417143,2356463.4192884574,2355598.28409397,865.1351944874041
2022-04-12,9.196372213991483,0.009196372213991482,2391056.7756377854,2390178.9400848593,877.8355529261753
2022-04-13,10.028789573687504,0.010028789573687504,2607485.289158751,2606527.9955830076,957.2935757432133
2022-04-14,8.69268736105433,0.008692687361054332,2260098.7138741263,2259268.9573311717,829.7565429545939
2022-04-15,8.582470990854445,0.008582470990854445,2231442.457622156,2230623.221733001,819.235889154952
2022-04-16,7.620341348072363,0.007620341348072363,1981288.7504988143,1980561.3542598283,727.3962389859371
2022-04-17,9.437107351604432,0.009437107351604431,2453647.9114171523,2452747.0966004776,900.8148166746832
2022-04-18,9.353696285393918,0.009353696285393918,2431961.0342024188,2431068.1813513674,892.8528510513715
2022-04-19,4.85497742416254,0.00485497742416254,1262294.1302822605,1261830.700606687,463.4296755734831
2022-04-20,8.627994282945743,0.008627994282945743,2243278.5135658933,2242454.9322714685,823.5812944248319
2022-04-21,8.869798495423714,0.008869798495423714,2306147.608810166,2305300.9462039345,846.6626062314026
2022-04-22,8.177043061562902,0.008177043061562903,2126031.196006355,2125250.660056937,780.5359494178556
2022-04-23,9.011884095198607,0.009011884095198607,2343089.864751638,2342229.6394287026,860.2253229352646
2022-04-24,7.28357248803815,0.00728357248803815,1893728.8468899191,1893033.5967702484,695.2501196707599
2022-04-25,3.836794592308426,0.003836794592308426,997566.5940001907,997200.3545066131,366.23949357762467
2022-04-26,4.653285173589861,0.004653285173589861,1209854.145133364,1209409.967900404,444.1772329600062
2022-04-27,6.45582459577308,0.006455824595773081,1678514.394901001,1677898.1570822443,616.2378187566064
2022-04-28,7.571813914350328,0.007571813914350327,1968671.617731085,1967948.8536563506,722.7640747344121
2022-04-29,9.358559553231585,0.009358559553231584,2433225.4838402118,2432332.166768127,893.3170720846392
2022-04-30,8.363081136318137,0.008363081136318137,2174401.0954427156,2173602.801312961,798.2941297544166
2022-05-01,5.676843749796324,0.005676843749796324,1475979.3749470443,1475437.494392841,541.8805542034097
2022-05-02,7.9423189337329285,0.007942318933732928,2065002.9227705612,2064244.79230667,758.130463891197
2022-05-03,7.414122568177698,0.007414122568177698,1927671.8677262014,1926964.1560076396,707.7117185618263
2022-05-04,5.876363760017232,0.005876363760017232,1527854.5776044803,1527293.6519578844,560.9256465958897
2022-05-05,8.763055445454956,0.008763055445454956,2278394.4158182885,2277557.9423216437,836.4734966447577
2022-05-06,9.463129052084907,0.009463129052084908,2460413.553542076,2459510.254835744,903.2987063322216
2022-05-07,9.827490292452403,0.009827490292452402,2555147.4760376248,2554209.3973937845,938.078643840272
2022-05-08,9.153237005118301,0.009153237005118301,2379841.6213307586,2378967.903229698,873.7181010604836
2022-05-09,9.346431446385667,0.009346431446385667,2430072.1760602733,2429180.016671146,892.1593891275115
2022-05-10,7.8463576500656105,0.00784635765006561,2040052.9890170589,2039304.0184941257,748.9705229331739
2022-05-11,9.056038255881807,0.009056038255881808,2354569.94652927,2353705.5064908843,864.440038385801
2022-05-12,10.185122702348464,0.010185122702348464,2648131.9026106005,2647159.6863267235,972.2162838769145
2022-05-13,6.663478146693046,0.006663478146693045,1732504.3181401917,1731868.2588455915,636.0592946002726
2022-05-14,9.747718851550184,0.009747718851550183,2534406.9014030476,2533476.437306042,930.4640970057808
2022-05-15,10.104544929398305,0.010104544929398305,2627181.681643559,2626217.156874578,964.5247689811513
2022-05-16,10.85100061862147,0.01085100061862147,2821260.160841582,2820224.383482184,1035.777359398082
2022-05-17,9.892374036057056,0.009892374036057056,2572017.2493748344,2571072.977282576,944.2720922585577
2022-05-18,9.879155859946414,0.009879155859946413,2568580.5235860674,2567637.5132288346,943.0103572327644
2022-05-19,9.943201303270417,0.009943201303270416,2585232.338850308,2584283.215064232,949.1237860764377
2022-05-20,10.22437571717169,0.01022437571717169,2658337.6864646394,2657361.7233019746,975.9631626647897
2022-05-21,9.609105403772402,0.009609105403772402,2498367.404980825,2497450.1721678236,917.2328130011447
2022-05-22,7.196962170315988,0.007196962170315988,1871210.1642821569,1870523.1815112163,686.9827709405217
2022-05-23,5.41301458734493,0.0054130145873449295,1407383.7927096817,1406867.0958489294,516.6968607523013
2022-05-24,8.787449361349788,0.008787449361349788,2284736.8339509447,2283898.0319440844,838.8020068602636
2022-05-25,9.58550890629952,0.00958550890629952,2492232.315637875,2491317.335217874,914.9804200008512
2022-05-26,9.773553320780893,0.009773553320780894,2541123.8634030325,2540190.933288444,932.9301145887002
2022-05-27,10.458757599619924,0.010458757599619924,2719276.9759011804,2718278.6399218673,998.335979313124
2022-05-28,10.890162456511309,0.010890162456511308,2831442.23869294,2830402.7231580075,1039.5155349327251
2022-05-29,11.399798155682644,0.011399798155682645,2963947.5204774877,2962859.357897246,1088.1625802419148
2022-05-30,10.24971690063503,0.01024971690063503,2664926.394165108,2663948.01207123,978.3820938779972
2022-05-31,9.50778033541548,0.00950778033541548,2472022.887208025,2471115.326333625,907.5608744001947
2022-06-01,10.077970345972394,0.010077970345972395,2620272.289952823,2619310.301848691,961.9881041320041
2022-06-02,9.40830032585853,0.00940830032585853,2446158.084723218,2445260.019668165,898.0650550527498
2022-06-03,10.368915229577565,0.010368915229577565,2695917.9596901666,2694928.199573677,989.7601164896041
2022-06-04,10.215724472403307,0.010215724472403308,2656088.36282486,2655113.2254628544,975.1373620056547
2022-06-05,10.467731609248172,0.010467731609248172,2721610.2184045245,2720611.0258151786,999.1925893458538
2022-06-06,10.62197008374628,0.01062197008374628,2761712.221774033,2760698.3064208194,1013.9153532134369
2022-06-07,10.068732073612534,0.010068732073612533,2617870.3391392585,2616909.232870239,961.1062690196559
2022-06-08,11.121901916939816,0.011121901916939816,2891694.498404352,2890632.86228397,1061.636120381765
2022-06-09,10.518825929804667,0.010518825929804666,2734894.741749213,2733890.671974593,1004.069774620235
2022-06-10,10.553821376935407,0.010553821376935406,2743993.558003206,2742986.1477539977,1007.4102492081001
2022-06-11,10.879326061168442,0.010879326061168442,2828624.775903795,2827586.2947520814,1038.481151713524
2022-06-12,11.488151851822247,0.011488151851822247,2986919.481473784,2985822.885131413,1096.5963423708454
2022-06-13,11.82300791102138,0.01182300791102138,3073982.056865559,3072853.4969894122,1128.5598761467263
2022-06-14,9.799869791238999,0.009799869791238999,2547966.1457221396,2547030.703580758,935.442141381558
2022-06-15,11.132021508182067,0.011132021508182066,2894325.592127337,2893262.9900459475,1062.602081389632
2022-06-16,11.354134949260686,0.011354134949260686,2952075.086807778,2950991.2829882656,1083.8038195124827
2022-06-17,10.705011257910707,0.010705011257910707,2783302.927056784,2782281.085045825,1021.8420109585859
2022-06-18,10.91719659565379,0.01091719659565379,2838471.1148699857,2837429.0188035206,1042.0960664651357
2022-06-19,10.796448677053347,0.010796448677053346,2807076.65603387,2806046.085905397,1030.5701284729876
2022-06-20,11.177931824530837,0.011177931824530838,2906262.274378018,2905195.289948133,1066.9844298851676
2022-06-21,11.089508331426394,0.011089508331426395,2883272.1661708625,2882213.622165544,1058.5440053185448
2022-06-22,9.911843110886855,0.009911843110886855,2577079.2088305824,2576133.078326586,946.1305039962754
2022-06-23,10.560259609639168,0.010560259609639168,2745667.4985061837,2744659.473698383,1008.0248078005388
2022-06-24,10.954556101406137,0.010954556101406138,2848184.586365596,2847138.924164396,1045.6622012001462
2022-06-25,10.994459408134995,0.010994459408134994,2858559.4461150984,2857509.9749617907,1049.4711533077061
2022-06-26,10.387937039437029,0.010387937039437028,2700863.6302536274,2699872.054418876,991.5758347515948
2022-06-27,10.015156401474211,0.01001515640147421,2603940.6643832945,2602984.6721558427,955.9922274518758
2022-06-28,8.398975257581384,0.008398975257581385,2183733.56697116,2182931.8465842847,801.7203868753277
2022-06-29,8.546478035712745,0.008546478035712745,2222084.289285314,2221268.489087423,815.8001978909597
2022-06-30,9.990944973455775,0.009990944973455776,2597645.693098502,2596692.0119619677,953.6811365340836
2022-07-01,10.104828407989327,0.010104828407989328,2627255.386077225,2626290.834248923,964.5518283019774
2022-07-02,8.474605309791377,0.008474605309791376,2203397.3805457577,2202588.440926433,808.9396193246357
2022-07-03,6.799248372521527,0.006799248372521527,1767804.5768555969,1767155.5576754583,649.0191801385954
2022-07-04,9.92060592432887,0.00992060592432887,2579357.540325506,2578410.5733711133,946.9669543928467
2022-07-05,10.671566105587615,0.010671566105587615,2774607.18745278,2773588.5379337193,1018.6495190607384
2022-07-06,10.714539272625549,0.01071453927262555,2785780.210882643,2784757.459379346,1022.7515032966621
2022-07-07,10.49208697416381,0.01049208697416381,2727942.6132825906,2726941.0958628953,1001.5174196953885
2022-07-08,10.202177906239895,0.010202177906239894,2652566.2556223725,2651592.411341717,973.8442806554958
2022-07-09,10.275409469716081,0.010275409469716081,2671606.462126181,2670625.6275597345,980.8345664464869
2022-07-10,10.015998150538106,0.010015998150538106,2604159.519139908,2603203.4465636793,956.0725762285292
2022-07-11,9.767225017898644,0.009767225017898644,2539478.5046536475,2538546.17860435,932.3260492975824
2022-07-12,10.188363345146463,0.010188363345146462,2648974.46973808,2648001.9441201095,972.5256179706194
2022-07-13,9.81166986907479,0.00981166986907479,2551034.1659594453,2550097.597446968,936.5685124774463
2022-07-14,10.379090378203607,0.010379090378203606,2698563.4983329377,2697572.7669522353,990.731380702462
2022-07-15,9.240641849313272,0.009240641849313272,2402566.8808214506,2401684.8195304945,882.0612909561023
2022-07-16,9.821785699943037,0.009821785699943037,2553664.2819851898,2552726.7478706487,937.5341145410202
2022-07-17,10.386147626499303,0.010386147626499304,2700398.382889819,2699406.97786267,991.4050271487795
2022-07-18,10.038330519005703,0.010038330519005703,2609965.9349414827,2609007.7306391164,958.2043023663573
2022-07-19,10.541925658051293,0.010541925658051293,2740900.6710933363,2739894.3963445975,1006.2747487388551
2022-07-20,10.67370420057675,0.01067370420057675,2775163.092149955,2774144.2385400035,1018.8536099516787
2022-07-21,10.262104055615708,0.010262104055615708,2668147.054460084,2667167.4899559263,979.5645041577518
2022-07-22,10.272635367274193,0.010272635367274192,2670885.19549129,2669904.6257255385,980.5697657517157
2022-07-23,11.156260811991734,0.011156260811991734,2900627.8111178507,2899562.8952846723,1064.915833178442
2022-07-24,10.980090029061309,0.010980090029061309,2854823.40755594,2853775.3080252167,1048.0995307234116
2022-07-25,11.154431818500857,0.011154431818500857,2900152.2728102226,2899087.5315627907,1064.7412474318407
2022-07-26,10.630942618378626,0.010630942618378625,2764045.0807784423,2763030.308955991,1014.7718224511482
2022-07-27,9.8433421983461,0.0098433421983461,2559268.971569986,2558329.3797896337,939.5917803524062
2022-07-28,10.408475592761604,0.010408475592761604,2706203.654118017,2705210.117784941,993.5363330757245
2022-07-29,10.629959955636062,0.010629959955636063,2763789.5884653763,2762774.910442553,1014.6780228232965
2022-07-30,10.81139819548667,0.010811398195486668,2810963.5308265337,2809931.5336985355,1031.9971279981546
2022-07-31,10.245198500995354,0.010245198500995353,2663751.610258792,2662773.6594667095,977.9507920825854
2022-08-01,10.463076432374413,0.010463076432374412,2720399.872417347,2719401.124185805,998.748231541831
2022-08-02,10.426120434724833,0.010426120434724833,2710791.3130284566,2709796.092414967,995.2206134898588
2022-08-03,10.416542769616333,0.010416542769616333,2708301.1201002467,2707306.8137184503,994.3063817964867
2022-08-04,10.419262215652266,0.010419262215652265,2709008.176069589,2708013.6101043005,994.5659652883187
2022-08-05,9.796514241781612,0.009796514241781611,2547093.7028632187,2546158.5810242943,935.121838924475
2022-08-06,9.257535424899064,0.009257535424899065,2406959.210473757,2406075.536614179,883.673859577626
2022-08-07,10.28394569348981,0.01028394569348981,2673825.880307351,2672844.2309195222,981.6493878285401
2022-08-08,10.221782915280855,0.010221782915280855,2657663.557973022,2656687.84230509,975.7156679322943
2022-08-09,9.869923507349016,0.009869923507349016,2566180.111910744,2565237.982823556,942.1290871882811
2022-08-10,9.619693514169432,0.009619693514169431,2501120.3136840523,2500202.0701877587,918.2434962936677
2022-08-11,7.787036509284377,0.007787036509284377,2024629.4924139378,2023886.1843636846,743.3080502531957
2022-08-12,8.807155561950282,0.008807155561950282,2289860.446107073,2289019.763053742,840.6830533314496
2022-08-13,6.7177736752222845,0.006717773675222284,1746621.1555577938,1745979.9135080592,641.2420497345738
2022-08-14,8.75914718995843,0.00875914718995843,2277378.2693891916,2276542.168953309,836.1004358828068
2022-08-15,4.263051152057976,0.004263051152057976,1108393.2995350738,1107986.3719142533,406.9276208204683
2022-08-16,7.492699009085453,0.007492699009085453,1948101.7423622177,1947386.5301650055,715.2121972122695
2022-08-17,8.132435188452941,0.008132435188452941,2114433.1489977646,2113656.8710727114,776.2779250531457
2022-08-18,8.471964188419708,0.008471964188419709,2202710.6889891243,2201902.0014768466,808.6875122776255
2022-08-19,8.389586249512504,0.008389586249512504,2181292.424873251,2180491.600709897,800.8241633540019
2022-08-20,9.551308823139296,0.009551308823139296,2483340.294016217,2482428.578149696,911.7158665210009
2022-08-21,6.248455015322841,0.006248455015322841,1624598.3039839386,1624001.8605347527,596.4434491859283
2022-08-22,6.287006364152076,0.006287006364152076,1634621.6546795398,1634021.5313287766,600.1233507632278
2022-08-23,4.4396523973869195,0.00443965239738692,1154309.623320599,1153885.8383077295,423.78501286963
2022-08-24,5.124692425311553,0.005124692425311553,1332420.0305810038,1331930.8553819067,489.1751990970224
2022-08-25,5.7773733575975585,0.005777373357597559,1502117.0729753652,1501565.5964128885,551.4765624767169
2022-08-26,8.04175545055499,0.00804175545055499,2090856.4171442974,2090088.7950126382,767.6221316591837
2022-08-27,8.685847551456524,0.008685847551456525,2258320.3633786966,2257491.2597266757,829.1036520209163
2022-08-28,8.861525853501773,0.008861525853501773,2303996.721910461,2303150.8489655247,845.8729449361563
2022-08-29,8.33185202741382,0.00833185202741382,2166281.5271275933,2165486.2139583137,795.3131692796014
2022-08-30,5.292205979340062,0.0052922059793400625,1375973.5546284162,1375468.3894987355,505.16512968065217
2022-08-31,4.003756606806099,0.004003756606806099,1040976.7177695858,1040594.5409923812,382.17677720461506
2022-09-01,5.270332264454135,0.005270332264454135,1370286.388758075,1369783.3115739617,503.0771841132082
2022-09-02,6.300072030322271,0.006300072030322271,1638018.7278837904,1637417.3573557686,601.3705280218273
2022-09-03,5.401435256174483,0.005401435256174483,1404373.1666053657,1403857.5750444364,515.5915609293152
2022-09-04,5.59818226894162,0.00559818226894162,1455527.3899248212,1454993.017966718,534.3719581032638
2022-09-05,7.957020672739136,0.007957020672739136,2068825.3749121753,2068065.8411004324,759.5338117429055
2022-09-06,7.882897453029952,0.007882897453029952,2049553.3377877874,2048800.8793744782,752.4584133091848
2022-09-07,6.530858269371497,0.006530858269371497,1698023.1500365892,1697399.7499124345,623.4001241547521
2022-09-08,7.263124580173496,0.007263124580173496,1888412.390845109,1887719.0925712408,693.2982738681603
2022-09-09,7.034809496322374,0.007034809496322374,1829050.4690438174,1828378.96448308,671.504560737405
2022-09-10,8.088060888605693,0.008088060888605692,2102895.83103748,2102123.788841162,772.0421963180415
2022-09-11,6.455405397875863,0.0064554053978758625,1678405.4034477242,1677789.2056433132,616.1978044109419
2022-09-12,7.302162148827804,0.007302162148827804,1898562.158695229,1897865.13410789,697.0245873390231
2022-09-13,8.024896398610805,0.008024896398610804,2086473.0636388091,2085707.050780333,766.0128584760241
2022-09-14,8.152140443405532,0.008152140443405531,2119556.5152854384,2118778.3564041806,778.1588812577538
2022-09-15,7.98381779439027,0.00798381779439027,2075792.6265414702,2075030.5348225925,762.0917188776657
2022-09-16,8.090108939109209,0.00809010893910921,2103428.3241683943,2102656.086476341,772.2376920534298
2022-09-17,8.430384119202508,0.008430384119202508,2191899.870992652,2191095.1524870875,804.7185055646114
2022-09-18,8.527501846288326,0.008527501846288326,2217150.4800349646,2216336.491200658,813.9888343065977
2022-09-19,8.198924686457486,0.008198924686457486,2131720.418478946,2130937.7938289144,782.6246500317939
2022-09-20,8.212318071729221,0.008212318071729221,2135202.6986495974,2134418.7955400283,783.9031095691025
2022-09-21,7.9202321851584045,0.007920232185158405,2059260.3681411853,2058504.345957896,756.0221832892857
2022-09-22,7.764697955356479,0.007764697955356479,2018821.4683926846,2018080.2926589996,741.1757336850278
2022-09-23,7.8415016343253265,0.007841501634325327,2038790.424924585,2038041.9179304393,748.5069941456895
2022-09-24,7.629399814706401,0.0076293998147064016,1983643.9518236644,1982915.6909128404,728.2609108239412
2022-09-25,7.315551389199092,0.007315551389199091,1902043.3611917638,1901345.058540537,698.3026512267534
2022-09-26,6.0775249175657615,0.006077524917565761,1580156.4785670978,1579576.351173133,580.1273939649109
2022-09-27,7.049074515812099,0.0070490745158120986,1832759.3741111457,1832086.5078894207,672.8662217250094
2022-09-28,7.1551712720013025,0.007155171272001303,1860344.5307203387,1859661.5370807073,682.9936396314297
2022-09-29,7.130156647608187,0.007130156647608187,1853840.7283781287,1853160.122498162,680.6058799666353
2022-09-30,7.198600868969541,0.007198600868969541,1871636.2259320805,1870949.0867399008,687.1391921797767
2022-10-01,7.080597095992533,0.0070805970959925335,1840955.2449580587,1840279.3697626907,675.8751953679603
2022-10-02,5.894580782256149,0.005894580782256149,1532591.0033865988,1532028.3388423792,562.6645442196168
2022-10-03,5.855407297171891,0.005855407297171891,1522405.8972646918,1521846.9720077843,558.9252569074742
2022-10-04,7.0973223494658235,0.007097322349465823,1845303.810861114,1844626.3391642354,677.4716968785506
2022-10-05,6.822025392628176,0.006822025392628176,1773726.6020833259,1773075.408733028,651.1933502978645
2022-10-06,5.9026111632975065,0.005902611163297506,1534678.9024573516,1534115.4713767392,563.431080612354
2022-10-07,5.966597407455699,0.005966597407455699,1551315.3259384818,1550745.7870798553,569.5388586265035
2022-10-08,5.498231075370277,0.005498231075370277,1429540.079596272,1429015.248434173,524.831162099028
2022-10-09,6.1652408059233474,0.006165240805923348,1602962.6095400704,1602374.10926563,588.5002744405065
2022-10-10,5.912296831796362,0.005912296831796362,1537197.1762670542,1536632.8206453333,564.355621720897
2022-10-11,6.891900514106356,0.006891900514106356,1791894.1336676525,1791236.2704192176,657.8632484348491
2022-10-12,6.6250800149295594,0.0066250800149295595,1722520.8038816855,1721888.4098633965,632.3940182889346
2022-10-13,6.6760673466886775,0.006676067346688678,1735777.5101390562,1735140.2491480606,637.2609909956809
2022-10-14,6.6883161627991266,0.006688316162799126,1738962.2023277727,1738323.7721315718,638.4301962009631
2022-10-15,7.312462077894354,0.007312462077894354,1901240.140252532,1900542.1324901194,698.0077624125406
2022-10-16,4.318340779203204,0.004318340779203204,1122768.602592833,1122356.3973256443,412.20526718883775
2022-10-17,2.986261886746402,0.002986261886746402,776428.0905540645,776143.0382754555,285.05227860901505
2022-10-18,3.11081856061208,0.0031108185606120798,808812.8257591408,808515.8839795276,296.9417796131456
2022-10-19,5.612366434034015,0.005612366434034015,1459215.2728488438,1458679.5469476727,535.7259011710994
2022-10-20,6.1442340240831355,0.006144234024083136,1597500.8462616154,1596914.3511800405,586.4950815748889
2022-10-21,6.4593328939010055,0.006459332893901005,1679426.5524142613,1678809.9797124926,616.5727017687168
2022-10-22,6.386618181831295,0.006386618181831295,1660520.7272761366,1659911.0955243413,609.6317517952994
2022-10-23,3.944067300408941,0.003944067300408941,1025457.4981063246,1025081.0189448826,376.47916144202463
2022-10-24,6.870349177172915,0.006870349177172915,1786290.7860649577,1785634.9799896486,655.8060753091704
2022-10-25,6.441309221567236,0.006441309221567236,1674740.3976074813,1674125.5453472084,614.8522602729499
2022-10-26,6.392896888541618,0.006392896888541618,1662153.1910208208,1661542.9599379145,610.231082906248
2022-10-27,5.585144203033086,0.005585144203033086,1452137.4927886024,1451604.365373187,533.1274154153652
2022-10-28,6.776169367815462,0.006776169367815462,1761804.0356320203,1761157.2194478442,646.8161841761321
2022-10-29,5.769230293511626,0.005769230293511626,1499999.8763130228,1499449.1770430477,550.6992699750699
2022-10-30,4.673167419054593,0.004673167419054593,1215023.5289541942,1214577.45387048,446.07508371421136
2022-10-31,4.389699409419628,0.004389699409419628,1141321.8464491032,1140902.8296761212,419.0167729819659
2022-11-01,4.943246815110167,0.004943246815110167,1285244.1719286435,1284772.3165382547,471.8553903887514
2022-11-02,5.384926908475749,0.005384926908475749,1400080.9962036947,1399566.9804396331,514.0157640615944
2022-11-03,5.901131514624232,0.005901131514624232,1534294.1938023001,1533730.9039608832,563.2898414169904
2022-11-04,6.009136843001226,0.006009136843001226,1562375.5791803189,1561801.9797391002,573.5994412186556
2022-11-05,5.769824497021096,0.005769824497021096,1500154.369225485,1499603.6132360827,550.7559894022997
2022-11-06,5.325015405752093,0.005325015405752093,1384504.0054955443,1383995.7085568951,508.2969386491459
2022-11-07,5.816748715717801,0.005816748715717801,1512354.6660866283,1511799.43096714,555.2351194883231
2022-11-08,5.4533201294596845,0.0054533201294596845,1417863.233659518,1417342.6894514612,520.5442080567591
2022-11-09,6.146687612160746,0.006146687612160746,1598138.779161794,1597552.0498740782,586.7292877158616
2022-11-10,4.924172453927687,0.004924172453927687,1280284.8380211988,1279814.803365335,470.034655863652
2022-11-11,4.400422750328723,0.004400422750328724,1144109.9150854682,1143689.8747208267,420.0403646414634
2022-11-12,4.458834843857645,0.004458834843857644,1159297.0594029876,1158871.4433383606,425.61606462695636
2022-11-13,5.265360977571462,0.005265360977571462,1368993.8541685801,1368491.2515164092,502.6026521709282
2022-11-14,5.563243444973089,0.0055632434449730895,1446443.2956930033,1445912.2588045495,531.0368884538766
2022-11-15,3.441372256109817,0.0034413722561098168,894756.7865885524,894428.2919553458,328.494633206632
2022-11-16,4.028724029537481,0.004028724029537481,1047468.2476797451,1047083.6876484889,384.5600312561728
2022-11-17,3.4574169296965307,0.0034574169296965307,898928.401721098,898598.3755508263,330.0261702716816
2022-11-18,2.4528466687099826,0.0024528466687099826,637740.1338645954,637505.9984945204,234.13537007500418
2022-11-19,1.9023288748919602,0.0019023288748919603,494605.5074719097,494423.92152900953,181.58594290015753
2022-11-20,1.7573948124336392,0.0017573948124336393,456922.6512327462,456754.8999052678,167.75132747838506
2022-11-21,2.7512668136149623,0.0027512668136149623,715329.3715398902,715066.7506097693,262.620930120931
2022-11-22,2.6687642484135496,0.00266876424841355,693878.704587523,693623.9589024722,254.74568505084608
2022-11-23,2.589893071719618,0.002589893071719618,673372.1986471006,673124.9815745713,247.21707252925262
2022-11-24,3.9299186746388686,0.003929918674638868,1021778.8554061058,1021403.7267953414,375.1286107643973
2022-11-25,2.852095578254806,0.0028520955782548063,741544.8503462496,741272.6048519745,272.245494275121
2022-11-26,5.297809645142662,0.005297809645142662,1377430.5077370922,1376924.8077120252,505.7000250669662
2022-11-27,5.050185779558867,0.0050501857795588675,1313048.3026853055,1312566.2394844017,482.0632009038236
2022-11-28,4.866053518119611,0.004866053518119611,1265173.914711099,1264709.427771983,464.48693911591545
2022-11-29,4.7653263127854,0.0047653263127854,1238984.841324204,1238529.9692549447,454.872069259407
2022-11-30,4.33740179339116,0.0043374017933911595,1127724.4662817016,1127310.441554019,414.02472768258303
2022-12-01,4.122429652382522,0.004122429652382522,1071831.7096194557,1071438.2049603257,393.50465913000517
2022-12-02,4.26493975744801,0.00426493975744801,1108884.3369364827,1108477.2290396884,407.1078967943322
2022-12-03,3.934604612512338,0.003934604612512338,1022997.1992532079,1022621.6233483618,375.575904846075
2022-12-04,2.704702277537879,0.002704702277537879,703222.5921598485,702964.4160264716,258.17613337689545
2022-12-05,2.774447881401967,0.002774447881401967,721356.4491645114,721091.6154960427,264.8336684687529
2022-12-06,1.7244997376721494,0.0017244997376721493,448369.9317947588,448205.32045177324,164.61134298559045
2022-12-07,3.3415294488750353,0.0033415294488750354,868797.6567075092,868478.6925243381,318.9641831710469
2022-12-08,3.7804272235616567,0.003780427223561657,982911.0781260307,982550.2191541588,360.8589718719013
2022-12-09,3.2353984043987207,0.0032353984043987207,841203.5851436674,840894.7516513757,308.833492291742
2022-12-10,2.851960850553488,0.002851960850553488,741509.8211439069,741237.5885100036,272.2326339032734
2022-12-11,2.8183906008000728,0.002818390600800073,732781.5562080189,732512.5280071321,269.02820088679437
2022-12-12,3.674524894146698,0.003674524894146698,955376.4724781414,955025.7223652559,350.75011288549285
2022-12-13,4.77808838398004,0.00477808838398004,1242302.9798348104,1241846.8895678136,456.0902669967618
2022-12-14,5.200657841669342,0.005200657841669342,1352171.0388340289,1351674.6123904497,496.42644357914105
2022-12-15,4.318533120726405,0.004318533120726406,1122818.6113888654,1122406.3877618036,412.22362706181593
2022-12-16,3.730133291844613,0.0037301332918446128,969834.6558795993,969478.5976922465,356.05818735272624
2022-12-17,3.9302515704294763,0.003930251570429476,1021865.4083116638,1021490.2479244822,375.1603871815605
2022-12-18,3.4173014216367683,0.0034173014216367682,888498.3696255598,888172.1726629777,326.19696258206386
2022-12-19,3.586648445865408,0.003586648445865408,932528.5959250061,932186.2340187711,342.3619062349899
2022-12-20,4.313028162114597,0.004313028162114598,1121387.3221497955,1120975.6239960697,411.69815372582525
2022-12-21,2.481685097710773,0.002481685097710773,645238.125404801,645001.2372755207,236.88812928029802
2022-12-22,4.093027121262109,0.004093027121262109,1064187.0515281484,1063796.3534743367,390.6980538116768
2022-12-23,3.0943732053943096,0.0030943732053943097,804537.0334025206,804241.6614068564,295.3719956642017
2022-12-24,3.1981061522302645,0.0031981061522302645,831507.5995798687,831202.3258026516,305.27377721713856
2022-12-25,3.426406103383907,0.003426406103383907,890865.5868798158,890538.5208339529,327.0660458628554
2022-12-26,4.117269600660036,0.004117269600660035,1070490.0961716091,1070097.084062884,393.01210872503
2022-12-27,4.311935086740345,0.004311935086740345,1121103.1225524899,1120691.5287377797,411.59381471015513
2022-12-28,4.2550213443638265,0.004255021344363827,1106305.5495345949,1105899.3883954384,406.16113915643655
2022-12-29,2.5791433533967907,0.002579143353396791,670577.2718831656,670331.0809201399,246.1909630256705
2022-12-30,2.7968245620527568,0.0027968245620527566,727174.3861337167,726907.4165093107,266.9696244059596
2022-12-31,4.542181067574421,0.004542181067574421,1180967.0775693494,1180533.50572861,433.5718407393433
